"date","gdp_nom","gdp_defl","cpi","ur","m1p","m1pp","m2p","m2pp","m2","m3","policy","ommfr_1d","tb_3m","gov_10y","gov_long","osptx","tsx60","reer","xr_usd"
"1914-01-01",,,4.69331507347913,,,,,,,,,,,,,,,,
"1914-02-01",,,4.70599546701853,,,,,,,,,,,,,,,,
"1914-03-01",,,4.70434982952495,,,,,,,,,,,,,,,,
"1914-04-01",,,4.72976153337008,,,,,,,,,,,,,,,,
"1914-05-01",,,4.67832133332601,,,,,,,,,,,,,,,,
"1914-06-01",,,4.72803993825863,,,,,,,,,,,,,,,,
"1914-07-01",,,4.6753245661418,,,,,,,,,,,,,,,,
"1914-08-01",,,4.75112636175286,,,,,,,,,,,,,,,,
"1914-09-01",,,4.75522698916503,,,,,,,,,,,,,,,,
"1914-10-01",,,4.80195140525361,,,,,,,,,,,,,,,,
"1914-11-01",,,4.77675681453782,,,,,,,,,,,,,,,,
"1914-12-01",,,4.79425229120041,,,,,,,,,,,,,,,,
"1915-01-01",,,4.77097867273617,,,,,,,,,,,,,,,,
"1915-02-01",,,4.78638686358503,,,,,,,,,,,,,,,,
"1915-03-01",,,4.78312827117573,,,,,,,,,,,,,,,,
"1915-04-01",,,4.8127084957002,,,,,,,,,,,,,,,,
"1915-05-01",,,4.83432937526397,,,,,,,,,,,,,,,,
"1915-06-01",,,4.80758180922621,,,,,,,,,,,,,,,,
"1915-07-01",,,4.83303608083952,,,,,,,,,,,,,,,,
"1915-08-01",,,4.82843559074904,,,,,,,,,,,,,,,,
"1915-09-01",,,4.8322287701946,,,,,,,,,,,,,,,,
"1915-10-01",,,4.80018805297927,,,,,,,,,,,,,,,,
"1915-11-01",,,4.93433545853896,,,,,,,,,,,,,,,,
"1915-12-01",,,4.95122114165171,,,,,,,,,,,,,,,,
"1916-01-01",,,5.0034276154735,,,,,,,,,,,,,,,,
"1916-02-01",,,5.10468263514702,,,,,,,,,,,,,,,,
"1916-03-01",,,5.09822876441846,,,,,,,,,,,,,,,,
"1916-04-01",,,5.139418070227,,,,,,,,,,,,,,,,
"1916-05-01",,,5.14470701411502,,,,,,,,,,,,,,,,
"1916-06-01",,,5.20534348128046,,,,,,,,,,,,,,,,
"1916-07-01",,,5.22671561543482,,,,,,,,,,,,,,,,
"1916-08-01",,,5.21913048948788,,,,,,,,,,,,,,,,
"1916-09-01",,,5.37738205383313,,,,,,,,,,,,,,,,
"1916-10-01",,,5.42822221318194,,,,,,,,,,,,,,,,
"1916-11-01",,,5.56219279554258,,,,,,,,,,,,,,,,
"1916-12-01",,,5.66184434598405,,,,,,,,,,,,,,,,
"1917-01-01",,,5.78406531592455,,,,,,,,,,,,,,,,
"1917-02-01",,,5.81730705930571,,,,,,,,,,,,,,,,
"1917-03-01",,,5.96238457574674,,,,,,,,,,,,,,,,
"1917-04-01",,,6.02486460674213,,,,,,,,,,,,,,,,
"1917-05-01",,,6.24993855044766,,,,,,,,,,,,,,,,
"1917-06-01",,,6.31291163004905,,,,,,,,,,,,,,,,
"1917-07-01",,,6.33062926169719,,,,,,,,,,,,,,,,
"1917-08-01",,,6.31671170936612,,,,,,,,,,,,,,,,
"1917-09-01",,,6.31219409321012,,,,,,,,,,,,,,,,
"1917-10-01",,,6.44605905246324,,,,,,,,,,,,,,,,
"1917-11-01",,,6.42839309128806,,,,,,,,,,,,,,,,
"1917-12-01",,,6.53016690442417,,,,,,,,,,,,,,,,
"1918-01-01",,,6.56449162085032,,,,,,,,,,,,,,,,
"1918-02-01",,,6.68972817844576,,,,,,,,,,,,,,,,
"1918-03-01",,,6.75098361821992,,,,,,,,,,,,,,,,
"1918-04-01",,,6.83510230513468,,,,,,,,,,,,,,,,
"1918-05-01",,,6.87807866387236,,,,,,,,,,,,,,,,
"1918-06-01",,,6.94965337154473,,,,,,,,,,,,,,,,
"1918-07-01",,,7.03672103698316,,,,,,,,,,,,,,,,
"1918-08-01",,,7.25286936811449,,,,,,,,,,,,,,,,
"1918-09-01",,,7.24366608108477,,,,,,,,,,,,,,,,
"1918-10-01",,,7.30303590207902,,,,,,,,,,,,,,,,
"1918-11-01",,,7.37719891295667,,,,,,,,,,,,,,,,
"1918-12-01",,,7.39928751829437,,,,,,,,,,,,,,,,
"1919-01-01",,,7.42684855034223,,,,,,,,,,,,,,,,
"1919-02-01",,,7.39934921752276,,,,,,,,,,,,,,,,
"1919-03-01",,,7.38219288596185,,,,,,,,,,,,,,,,
"1919-04-01",,,7.4786261450671,,,,,,,,,,,,,,,,
"1919-05-01",,,7.67495188419074,,,,,,,,,,,,,,,,
"1919-06-01",,,7.66817918221524,,,,,,,,,,,,,,,,
"1919-07-01",,,7.74714277332868,,,,,,,,,,,,,,,,
"1919-08-01",,,7.87180237107767,,,,,,,,,,,,,,,,
"1919-09-01",,,7.86105589060204,,,,,,,,,,,,,,,,
"1919-10-01",,,7.84383173655079,,,,,,,,,,,,,,,,
"1919-11-01",,,7.93322239671893,,,,,,,,,,,,,,,,
"1919-12-01",,,8.02745617556215,,,,,,,,,,,,,,,,
"1920-01-01",,,8.29136752194627,,,,,,,,,,,,,,,,
"1920-02-01",,,8.49931268518285,,,,,,,,,,,,,,,,
"1920-03-01",,,8.79682700766234,,,,,,,,,,,,,,,,
"1920-04-01",,,8.99001238557503,,,,,,,,,,,,,,,,
"1920-05-01",,,9.1837853646002,,,,,,,,,,,,,,,,
"1920-06-01",,,9.3412536024896,,,,,,,,,,,,,,,,
"1920-07-01",,,9.33625027755412,,,,,,,,,,,,,,,,
"1920-08-01",,,9.20217656189243,,,,,,,,,,,,,,,,
"1920-09-01",,,9.03001049607169,,,,,,,,,,,,,,,,
"1920-10-01",,,9.0164767294151,,,,,,,,,,,,,,,,
"1920-11-01",,,8.87789612081917,,,,,,,,,,,,,,,,
"1920-12-01",,,8.81212737522968,,,,,,,,,,,,,,,,
"1921-01-01",,,8.60980857816706,,,,,,,,,,,,,,,,
"1921-02-01",,,8.49147507458958,,,,,,,,,,,,,,,,
"1921-03-01",,,8.24267485786014,,,,,,,,,,,,,,,,
"1921-04-01",,,8.10572972471501,,,,,,,,,,,,,,,,
"1921-05-01",,,7.92681767332948,,,,,,,,,,,,,,,,
"1921-06-01",,,7.68693264235031,,,,,,,,,,,,,,,,
"1921-07-01",,,7.68607810670049,,,,,,,,,,,,,,,,
"1921-08-01",,,7.62721311358447,,,,,,,,,,,,,,,,
"1921-09-01",,,7.61615204353181,,,,,,,,,,,,,,,,
"1921-10-01",,,7.60652493414843,,,,,,,,,,,,,,,,
"1921-11-01",,,7.38341910447343,,,,,,,,,,,,,,,,
"1921-12-01",,,7.38997541931085,,,,,,,,,,,,,,,,
"1922-01-01",,,7.35906640171189,,,,,,,,,,,,,,,,
"1922-02-01",,,7.3035953186841,,,,,,,,,,,,,,,,
"1922-03-01",,,7.21651707432913,,,,,,,,,,,,,,,,
"1922-04-01",,,7.2987441826576,,,,,,,,,,,,,,,,
"1922-05-01",,,7.21841990706689,,,,,,,,,,,,,,,,
"1922-06-01",,,7.21779394120885,,,,,,,,,,,,,,,,
"1922-07-01",,,7.22382175612178,,,,,,,,,,,,,,,,
"1922-08-01",,,7.23754766501938,,,,,,,,,,,,,,,,
"1922-09-01",,,7.22935515253928,,,,,,,,,,,,,,,,
"1922-10-01",,,7.21794539811944,,,,,,,,,,,,,,,,
"1922-11-01",,,7.22491629627231,,,,,,,,,,,,,,,,
"1922-12-01",,,7.22638030129631,,,,,,,,,,,,,,,,
"1923-01-01",,,7.20147660677672,,,,,,,,,,,,,,,,
"1923-02-01",,,7.21411904389548,,,,,,,,,,,,,,,,
"1923-03-01",,,7.28942759742146,,,,,,,,,,,,,,,,
"1923-04-01",,,7.28489573447143,,,,,,,,,,,,,,,,
"1923-05-01",,,7.30360971943827,,,,,,,,,,,,,,,,
"1923-06-01",,,7.30424709254203,,,,,,,,,,,,,,,,
"1923-07-01",,,7.23452547069218,,,,,,,,,,,,,,,,
"1923-08-01",,,7.24347866708693,,,,,,,,,,,,,,,,
"1923-09-01",,,7.23834963778732,,,,,,,,,,,,,,,,
"1923-10-01",,,7.22170455124637,,,,,,,,,,,,,,,,
"1923-11-01",,,7.22018896610974,,,,,,,,,,,,,,,,
"1923-12-01",,,7.2186880552913,,,,,,,,,,,,,,,,
"1924-01-01",,,7.19842261378214,,,,,,,,,,,,,,,,
"1924-02-01",,,7.20446635128325,,,,,,,,,,,,,,,,
"1924-03-01",,,7.20826750855458,,,,,,,,,,,,,,,,
"1924-04-01",,,7.11990868930425,,,,,,,,,,,,,,,,
"1924-05-01",,,7.06834431430237,,,,,,,,,,,,,,,,
"1924-06-01",,,6.99220375384528,,,,,,,,,,,,,,,,
"1924-07-01",,,7.00126896168311,,,,,,,,,,,,,,,,
"1924-08-01",,,7.09101141474473,,,,,,,,,,,,,,,,
"1924-09-01",,,7.0877849970745,,,,,,,,,,,,,,,,
"1924-10-01",,,7.0693428016143,,,,,,,,,,,,,,,,
"1924-11-01",,,7.13632889023404,,,,,,,,,,,,,,,,
"1924-12-01",,,7.13647599642351,,,,,,,,,,,,,,,,
"1925-01-01",,,7.19305762597982,,,,,,,,,,,,,,,,
"1925-02-01",,,7.19690214017056,,,,,,,,,,,,,,,,
"1925-03-01",,,7.21272946024629,,,,,,,,,,,,,,,,
"1925-04-01",,,7.19786979456892,,,,,,,,,,,,,,,,
"1925-05-01",,,7.15041793440936,,,,,,,,,,,,,,,,
"1925-06-01",,,7.15423962949195,,,,,,,,,,,,,,,,
"1925-07-01",,,7.1566481955774,,,,,,,,,,,,,,,,
"1925-08-01",,,7.17094823119791,,,,,,,,,,,,,,,,
"1925-09-01",,,7.17242890722496,,,,,,,,,,,,,,,,
"1925-10-01",,,7.22965819667326,,,,,,,,,,,,,,,,
"1925-11-01",,,7.21089614510943,,,,,,,,,,,,,,,,
"1925-12-01",,,7.29028815679611,,,,,,,,,,,,,,,,
"1926-01-01",,,7.18994863320158,,,,,,,,,,,,,,,,
"1926-02-01",,,7.19230239252328,,,,,,,,,,,,,,,,
"1926-03-01",,,7.2208915342825,,,,,,,,,,,,,,,,
"1926-04-01",,,7.28014264220793,,,,,,,,,,,,,,,,
"1926-05-01",,,7.30890144856613,,,,,,,,,,,,,,,,
"1926-06-01",,,7.31318465104734,,,,,,,,,,,,,,,,
"1926-07-01",,,7.30760573084085,,,,,,,,,,,,,,,,
"1926-08-01",,,7.24741554470928,,,,,,,,,,,,,,,,
"1926-09-01",,,7.25570699198733,,,,,,,,,,,,,,,,
"1926-10-01",,,7.23105450772533,,,,,,,,,,,,,,,,
"1926-11-01",,,7.21162702679561,,,,,,,,,,,,,,,,
"1926-12-01",,,7.20947032656292,,,,,,,,,,,,,,,,
"1927-01-01",,,7.18863765663379,,,,,,,,,,,,,,,,
"1927-02-01",,,7.19145237390094,,,,,,,,,,,,,,,,
"1927-03-01",,,7.15369251471918,,,,,,,,,,,,,,,,
"1927-04-01",,,7.12719334210185,,,,,,,,,,,,,,,,
"1927-05-01",,,7.14837487869897,,,,,,,,,,,,,,,,
"1927-06-01",,,7.15247373383531,,,,,,,,,,,,,,,,
"1927-07-01",,,7.21757369918411,,,,,,,,,,,,,,,,
"1927-08-01",,,7.08299133341423,,,,,,,,,,,,,,,,
"1927-09-01",,,7.09761344667286,,,,,,,,,,,,,,,,
"1927-10-01",,,7.07674678588047,,,,,,,,,,,,,,,,
"1927-11-01",,,7.13431069220015,,,,,,,,,,,,,,,,
"1927-12-01",,,7.12901543053437,,,,,,,,,,,,,,,,
"1928-01-01",,,7.19255387771965,,,,,,,,,,,,,,,,
"1928-02-01",,,7.19619204128704,,,,,,,,,,,,,,,,
"1928-03-01",,,7.16130712585038,,,,,,,,,,,,,,,,
"1928-04-01",,,7.212132851344,,,,,,,,,,,,,,,,
"1928-05-01",,,7.14418993676444,,,,,,,,,,,,,,,,
"1928-06-01",,,7.14845989540168,,,,,,,,,,,,,,,,
"1928-07-01",,,7.13094334881351,,,,,,,,,,,,,,,,
"1928-08-01",,,7.22973716436171,,,,,,,,,,,,,,,,
"1928-09-01",,,7.25380676742771,,,,,,,,,,,,,,,,
"1928-10-01",,,7.23895624765682,,,,,,,,,,,,,,,,
"1928-11-01",,,7.21620381337223,,,,,,,,,,,,,,,,
"1928-12-01",,,7.20367699159292,,,,,,,,,,,,,,,,
"1929-01-01",,,7.19692211888484,,,,,,,,,,,,,,,,
"1929-02-01",,,7.20321353250282,,,,,,,,,,,,,,,,
"1929-03-01",,,7.24779235080338,,,,,,,,,,,,,,,,
"1929-04-01",,,7.21357049801333,,,,,,,,,,,,,,,,
"1929-05-01",,,7.29996834390184,,,,,,,,,,,,,,,,
"1929-06-01",,,7.30461022156275,,,,,,,,,,,,,,,,
"1929-07-01",,,7.28332075524407,,,,,,,,,,,,,,,,
"1929-08-01",,,7.22002996114756,,,,,,,,,,,,,,,,
"1929-09-01",,,7.24660291585371,,,,,,,,,,,,,,,,
"1929-10-01",,,7.32507811457909,,,,,,,,,,,,,,,,
"1929-11-01",,,7.29875960136313,,,,,,,,,,,,,,,,
"1929-12-01",,,7.35778598282413,,,,,,,,,,,,,,,,
"1930-01-01",,,7.35959095771438,,,,,,,,,,,,,,,,
"1930-02-01",,,7.36857311532356,,,,,,,,,,,,,,,,
"1930-03-01",,,7.32904674684444,,,,,,,,,,,,,,,,
"1930-04-01",,,7.28999589387222,,,,,,,,,,,,,,,,
"1930-05-01",,,7.29561067685073,,,,,,,,,,,,,,,,
"1930-06-01",,,7.30155539769825,,,,,,,,,,,,,,,,
"1930-07-01",,,7.28220343490691,,,,,,,,,,,,,,,,
"1930-08-01",,,7.2138270105639,,,,,,,,,,,,,,,,
"1930-09-01",,,7.0029039824067,,,,,,,,,,,,,,,,
"1930-10-01",,,7.01586333718383,,,,,,,,,,,,,,,,
"1930-11-01",,,6.99211379367869,,,,,,,,,,,,,,,,
"1930-12-01",,,6.88570950253481,,,,,,,,,,,,,,,,
"1931-01-01",,,6.8156259849426,,,,,,,,,,,,,,,,
"1931-02-01",,,6.75055355952423,,,,,,,,,,,,,,,,
"1931-03-01",,,6.6977878119789,,,,,,,,,,,,,,,,
"1931-04-01",,,6.64828035636118,,,,,,,,,,,,,,,,
"1931-05-01",,,6.58116856196285,,,,,,,,,,,,,,,,
"1931-06-01",,,6.50592523895733,,,,,,,,,,,,,,,,
"1931-07-01",,,6.41002089080523,,,,,,,,,,,,,,,,
"1931-08-01",,,6.4305417018711,,,,,,,,,,,,,,,,
"1931-09-01",,,6.36598640953741,,,,,,,,,,,,,,,,
"1931-10-01",,,6.23137311296133,,,,,,,,,,,,,,,,
"1931-11-01",,,6.20978409943904,,,,,,,,,,,,,,,,
"1931-12-01",,,6.18271343619396,,,,,,,,,,,,,,,,
"1932-01-01",,,6.11470709137146,,,,,,,,,,,,,,,,
"1932-02-01",,,5.97192173146691,,,,,,,,,,,,,,,,
"1932-03-01",,,5.98603200309341,,,,,,,,,,,,,,,,
"1932-04-01",,,6.00713901074946,,,,,,,,,,,,,,,,
"1932-05-01",,,5.8653221552786,,,,,,,,,,,,,,,,
"1932-06-01",,,5.86916015555677,,,,,,,,,,,,,,,,
"1932-07-01",,,5.85746109644296,,,,,,,,,,,,,,,,
"1932-08-01",,,5.80708169260657,,,,,,,,,,,,,,,,
"1932-09-01",,,5.81173901598614,,,,,,,,,,,,,,,,
"1932-10-01",,,5.76097587243411,,,,,,,,,,,,,,,,
"1932-11-01",,,5.73881529524831,,,,,,,,,,,,,,,,
"1932-12-01",,,5.71530281559397,,,,,,,,,,,,,,,,
"1933-01-01",,,5.64519950442778,,,,,,,,,,,,,,,,
"1933-02-01",,,5.66099511291995,,,,,,,,,,,,,,,,
"1933-03-01",,,5.58755744410311,,,,,,,,,,,,,,,,
"1933-04-01",,,5.60586571076252,,,,,,,,,,,,,,,,
"1933-05-01",,,5.62818909394159,,,,,,,,,,,,,,,,
"1933-06-01",,,5.63118319193703,,,,,,,,,,,,,,,,
"1933-07-01",,,5.61810808152682,,,,,,,,,,,,,,,,
"1933-08-01",,,5.65851498075587,,,,,,,,,,,,,,,,
"1933-09-01",,,5.65508973063055,,,,,,,,,,,,,,,,
"1933-10-01",,,5.60004238256262,,,,,,,,,,,,,,,,
"1933-11-01",,,5.57894462929175,,,,,,,,,,,,,,,,
"1933-12-01",,,5.56458039817455,,,,,,,,,,,,,,,,
"1934-01-01",,,5.6475561585053,,,,,,,,,,,,,,,,
"1934-02-01",,,5.66078591032914,,,,,,,,,,,,,,,,
"1934-03-01",,,5.74056265501854,,,,,,,,,,,,,,,,
"1934-04-01",,,5.76114137787363,,,,,,,,,,,,,,,,
"1934-05-01",,,5.70484757140431,,,,,,,,,,,,,,,,
"1934-06-01",,,5.70998683103535,,,,,,,,,,,,,,,,
"1934-07-01",,,5.69669195652868,,,,,,,,,,,,,,,,
"1934-08-01",,,5.66630164317292,,,,,,,,,,,,,,,,
"1934-09-01",,,5.66015301439491,,,,,,,,,,,,,,,,
"1934-10-01",,,5.67099415546673,,,,,,,,,,,,,,,,
"1934-11-01",,,5.65374749984482,,,,,,,,,,,,,,,,
"1934-12-01",,,5.64645136722565,,,,,,,,,,,,,,,,
"1935-01-01",,,5.65000978520255,,,,,,,,,,,,,,,,
"1935-02-01",,,5.6627367837706,,,,,,,,,,,,,,,,
"1935-03-01",,,5.65590368994946,,,,,,,,,,,,,,,,
"1935-04-01",,,5.68184377993652,,,,,,,,,,,,,,,,
"1935-05-01",,,5.70659037451375,,,,,,,,,,,,,,,,
"1935-06-01",,,5.71279098855171,,,,,,,,,,,,,,,,
"1935-07-01",,,5.69112268514876,,,,,,,,,,,,,,,,
"1935-08-01",,,5.67265187235653,,,,,,,,,,,,,,,,
"1935-09-01",,,5.7458127200848,,,,,,,,,,,,,,,,
"1935-10-01",,,5.73771388476177,,,,,,,,,,,,,,,,
"1935-11-01",,,5.80460812052632,,,,,,,,,,,,,,,,
"1935-12-01",,,5.807154690117,,,,,,,,,,,,,,,,
"1936-01-01",,,5.8116786320723,,,,,,,,,,,,,,,,
"1936-02-01",,,5.82230937945577,,,,,,,,,,,,,,,,
"1936-03-01",,,5.81247491307646,,,,,,,,,,,,,,,,
"1936-04-01",,,5.76191067922355,,,,,,,,,,,,,,,,
"1936-05-01",,,5.78502531540381,,,,,,,,,,,,,,,,
"1936-06-01",,,5.7935510975168,,,,,,,,,,,,,,,,
"1936-07-01",,,5.84579536809664,,,,,,,,,,,,,,,,
"1936-08-01",,,5.83256511363728,,,,,,,,,,,,,,,,
"1936-09-01",,,5.82827127508276,,,,,,,,,,,,,,,,
"1936-10-01",,,5.88499459434102,,,,,,,,,,,,,,,,
"1936-11-01",,,5.87691683228463,,,,,,,,,,,,,,,,
"1936-12-01",,,5.88578251794186,,,,,,,,,,,,,,,,
"1937-01-01",,,5.97436250528214,,,,,,,,,,,,,,,,
"1937-02-01",,,5.98651547167917,,,,,,,,,,,,,,,,
"1937-03-01",,,5.96907969716301,,,,,,,,,,,,,,,,
"1937-04-01",,,6.00039586385667,,,,,,,,,,,,,,,,
"1937-05-01",,,6.02367238226954,,,,,,,,,,,,,,,,
"1937-06-01",,,6.0342608791699,,,,,,,,,,,,,,,,
"1937-07-01",,,5.99680087033835,,,,,,,,,,,,,,,,
"1937-08-01",,,6.07159536857523,,,,,,,,,,,,,,,,
"1937-09-01",,,6.06444095147418,,,,,,,,,,,,,,,,
"1937-10-01",,,6.1111393810145,,,,,,,,,,,,,,,,
"1937-11-01",,,6.10747800061123,,,,,,,,,,,,,,,,
"1937-12-01",,,6.12155465431909,,,,,,,,,,,,,,,,
"1938-01-01",,,6.05898223338542,,,,,,,,,,,,,,,,
"1938-02-01",,,6.07131389958171,,,,,,,,,,,,,,,,
"1938-03-01",,,6.13268567882291,,,,,,,,,,,,,,,,
"1938-04-01",,,6.1607238485993,,,,,,,,,,,,,,,,
"1938-05-01",,,6.10075056071471,,,,,,,,,,,,,,,,
"1938-06-01",,,6.11179380980153,,,,,,,,,,,,,,,,
"1938-07-01",,,6.15129713266288,,,,,,,,,,,,,,,,
"1938-08-01",,,6.14901791697246,,,,,,,,,,,,,,,,
"1938-09-01",,,6.05785247655481,,,,,,,,,,,,,,,,
"1938-10-01",,,5.95104837225552,,,,,,,,,,,,,,,,
"1938-11-01",,,5.94554834013151,,,,,,,,,,,,,,,,
"1938-12-01",,,5.96472802872893,,,,,,,,,,,,,,,,
"1939-01-01",,,5.98722556059211,,,,,,,,,,,,,,,,
"1939-02-01",,,6.00455360564631,,,,,,,,,,,,,,,,
"1939-03-01",,,5.9800238054124,,,,,,,,,,,,,,,,
"1939-04-01",,,6.00350601467414,,,,,,,,,,,,,,,,
"1939-05-01",,,6.02174060042023,,,,,,,,,,,,,,,,
"1939-06-01",,,6.03087682604894,,,,,,,,,,,,,,,,
"1939-07-01",,,5.98680574568172,,,,,,,,,,,,,,,,
"1939-08-01",,,5.98726436940367,,,,,,,,,,,,,,,,
"1939-09-01",,,5.9709856796372,,,,,,,,,,,,,,,,
"1939-10-01",,,6.10736923268455,,,,,,,,,,,,,,,,
"1939-11-01",,,6.09637484317949,,,,,,,,,,,,,,,,
"1939-12-01",,,6.12346523778421,,,,,,,,,,,,,,,,
"1940-01-01",,,6.15428985933074,,,,,,,,,,,,,,,,
"1940-02-01",,,6.17293017078932,,,,,,,,,,,,,,,,
"1940-03-01",,,6.22537608535759,,,,,,,,,,,,,,,,
"1940-04-01",,,6.24193859750792,,,,,,,,,,,,,,,,
"1940-05-01",,,6.25530235045503,,,,,,,,,,,,,,,,
"1940-06-01",,,6.26303083603915,,,,,,,,,,,,,,,,
"1940-07-01",,,6.2967210086009,,,,,,,,,,,,,,,,
"1940-08-01",,,6.29735952745654,,,,,,,,,,,,,,,,
"1940-09-01",,,6.35359917796872,,,,,,,,,,,,,,,,
"1940-10-01",,,6.34537658126227,,,,,,,,,,,,,,,,
"1940-11-01",,,6.32544731199389,,,,,,,,,,,,,,,,
"1940-12-01",,,6.43978443644643,,,,,,,,,,,,,,,,
"1941-01-01",,,6.4815027867919,,,,,,,,,,,,,,,,
"1941-02-01",,,6.49964453100665,,,,,,,,,,,,,,,,
"1941-03-01",,,6.46866367114725,,,,,,,,,,,,,,,,
"1941-04-01",,,6.4809857100501,,,,,,,,,,,,,,,,
"1941-05-01",,,6.48812205604516,,,,,,,,,,,,,,,,
"1941-06-01",,,6.65357838182398,,,,,,,,,,,,,,,,
"1941-07-01",,,6.68296412891173,,,,,,,,,,,,,,,,
"1941-08-01",,,6.76449422560954,,,,,,,,,,,,,,,,
"1941-09-01",,,6.81798142342133,,,,,,,,,,,,,,,,
"1941-10-01",,,6.81732558470935,,,,,,,,,,,,,,,,
"1941-11-01",,,6.87003375843769,,,,,,,,,,,,,,,,
"1941-12-01",,,6.83545392868561,,,,,,,,,,,,,,,,
"1942-01-01",,,6.88817554459409,,,,,,,,,,,,,,,,
"1942-02-01",,,6.89813934122051,,,,,,,,,,,,,,,,
"1942-03-01",,,6.95141006504657,,,,,,,,,,,,,,,,
"1942-04-01",,,6.9584826132806,,,,,,,,,,,,,,,,
"1942-05-01",,,6.95811774185951,,,,,,,,,,,,,,,,
"1942-06-01",,,6.95939144160107,,,,,,,,,,,,,,,,
"1942-07-01",,,6.99323188090823,,,,,,,,,,,,,,,,
"1942-08-01",,,6.99562824743953,,,,,,,,,,,,,,,,
"1942-09-01",,,6.89349683049882,,,,,,,,,,,,,,,,
"1942-10-01",,,6.97544817362394,,,,,,,,,,,,,,,,
"1942-11-01",,,7.02906105822032,,,,,,,,,,,,,,,,
"1942-12-01",,,7.0744273952646,,,,,,,,,,,,,,,,
"1943-01-01",,,6.97435903471077,,,,,,,,,,,,,,,,
"1943-02-01",,,6.9776368184997,,,,,,,,,,,,,,,,
"1943-03-01",,,6.95624683535096,,,,,,,,,,,,,,,,
"1943-04-01",,,7.11906043469055,,,,,,,,,,,,,,,,
"1943-05-01",,,7.11548000596816,,,,,,,,,,,,,,,,
"1943-06-01",,,7.10658020938306,,,,,,,,,,,,,,,,
"1943-07-01",,,7.14585207117419,,,,,,,,,,,,,,,,
"1943-08-01",,,7.14861175262019,,,,,,,,,,,,,,,,
"1943-09-01",,,7.20885269791011,,,,,,,,,,,,,,,,
"1943-10-01",,,7.2106691572021,,,,,,,,,,,,,,,,
"1943-11-01",,,7.19259011620724,,,,,,,,,,,,,,,,
"1943-12-01",,,7.23419482909662,,,,,,,,,,,,,,,,
"1944-01-01",,,7.21412531740942,,,,,,,,,,,,,,,,
"1944-02-01",,,7.20967037140806,,,,,,,,,,,,,,,,
"1944-03-01",,,7.19818110992086,,,,,,,,,,,,,,,,
"1944-04-01",,,7.2020514183623,,,,,,,,,,,,,,,,
"1944-05-01",,,7.19423513869127,,,,,,,,,,,,,,,,
"1944-06-01",,,7.17299030935059,,,,,,,,,,,,,,,,
"1944-07-01",,,7.14505560224035,,,,,,,,,,,,,,,,
"1944-08-01",,,7.14948324307946,,,,,,,,,,,,,,,,
"1944-09-01",,,7.13206676172826,,,,,,,,,,,,,,,,
"1944-10-01",,,7.12967382545905,,,,,,,,,,,,,,,,
"1944-11-01",,,7.1268276210218,,,,,,,,,,,,,,,,
"1944-12-01",,,7.07885419819235,,,,,,,,,,,,,,,,
"1945-01-01",,,7.13010155281785,,,,,,,,,,,,,,,,
"1945-02-01",,,7.20200768190026,,,,,,,,,,,,,,,,
"1945-03-01",,,7.20077115618488,,,,,,,,,,,,,,,,
"1945-04-01",,,7.204827953284,,,,,,,,,,,,,,,,
"1945-05-01",,,7.19524529131447,,,,,,,,,,,,,,,,
"1945-06-01",,,7.2410523077996,,,,,,,,,,,,,,,,
"1945-07-01",,,7.22757616390892,,,,,,,,,,,,,,,,
"1945-08-01",,,7.23271760167624,,,,,,,,,,,,,,,,
"1945-09-01",,,7.21326912084644,,,,,,,,,,,,,,,,
"1945-10-01",,,7.2046097837017,,,,,,,,,,,,,,,,
"1945-11-01",,,7.21587408785284,,,,,,,,,,,,,,,,
"1945-12-01",,,7.23656756625799,,,,,,,,,,,,,,,,
"1946-01-01",,,7.27920739992239,,,,,,,,,,,,,,,,
"1946-02-01",,,7.27070986976312,,,,,,,,,,,,,,,,
"1946-03-01",,,7.280769836335,,,,,,,,,,,,,,,,
"1946-04-01",,,7.2862977229592,,,,,,,,,,,,,,,,
"1946-05-01",,,7.27658116013035,,,,,,,,,,,,,,,,
"1946-06-01",,,7.39334494856813,,,,,,,,,,,,,,,,
"1946-07-01",,,7.4725356220881,,,,,,,,,,,,,,,,
"1946-08-01",,,7.55190706862953,,,,,,,,,,,,,,,,
"1946-09-01",,,7.52896605394079,,,,,,,,,,,,,,,,
"1946-10-01",,,7.59263306144414,,,,,,,,,,,,,,,,
"1946-11-01",,,7.6138656271782,,,,,,,,,,,,,,,,
"1946-12-01",,,7.63080758000986,,,,,,,,,,,,,,,,
"1947-01-01",,,7.66346874301843,,,,,,,,,,,,,,,,
"1947-02-01",,,7.65857994193677,,,,,,,,,,,,,,,,
"1947-03-01",,,7.75375925629975,,,,,,,,,,,,,,,,
"1947-04-01",,,7.83847539755666,,,,,,,,,,,,,,,,
"1947-05-01",,,7.9902639987543,,,,,,,,,,,,,,,,
"1947-06-01",,,8.02475430059949,,,,,,,,,,,,,,,,
"1947-07-01",,,8.11344072417973,,,,,,,,,,,,,,,,
"1947-08-01",,,8.1077260414716,,,,,,,,,,,,,,,,
"1947-09-01",,,8.31656810291528,,,,,,,,,,,,,,,,
"1947-10-01",,,8.45030666358841,,,,,,,,,,,,,,,,
"1947-11-01",,,8.5540680189549,,,,,,,,,,,,,,,,
"1947-12-01",,,8.73403590130446,,,,,,,,,,,,,,,,
"1948-01-01",,,8.83950903050633,,,,,,,,,,,,,,,,
"1948-02-01",,,8.99516674799249,,,,,,,,,,,,,,,,
"1948-03-01",,,9.01469882669781,,,,,,,,,,,,,,,,
"1948-04-01",,,9.09791686986349,,,,,,,,,,,,,,,,
"1948-05-01",,,9.17665029835994,,,,,,,,,,,,,,,,
"1948-06-01",,,9.29380999217352,,,,,,,,,,,,,,,,
"1948-07-01",,,9.30868479578706,,,,,,,,,,,,,,,,
"1948-08-01",,,9.37334215784308,,,,,,,,,,,,,,,,
"1948-09-01",,,9.49555445736461,,,,,,,,,,,,,,,,
"1948-10-01",,,9.46459271946554,,,,,,,,,,,,,,,,
"1948-11-01",,,9.49107301852845,,,,,,,,,,,,,,,,
"1948-12-01",,,9.52107276926245,,,,,,,,,,,,,,,,
"1949-01-01",,,9.54348642404659,,,,,,,,,,,,,,,,
"1949-02-01",,,9.54293591447528,,,,,,,,,,,,,,,,
"1949-03-01",,,9.56426459681807,,,,,,,,,,,,,,,,
"1949-04-01",,,9.56139603273194,,,,,,,,,,,,,,,,
"1949-05-01",,,9.57234372820302,,,,,,,,,,,,,,,,
"1949-06-01",,,9.54133021871785,,,,,,,,,,,,,,,,
"1949-07-01",,,9.55767708857265,,,,,,,,,,,,,,,,
"1949-08-01",,,9.61563080056245,,,,,,,,,,,,,,,,
"1949-09-01",,,9.57611780938084,,,,,,,,,,,,,,,,
"1949-10-01",,,9.62210282575682,,,,,,,,,,,,,,,,
"1949-11-01",,,9.64122928126524,,,,,,,,,,,,,,,,
"1949-12-01",,,9.59914530825603,,,,,,,,,,,,,,,,
"1950-01-01",,,9.5388223881146,,,,,,,,,,,,,,,,
"1950-02-01",,,9.61643402723313,,,,,,,,,,,,,,,,
"1950-03-01",,,9.71910853008231,,,,,,,,,,,,,,,,
"1950-04-01",,,9.71045181639744,,,,,,,,,,,,,,,,
"1950-05-01",,,9.73187079207833,,,,,,,,,,,,,,,,
"1950-06-01",,,9.71134652610859,,,,,,,,,,,,,,,,
"1950-07-01",,,9.80226670886861,,,,,,,,,,,,,,,,
"1950-08-01",,,9.85150295382506,,,,,,,,,,,,,,,,
"1950-09-01",,,9.97155377993805,,,,,,,,,,,,,,,,
"1950-10-01",,,10.094629222273,,,,,,,,,,,,,,,,
"1950-11-01",,,10.1068233285946,,,,,,,,,,,,,,,,
"1950-12-01",,,10.1473391304983,,,,,,,,,,,,,,,,
"1951-01-01",,,10.2432474467102,,,,,,,,,,,,,,,,
"1951-02-01",,,10.4785232166961,,,,,,,,,,,,,,,,
"1951-03-01",,,10.589469672688,,,,,,,,,,,,,,,,
"1951-04-01",,,10.733797273105,,,,,,,,,,,,,,,,
"1951-05-01",,,10.7644215839907,,,,,,,,,,,,,,,,
"1951-06-01",,,10.9831517309086,,,,,,,,,,,,,,,,
"1951-07-01",,,10.9885040986475,,,,,,,,,,,,,,,,
"1951-08-01",,,11.0291863807728,,,,,,,,,,,,,,,,
"1951-09-01",,,11.0706440711222,,,,,,,,,,,,,,,,
"1951-10-01",,,11.1161663975136,,,,,,,,,,,,,,,,
"1951-11-01",,,11.2021169119883,,,,,,,,,,,,,,,,
"1951-12-01",,,11.2473624310231,,,,,,,,,,,,,,,,
"1952-01-01",,,11.3419088662048,,,,,,,,,,,,,,,,
"1952-02-01",,,11.2642584724007,,,,,,,,,,,,,,,,
"1952-03-01",,,11.2250060375963,,,,,,,,,,,,,,,,
"1952-04-01",,,11.2119988842402,,,,,,,,,,,,,,,,
"1952-05-01",,,11.1626957232729,,,,,,,,,,,,,,,,
"1952-06-01",,,11.1445363479989,,,,,,,,,,,,,,,,
"1952-07-01",,,11.1414896423784,,,,,,,,,,,,,,,,
"1952-08-01",,,11.1005688465682,,,,,,,,,,,,,,,,
"1952-09-01",,,11.0678940459775,,,,,,,,,,,,,,,,
"1952-10-01",,,11.0407912858895,,,,,,,,,,,,,,,,
"1952-11-01",,,11.0488069170819,,,,,,,,,,,,,,,,
"1952-12-01",,,11.0878780230266,,,,,,,,,,,,,,,,
"1953-01-01",,,11.1022854169678,,,,,,,,,,,,,,,,
"1953-02-01",,,11.0287458019443,,,,,,,,,,,,,,,,
"1953-03-01",,,10.9935936057058,,,,,,,,,,,,,,,,
"1953-04-01",,,10.9840147215957,,,,,,,,,,,,,,,,
"1953-05-01",,,11.0069682054054,,,,,,,,,,,,,,,,
"1953-06-01",,,10.9817391683665,,,,,,,,,,,,,,,,
"1953-07-01",,,10.977197046483,,,,,,,,,,,,,,,,
"1953-08-01",,,11.0942105606619,,,,,,,,,,,,,,,,
"1953-09-01",,,11.0632616685082,,,,,,,,,,,,,,,,
"1953-10-01",,,11.1237016223,,,,,,,,,,,,,,,,
"1953-11-01",,,11.0518632733237,,,,,,,,,,,,,,,,
"1953-12-01",,,11.0859234949609,,,,,,,,,,,,,,,,
"1954-01-01",,,11.1013173906942,,,,,,,,,,,,,,,,
"1954-02-01",,,11.1132476280917,,,,,,,,,,,,,,,,
"1954-03-01",,,11.0770583791115,,,,,,,,,,,,,,,,
"1954-04-01",,,11.0694827123665,,,,,,,,,,,,,,,,
"1954-05-01",,,11.0842325096518,,,,,,,,,,,,,,,,
"1954-06-01",,,11.1334080058119,,,,,,,,,,,,,,,,
"1954-07-01",,,11.1312113087881,,,,,,,,,,,,,,,,
"1954-08-01",,,11.1684882045306,,,,,,,,,,,,,,,,
"1954-09-01",,,11.139126257447,,,,,,,,,,,,,,,,
"1954-10-01",,,11.1269353621747,,,,,,,,,,,,,,,,
"1954-11-01",,,11.1316692587265,,,,,,,,,,,,,,,,
"1954-12-01",,,11.085268560905,,,,,,,,,,,,,,,,
"1955-01-01",,,11.1006974811285,,,,,,,,,,,,,,,,
"1955-02-01",,,11.1210630900932,,,,,,,,,,,,,,,,
"1955-03-01",,,11.1591172391534,,,,,,,,,,,,,,,,
"1955-04-01",,,11.1510844008262,,,,,,,,,,,,,,,,
"1955-05-01",,,11.1598807049849,,,,,,,,,,,,,,,,
"1955-06-01",,,11.1258316617294,,,,,,,,,,,,,,,,
"1955-07-01",,,11.129190799873,,,,,,,,,,,,,,,,
"1955-08-01",,,11.0900933023332,,,,,,,,,,,,,,,,
"1955-09-01",,,11.1374105826388,,,,,,,,,,,,,,,,
"1955-10-01",,,11.1298858551185,,,,,,,,,,,,,,,,
"1955-11-01",,,11.131074877028,,,,,,,,,,,,,,,,
"1955-12-01",,,11.1663584173391,,,,,,,,,,,,,,,,
"1956-01-01",,,11.1811027180661,,,,,,,,,,,,,525.63,,,
"1956-02-01",,,11.1274633169063,,,,,,,,,,,,,545.15,,,
"1956-03-01",,,11.1595632895131,,,,,,,,,,,,,588.91,,,
"1956-04-01",,,11.148315829311,,,,,,,,,,,,,583.61,,,
"1956-05-01",,,11.1531461152936,,,,,,,,,,,,,560.09,,,
"1956-06-01",,,11.2773131009582,,,,,,,,,,,,,575.39,,,
"1956-07-01",,,11.3643708116521,,,,,,,,,,,,,617.67,,,
"1956-08-01",,,11.411047184221,,,,,,,,,,,,,603.75,,,
"1956-09-01",,,11.2952152405456,,,,,,,,,,,,,566.99,,,
"1956-10-01",,,11.3681039822441,,,,,,,,,,,,,554.02,,,
"1956-11-01",,,11.4469277072604,,,,,,,,,,,,,524.63,,,
"1956-12-01",,,11.4822600587737,,,,,,,,,,,,,564.97,,,
"1957-01-01",,,11.4949017178822,,,,,,,,,,,,,568.14,,,0.96065341
"1957-02-01",,,11.5236847976575,,,,,,,,,,,,,545.24,,,0.95834375
"1957-03-01",,,11.5564353409362,,,,,,,,,,,,,563.76,,,0.95608631
"1957-04-01",,,11.6164562748311,,,,,,,,,,,,,589.32,,,0.959685
"1957-05-01",,,11.6207339269395,,,,,,,,,,,,,606.14,,,0.955625
"1957-06-01",,,11.6688333995025,,,,,,,,,,,,,592.74,,,0.95321875
"1957-07-01",,,11.6788167137638,,,,,,,,,,,,,577.34,,,0.9509233
"1957-08-01",,,11.7337102395451,,,,,,,,,,,,,520.16,,,0.94796875
"1957-09-01",,,11.7696536036438,,,,,,,,,,,,,483.3,,,0.95917188
"1957-10-01",,,11.7644187311515,,,,,,,,,,,,,447.81,,,0.96471591
"1957-11-01",,,11.7624605876334,,,,,,,,,,,,,458.28,,,0.96235937
"1957-12-01",,,11.7171249134478,,,,,,,,,,,,,432.11,,,0.97738095
"1958-01-01",,,11.8099215316562,,,,,,,,,,,,,448.97,,,0.98473011
"1958-02-01",,,11.837200041032,,,,,,,,,,,,,444.1,,,0.98098437
"1958-03-01",,,11.9529094020398,,,,,,,,,,,,,457.38,,,0.97733631
"1958-04-01",,,11.9261446076129,,,,,,,,,,,,,454.02,,,0.9705625
"1958-05-01",,,11.929045645442,,,,,,,,,,,,,472.88,,,0.96690476
"1958-06-01",,,11.9057807199534,,,,,,,,,,,,,484.63,,,0.961799999
"1958-07-01",,,11.9132992111407,,,,,,,,,,,,,508.17,,,0.959999999
"1958-08-01",,,11.8974894476389,,,,,,,,,,,,,514.82,,,0.96462798
"1958-09-01",,,12.0103840302433,,,,,,,,,,,,,531.72,,,0.97683036
"1958-10-01",,,12.0038414222875,,,,,,,,,,,,,537.39,,,0.97072443
"1958-11-01",,,12.003387021657,,,,,,,,,,,,,539.95,,,0.96833882
"1958-12-01",,,12.0305524171156,,,,,,,,,,,,,547.72,,,0.96458807
"1959-01-01",,,12.0446076053501,,,,,,,,,,,,,562.52,,,0.96691964
"1959-02-01",,,12.0697698512891,,,,,,,,,,,,,566.64,,,0.97489062
"1959-03-01",,,12.0321379606677,,,,,,,,,,,,,562.67,,,0.96979687
"1959-04-01",,,11.9997421215922,,,,,,,,,,,,,567.91,,,0.96350852
"1959-05-01",,,12.0819805864381,,,,,,,,,,,,,568.99,,,0.96289062
"1959-06-01",,,11.9065708774542,,,,,,,,,,,,,573.36,,,0.95883523
"1959-07-01",,,12.0685520548176,,,,,,,,,,,,,598.96,,,0.95737216
"1959-08-01",,,12.0537931360703,,,,,,,,,,,,,568.5,,,0.95444941
"1959-09-01",,,12.1745667944859,,,,,,,,,,,,,541.36,,,0.95159226
"1959-10-01",,,12.165169609361,,,,,,,,,,,,,541.19,,,0.94766369
"1959-11-01",,,12.1661061208881,,,,,,,,,,,,,538.37,,,0.95028125
"1959-12-01",,,12.1892327748544,,,,,,,,,,,,,555.09,,,0.95116477
"1960-01-01",,,12.2040530189436,,,,,,,,,,,,,529.8,,,0.95307813
"1960-02-01",,,12.2244738606936,,,,,,,,,,,,,512.23,,,0.95168155
"1960-03-01",,,12.1864936824279,,,,,,,,,,,,,512.05,,,0.95088315
"1960-04-01",,,12.2333966522878,,,,,,,,,,,,,503.08,,,0.96289474
"1960-05-01",,,12.2361663952803,,,,,,,,,,,,,517.97,,,0.97806548
"1960-06-01",,,12.2215431844164,,,,,,,,,,,,,505.11,,,0.98232955
"1960-07-01",,,12.21906291591,,,,,,,,3.17,,,,,494.06,,,0.97835938
"1960-08-01",,,12.2052991029054,,,,,,,,2.5,,,,,526.47,,,0.96975544
"1960-09-01",,,12.1837650913081,,,,,,,,1.95,,,,,500.33,,,0.97247024
"1960-10-01",,,12.3286669129382,,,,,,,,3.28,,,,,500.2,,,0.97854687
"1960-11-01",,,12.3304655944848,,,,,,,,4.02,,,,,519.43,,,0.97669643
"1960-12-01",,,12.3488974508764,,,,,,,,3.5,,,,,544.74,,,0.98244048
"1961-01-01",3378.62593349028,11.477444407934,12.364135090557,,,,,,,,3.29,,,,,575.6,,,0.99293155
"1961-02-01",3387.95561491965,11.5347291684497,12.3825279608178,,,,,,,,3.36,,,,,594.4,,,0.9895625
"1961-03-01",3383.41845159005,11.563363002856,12.4200954094703,,,,,,,,3.46,,,,,605.61,,,0.98731534
"1961-04-01",3429.38358261365,11.4992257543154,12.3860698048803,,,,,,,,3.53,,,,,633.44,,,0.98888158
"1961-05-01",3445.4585643849,11.4833854947625,12.3910331303503,,,,,,,,3.42,,,,,646.09,,,0.98754261
"1961-06-01",3499.15785300145,11.4831491056001,12.377819124539,,,,,,,,2.82,,,,,650.67,,,1.00546875
"1961-07-01",3540.06866923975,11.5012040526204,12.3672458444679,,,,,,,,2.8,,,,,662.35,,,1.03409226
"1961-08-01",3521.1893846482,11.5018953020753,12.3530749652365,,,,,,,,2.51,,,,,672.44,,,1.03149456
"1961-09-01",3589.74194611205,11.5418106936201,12.3493365120573,,,,,,,,2.84,,,,,661.6,,,1.03078125
"1961-10-01",3598.79288644475,11.5605931766074,12.3372927512666,,,,,,,,2.75,,,,,665.52,,,1.03026786
"1961-11-01",3609.2459091747,11.5741343407479,12.338476333001,,,,,,,,2.75,,,,,685.69,,,1.03572443
"1961-12-01",3642.96120438055,11.5867009300907,12.3510876896907,,,,,,,,3.24,,,,,700.85,,,1.0426875
"1962-01-01",3684.53833569083,11.5889830777235,12.3693094883678,,,,,,,,3.35,,3.06,,,682.83,,,1.044999999
"1962-02-01",3720.3663890113,11.5876756098032,12.3861873316485,,,,,,,,3.42,,3.19,,,686.81,,,1.04875
"1962-03-01",3751.09527529788,11.595527094768,12.4152004444141,,,,,,,,3.37,,3.11,,,686.01,,,1.04938921
"1962-04-01",3727.7397836513,11.6024578507067,12.4603462916312,,,,,,,,3.32,,3.09,,,667.55,,,1.04983553
"1962-05-01",3754.51356587667,11.6049653248697,12.4675504616712,,,,,,,,3.77,,3.48,,,612.41,,,1.08228693
"1962-06-01",3800.74665047203,11.6828782728974,12.5319041157626,,,,,,,,6,,5.2,,,572.46,,,1.08785715
"1962-07-01",3838.02184805352,11.6971632070845,12.5131185799606,,,,,,,,6,,5.28,,,586.08,,,1.07892857
"1962-08-01",3797.34889543777,11.7555032496127,12.5778653671363,,,,,,,,6,,4.85,,,600.28,,,1.07760869
"1962-09-01",3881.6292565087,11.7126171182431,12.5126562521977,,,,,,,,5.5,,5.04,,,571.84,,,1.07677631
"1962-10-01",3914.23820608892,11.771383772661,12.5845769509366,,,,,,,,5,,4.25,,,580.7,,,1.07602273
"1962-11-01",3934.00138896653,11.760217796128,12.5832251567939,,,,,,,,4,,3.76,,,626.17,,,1.07677557
"1962-12-01",3934.76040494452,11.752938317391,12.5893074977168,,,,,,,,4,,3.92,,,628.99,,,1.076
"1963-01-01",3931.94717365028,11.7606035864916,12.6104550149468,,,,,,,,4,,3.68,,,659.89,,,1.07708807
"1963-02-01",3960.21853417613,11.7919486416954,12.6293191795213,,,,,,,,4,,3.63,,,638.45,,,1.07760937
"1963-03-01",4003.8342921736,11.8453758678271,12.6490601279189,,,,,,,,4,,3.62,,,657.52,,,1.07800595
"1963-04-01",3997.55488200792,11.8506511382762,12.6124085994651,,,,,,,,4,,3.63,,,689.22,,,1.07682812
"1963-05-01",4050.34685598133,11.8873111018223,12.6236149383642,,,,,,,,3.5,,3.19,,,700.41,,,1.07723011
"1963-06-01",4091.09826201073,11.8655680920185,12.6054196676967,,,,,,,,3.5,,3.2,,,674.43,,,1.07823438
"1963-07-01",4054.3072269911,11.9393672785115,12.737891777484,,,,,,,,3.5,,3.39,,,656.32,,,1.0796875
"1963-08-01",4072.9881007533,11.9888988372183,12.8019189016346,,,,,,,,4,,3.68,,,660.72,,,1.08285511
"1963-09-01",4210.7046722556,11.9856500367886,12.7505844877151,,,,,,,,4,,3.61,,,680.62,,,1.07982813
"1963-10-01",4209.41650036842,12.0243235579711,12.7523382223263,,,,,,,,4,,3.55,,,686.03,,,1.07788352
"1963-11-01",4300.68872712155,12.1227367537705,12.8321517266169,,,,,,,,4,,3.63,,,679.15,,,1.07760937
"1963-12-01",4329.89477251,12.0935622298254,12.8277042467497,,,,,,,,4,,3.78,,,702.71,,,1.0793125
"1964-01-01",4352.50563923595,12.0565522359605,12.8517483267294,,,,,,,,4,,3.75,,,721.44,,,1.08021307
"1964-02-01",4414.1058541189,12.0633251257197,12.8724970241001,,,,,,,,4,,3.82,,,715.36,,,1.08
"1964-03-01",4377.38850664517,12.0735777532297,12.8821628782414,,,,,,,,4,,3.88,,,743.19,,,1.08048438
"1964-04-01",4411.52949886532,12.1691617622712,12.9257382235614,,,,,,,,4,,3.69,,,770.46,,,1.08086648
"1964-05-01",4465.99956860913,12.2288249343121,12.9361132499152,,,,,,,,4,,3.62,,,797.14,,,1.08089063
"1964-06-01",4477.47093252555,12.2389330762487,12.9134057808813,,,,,,,,4,,3.57,,,795.63,,,1.08089489
"1964-07-01",4495.3669656202,12.3094802929909,12.9623375483407,,,,,,,,4,,3.64,,,813.76,,,1.08125
"1964-08-01",4531.35686690085,12.3263706041749,12.9496497858749,,,,,,,,4,,3.79,,,808.84,,,1.07870536
"1964-09-01",4618.27616747895,12.4007419527094,12.9863146870318,,,,,,,,4,,3.74,,,843.59,,,1.07608631
"1964-10-01",4566.29691929912,12.427715547464,12.9986599931764,,,,,,,,4,,3.72,,,846.66,,,1.07525298
"1964-11-01",4620.47488371385,12.4421350864435,13.0029294308456,,,,,,,,4.25,,3.85,,,850.1,,,1.07390625
"1964-12-01",4644.22819698702,12.4848769250703,13.0675465918048,,,,,,,,4.25,,3.82,,,853.53,,,1.07463068
"1965-01-01",4740.54629136705,12.4779652455151,13.0907754000698,,,,,,,,4.25,,3.73,,,901.4,,,1.07382812
"1965-02-01",4737.51192842272,12.4825791758177,13.1147250268956,,,,,,,,4.25,,3.72,,,897.45,,,1.07576562
"1965-03-01",4838.9417802102,12.5145672637278,13.1177190404832,,,,,,,,4.25,,3.62,,,889.54,,,1.08114131
"1965-04-01",4846.2576497008,12.5944620515995,13.1595183558918,,,,,,,,4.25,,3.77,,,911.26,,,1.07920313
"1965-05-01",4878.65965301205,12.6407869664777,13.1699447507696,,,,,,,,4.25,,3.87,,,909.11,,,1.07946875
"1965-06-01",4939.08269728715,12.8001125751114,13.3016571520996,,,,,,,,4.25,,3.92,,,847.1,,,1.08225852
"1965-07-01",5051.88405129962,12.7977387892449,13.2657472014098,,,,,,,,4.25,,4.02,,,838.42,,,1.08348214
"1965-08-01",4931.18288355475,12.778855045957,13.2562794490468,,,,,,,,4.25,,4.04,,,858.92,,,1.07840909
"1965-09-01",5032.93306514562,12.8355772703013,13.2975501783688,,,,,,,,4.25,,4.11,,,873.38,,,1.07642857
"1965-10-01",5121.89401011705,12.865435721048,13.3202630940712,,,,,,,,4.25,,4.18,,,888.86,,,1.0750625
"1965-11-01",5166.95216271427,12.9542323269766,13.4106283078537,,,,,,,,4.25,,4.17,,,863.75,,,1.07492559
"1965-12-01",5265.15382716867,13.0161398103431,13.4654182941046,,,,,,,,4.75,,4.52,,,881.14,,,1.07583807
"1966-01-01",5285.9059335555,13.0353347990178,13.4872986607716,,,,,,,,4.75,,4.61,,,917.75,,,1.07464062
"1966-02-01",5377.5454428834,13.1420254177095,13.5945504408049,,,,,,,,4.75,,4.66,,,895.21,,,1.07634375
"1966-03-01",5416.5486235611,13.2055869928346,13.6696794829098,,,,,,,,5.25,,5.04,,,883.03,,,1.07620924
"1966-04-01",5495.482756304,13.2364270299385,13.7100749980251,,,,,,,,5.25,,5.06,,,891.22,,,1.07695312
"1966-05-01",5532.7629998448,13.2593158962606,13.7183363182483,,,,,,,,5.25,,5.09,,,861.74,,,1.07674107
"1966-06-01",5593.7542438512,13.3549575244889,13.7691023545325,,,,,,,,5.25,,4.99,,,856.94,,,1.07651988
"1966-07-01",5592.80846156647,13.3836732909551,13.7293574649876,,,,,,,,5.25,,5.05,,,842.77,,,1.07484375
"1966-08-01",5552.12210508515,13.4784468127399,13.7991587928125,,,,,,,,5.25,,5.03,,,780.38,,,1.07514945
"1966-09-01",5696.06943334838,13.533134633922,13.8445699320254,,,,,,,,5.25,,4.99,,,761.11,,,1.07622024
"1966-10-01",5737.5071933134,13.5283029734832,13.8777448766795,,,,,,,,5.25,,5.15,,,775.89,,,1.07934375
"1966-11-01",5701.63646075745,13.5301213907609,13.8937670126739,,,,,,,,5.25,,5.15,,,770.76,,,1.08200893
"1966-12-01",5722.85634592918,13.6034257947438,13.9433620306127,,,,,,,,5.25,,4.95,,,789.51,,,1.083125
"1967-01-01",5776.91456465405,13.6804412392973,13.9600498839147,,,,,,,,5,,4.78,,,843.44,,,1.07947917
"1967-02-01",5761.15621252465,13.7424615590913,13.9931744590132,,,,,,,,5,,4.55,,,851.43,,,1.08064063
"1967-03-01",5832.92922282128,13.8268504154257,14.0647398459168,,,,,,,,5,,4.1,,,879.95,,,1.08200284
"1967-04-01",5950.2659474685,13.8574539336404,14.1015619248661,,,,,,,,4.5,,3.98,,,898.15,,,1.08239062
"1967-05-01",5980.97010613452,13.9228997932075,14.190589416664,,,,,,,,4.5,,4.23,,,864.58,,,1.08210227
"1967-06-01",6004.76394639695,13.9417247186433,14.2412255942366,,,,,,,,4.5,,4.34,,,886.91,,,1.08041193
"1967-07-01",5978.02264779155,13.9275374043084,14.2720569508031,,,,,,,,4.5,,4.28,,,915.45,,,1.07784375
"1967-08-01",6065.02947955557,13.9873966905766,14.3409695308598,,,,,,,,4.5,,4.35,,,904.64,,,1.07581522
"1967-09-01",6051.94787265288,14.044607042473,14.3936214733339,,,,,,,,5,,4.73,,,922.5,,,1.07525
"1967-10-01",6033.09259841952,14.1107344177273,14.4308737690691,,,,,,,,5,,4.96,,,868.65,,,1.07325893
"1967-11-01",6138.10418994035,14.1621945236337,14.4515282716526,,,,,,,,6,,5.39,,,890.69,,,1.07514881
"1967-12-01",6238.80321164012,14.2306208258365,14.502075060655,,,,,,,,6,,5.96,,,899.2,,,1.08018092
"1968-01-01",6264.19987227343,14.3189299765784,14.5918096974246,,,23516,31001,36960,25523,,7,,6.25,,,873.62,,,1.08465909
"1968-02-01",6256.39104359053,14.3518596589883,14.6246049604321,,,23452,31293,37238,25788,,7,,6.75,,,835.33,,,1.08729167
"1968-03-01",6308.40908413602,14.4342116566538,14.6981482666266,,,23400,31422,37350,25914,,7.5,,6.99,,,814.79,,,1.08485119
"1968-04-01",6412.09464986845,14.4049995718936,14.649725602651,,,23316,31839,37749,26199,,7.5,,6.93,,,887.47,,,1.08011905
"1968-05-01",6472.15979022108,14.4173355455588,14.6629357509474,,,23537,32278,38200,26602,,7.5,,6.96,,,879.08,,,1.07791193
"1968-06-01",6528.74555991045,14.4557508012797,14.7178129158616,,,23521,32550,38469,26892,,7.5,,6.59,,,925.39,,,1.0768125
"1968-07-01",6538.24228316922,14.5199642071563,14.8181902670492,,,23668,32937,38869,27316,,6.5,,6.01,,,920.14,,,1.07359375
"1968-08-01",6629.86798101192,14.5579599880494,14.8830294041121,,,24076,33537,39504,27871,,6.5,,5.68,,,943.95,,,1.07262784
"1968-09-01",6693.88973581883,14.5925691246604,14.9462341550018,,,24134,33786,39792,28017,,6,,5.6,,,989.11,,,1.07295313
"1968-10-01",6704.22027591225,14.5946792226436,14.9810859885629,,,24340,34129,40180,28314,,6,,5.6,,,1003.97,,,1.07272728
"1968-11-01",6845.04081714658,14.7861159204832,15.1627460054403,,,24580,34473,40521,28672,,6,,5.7,,,1041.56,,,1.07304688
"1968-12-01",6820.73890694117,14.794906357121,15.1415910120555,,,24733,34788,40751,28964,,6.5,,6.24,,,1062.88,,,1.0730625
"1969-01-01",6863.52144589627,14.8656562881306,15.1437225054527,,,25224,35239,41250,29429,,6.5,,6.35,,,1090.82,,,1.07272728
"1969-02-01",6971.65784181248,14.9327438630785,15.1718683315895,,,25022,35336,41343,29559,,6.5,,6.3,,,1039.02,,,1.074375
"1969-03-01",7113.82071229123,15.0181341403517,15.2510524710079,,,25117,35667,41664,29818,,7,,6.61,,,1072.16,,,1.07670312
"1969-04-01",7104.70907548877,15.1579282543336,15.432847466951,,,25288,35845,41852,29905,,7,,6.85,,,1102.46,,,1.07622024
"1969-05-01",7102.55694575187,15.1555515181888,15.4534089469176,,,25312,36175,42194,30186,,7,,6.7,,,1131.04,,,1.07703869
"1969-06-01",7161.73397875935,15.2160824415556,15.5161639075167,,,25401,36170,42228,30144,,7.5,,7.09,,,1008.55,,,1.07946429
"1969-07-01",7267.05191586845,15.2390450505668,15.5204031224798,,,25420,36394,42468,30339,,8,,7.62,,,950.75,,,1.080625
"1969-08-01",7208.69626392295,15.2962990206356,15.582670387896,,,25322,36537,42608,30453,,8,,7.67,,,998.53,,,1.078125
"1969-09-01",7309.2518202086,15.3715612681042,15.6574279902704,,,25462,37126,43207,30996,,8,,7.75,,,991.79,,,1.07821429
"1969-10-01",7309.14993786688,15.3834099512467,15.6849315522879,,,25727,37280,43363,31062,,8,,7.64,,,1005.69,,,1.07786932
"1969-11-01",7435.35575183832,15.4211400358141,15.7146984196455,,,25912,37607,43682,31312,,8,,7.75,,,1031.26,,,1.07582237
"1969-12-01",7582.49431029477,15.5865132254879,15.8604619147068,,,26017,37888,44141,31569,,8,,7.79,,,1019.77,,,1.07418155
"1970-01-01",7565.95524352518,15.6795567540864,15.9341209195523,,,26005,38132,44446,31779,38233,8,,7.8,,,980.23,,,1.07278274
"1970-02-01",7667.446661754,15.7296167068588,15.9507608198758,,,25957,38389,44742,31957,38587,8,,,,,1006.4,,,1.07307813
"1970-03-01",7610.59809472083,15.7668347388345,15.963048537327,,,26330,38541,44905,32020,38738,8,,6.97,,,1006.06,,,1.07269345
"1970-04-01",7606.9812670418,15.8164579989489,15.9797540768586,,,26354,39232,45639,32617,38581,8,,6.74,,,917.72,,,1.07275568
"1970-05-01",7710.2998348773,15.8845729379429,16.0089665115089,,,26313,39058,45534,32402,39086,7.5,,6.48,,,828.21,,,1.0728125
"1970-06-01",7738.7188980809,15.908305029476,15.9998806464604,,,26368,39505,46055,32799,39358,7,,5.9,,,810.78,,,1.03842329
"1970-07-01",7813.10673556615,16.015389061712,16.0731001478479,,,26428,39652,46296,32877,39424,7,,5.67,,,847.78,,,1.03201704
"1970-08-01",7888.64605633967,16.020616092587,16.0477890142879,,,26576,40010,46764,33248,39989,7,,5.61,,,869.99,,,1.02138393
"1970-09-01",7822.24720809415,16.0427960592147,16.0502109260821,,,26841,40186,47046,33422,40530,6.5,,5.43,,,909.19,,,1.0158631
"1970-10-01",7857.1847237421,16.0882858262328,16.0740905845485,,,26949,40743,47657,33863,40635,6.5,,5.18,,,883.67,,,1.02136905
"1970-11-01",7950.31708524588,16.1708615343997,16.1052172867687,,,27378,41084,48016,34113,41527,6,,,,,922.19,,,1.02003125
"1970-12-01",7921.49819101203,16.164769566454,16.0257117513033,,,27840,41435,48332,34420,41835,6,,4.44,,,947.54,,,1.01741477
"1971-01-01",7955.56303626132,16.3376476052407,16.0933260819033,,,27920,41845,48845,34782,42439,6,,4.65,,,975.13,,,1.01164063
"1971-02-01",8025.06760961097,16.4938324540254,16.1781885062873,,,27904,42422,49592,35312,42437,5.25,,,,,974.5,,,1.00753125
"1971-03-01",8091.36935412768,16.546353768121,16.1965279561203,,,28480,43056,50491,35893,42842,5.25,,3.05,,,1000.73,,,1.00626359
"1971-04-01",8231.12018425698,16.6449530682426,16.2945358522117,,,28704,43485,51097,36248,42904,5.25,,3,,,1017,,,1.00761905
"1971-05-01",8386.8812641099,16.6554352053008,16.3290456230491,,,29438,43820,51532,36527,43208,5.25,,3.02,,,973.05,,,1.00873438
"1971-06-01",8459.99855163313,16.6815244462242,16.4016855679212,,,30330,44295,52115,36891,43328,5.25,,3.4,,,986.85,,,1.02120739
"1971-07-01",8458.28140153738,16.6796862867033,16.470365485344,,,30478,44922,52860,37373,43793,5.25,,3.53,,,983.49,,,1.02114583
"1971-08-01",8703.48739011588,16.7780316671453,16.5954478886508,,,31028,45488,53545,37801,44669,5.25,,3.75,,,976.33,,,1.01332386
"1971-09-01",8744.23120834675,16.7846888994118,16.5987328974734,,,31429,45810,53978,37999,44696,5.25,,4.02,,,961.97,,,1.01287202
"1971-10-01",8846.0511977246,16.9237467310231,16.6961832896646,,,31646,46242,54473,38320,45526,4.75,,3.63,,,881.41,,,1.00440625
"1971-11-01",8807.99997942255,16.995437098834,16.7292511294914,,,31608,46496,55197,38430,45736,4.75,,3.3,,,885.54,,,1.00373512
"1971-12-01",8954.94882285282,17.1302233420407,16.8210322998274,,,31841,46709,55956,38429,45905,4.75,,3.21,,,990.54,,,0.99924716
"1972-01-01",9008.72537051985,17.2398511031293,16.8889013762163,,,32340,47651,56965,39177,47509,4.75,,3.3,,,1078.92,,,1.00592187
"1972-02-01",8931.44553551345,17.3395267307186,16.9580309874535,,,32505,48115,57484,39530,47485,4.75,,3.47,,,1114.89,,,1.00458333
"1972-03-01",9096.82909396667,17.4657387404091,17.0627813277587,,,33211,48543,57932,39841,48064,4.75,,3.55,,,1087.72,,,0.99839489
"1972-04-01",9366.70717417327,17.4986530769874,17.0872350575708,,,33086,49365,58843,40516,49035,4.75,,3.64,,,1099.12,,,0.99559375
"1972-05-01",9324.17793396847,17.5293367135644,17.1200957907737,,,33306,49451,59030,40485,49636,4.75,,3.75,,,1129.41,,,0.98866477
"1972-06-01",9375.11489185823,17.5083923174128,17.1126648958197,,,33430,50178,59895,40919,50479,4.75,,3.57,,,1104.29,,,0.979375
"1972-07-01",9428.96710887447,17.6390480635529,17.2635721372415,,,33804,50896,60762,41285,50677,4.75,,3.45,,,1129.86,,,0.98385938
"1972-08-01",9451.95880154142,17.7645219124253,17.3800743587998,,,34108,51268,61267,41501,50302,4.75,,3.52,,,1189.29,,,0.98222826
"1972-09-01",9715.0740895841,17.9642909245391,17.5392385306155,,,34587,52335,62455,42404,51249,4.75,,3.6,,,1167.44,,,0.982875
"1972-10-01",9863.6446491163,18.0466338014045,17.5558558813893,,,35115,53097,63270,42943,52403,4.75,,3.56,,,1136.74,,,0.98257441
"1972-11-01",9952.48710551643,18.1134388290632,17.5885719065401,,,35771,53406,63764,43085,51920,4.75,,3.69,,,1186.74,,,0.98720238
"1972-12-01",10005.8682453672,18.2203646754806,17.6906364565693,,,36058,54119,64481,43639,53134,4.75,,3.6,,,1226.58,,,0.99667763
"1973-01-01",10112.3108040765,18.3473025039999,17.8431084282343,,,36516,54880,65323,44366,53836,4.75,,3.9,,,1246.82,,,0.99914773
"1973-02-01",10460.5062072996,18.5047003934785,17.9801737700499,,,36467,55466,66000,44934,54708,4.75,,4,,,1250.03,,,0.99553125
"1973-03-01",10616.1829886238,18.5938920493262,18.004625250335,,,36824,56270,66878,45501,55071,4.75,,4.42,,,1239.14,,,0.99655511
"1973-04-01",10709.4633433818,18.9095869052771,18.2018734064093,,,37018,56874,67367,45879,55867,5.25,,,,,1198.19,,,1.00061
"1973-05-01",10820.9840097536,19.0832247125184,18.3026441520913,,,37460,57321,68171,46186,56052,5.75,,5.2,,,1153.39,,,1.00048182
"1973-06-01",10979.5526468646,19.2588314571953,18.4474322006549,,,37619,58196,69212,46886,57120,6.25,,5.46,,,1149,,,0.99831429
"1973-07-01",11232.3945217059,19.3996621203121,18.6020216027418,,,38043,59213,70376,47672,58492,6.25,,5.73,,,1226.4,,,0.99941905
"1973-08-01",11064.196058062,19.652688032288,18.7977158085525,,,38518,60012,71306,48232,58604,6.75,,6.12,,,1196,,,1.00383478
"1973-09-01",11334.4094202322,19.9047562679433,18.9537272462777,,,38739,60924,72284,48923,59714,7.25,,6.5,,,1250.38,,,1.00810526
"1973-10-01",11634.097217733,20.1393241497795,19.0439357831507,,,39125,62066,73303,49818,61003,7.25,,6.49,,,1319.26,,,1.00089091
"1973-11-01",11966.899874362,20.4694576036906,19.2360061013661,,,39319,63491,74121,50985,62773,7.25,,6.42,,,1182.57,,,0.99878095
"1973-12-01",12035.002907905,20.7256524505853,19.3488370133276,,,39872,64614,74626,51894,64506,7.25,,6.38,,,1187.78,,,0.99941053
"1974-01-01",12281.4642876809,21.0142045368081,19.5109663799906,,,40251,65845,75870,52874,65542,7.25,,6.27,,,1196.44,,,0.991399999
"1974-02-01",12384.9871250447,21.2158791937913,19.636990773005,,,40087,66968,77004,53773,67071,7.25,,6.07,,,1241.78,,,0.97669
"1974-03-01",12658.5485872744,21.4838142644107,19.8945727470579,,,40826,68188,78266,54743,68579,7.25,,6.35,,,1214.88,,,0.971999999
"1974-04-01",12632.8553482861,21.5852164091259,20.0277284898386,,,41139,69408,79558,55976,69605,8.25,,7.45,,,1099.92,,,0.96726667
"1974-05-01",13143.9610976317,22.008171119067,20.4232711774694,,,42302,70686,80794,57073,71618,8.75,,8.56,,,1031.74,,,0.96213636
"1974-06-01",13213.1835540822,22.2837938795084,20.5665714299006,,,41541,71076,81102,57256,72156,8.75,,8.65,,,1009.23,,,0.966399999
"1974-07-01",13371.0726029337,22.5679247216475,20.6451148682378,,,41776,72274,82255,58238,74018,9.25,,9.1,,,1056.96,,,0.97608182
"1974-08-01",13583.9302315719,22.8627533137774,20.8471808777048,,,41811,73359,83337,59171,75217,9.25,,9.13,,,919.88,,,0.97978182
"1974-09-01",13605.9971654944,23.0944742637554,21.0789974709942,,,42212,74315,84321,59997,76476,9.25,,8.84,,,847.19,,,0.98625
"1974-10-01",13710.5951032232,23.2127538825936,21.3245293197682,,,42565,74999,84899,60524,76702,9.25,,8.37,,,895.71,,,0.98296364
"1974-11-01",13656.5820235306,23.3391067182483,21.5128365357027,,,42874,75024,86022,60373,77408,8.75,,7.48,,,850.4,,,0.98715
"1974-12-01",13932.8228732462,23.5853967371272,21.7927073870169,,,43292,75276,87528,60489,78141,8.75,,7.11,,,835.42,,,0.98809
"1975-01-01",13744.6027968103,23.6457415049534,21.8091606183996,,,44250,76780,89076,61778,79182,8.25,6.4643,6.3,,,979.6,,,0.99474545
"1975-02-01",14059.349408895,23.857684471603,22.010537964985,,,45991,78264,90636,62873,80059,8.25,6.6071,6.3,,,1006.33,,,1.00054
"1975-03-01",14057.0477942947,23.9746684830432,22.094417161846,,30683,47549,79242,91752,63548,80735,8.25,6.4821,6.36,,,989.6,,,1.00029
"1975-04-01",14380.6016792871,24.1386852164994,22.2509570785362,,31011,48471,81090,93748,64899,80975,8.25,7.1786,6.72,,,1008.53,,,1.01108182
"1975-05-01",14322.0787278509,24.3988600453651,22.4563087778337,,31034,49144,81241,94063,64771,81255,8.25,6.5,6.85,,,1030.7,,,1.02814286
"1975-06-01",14703.3195928621,24.641292711056,22.6821981394118,,31152,49813,82187,95222,65396,82868,8.25,6.8036,6.9,,,1055.29,,,1.02636191
"1975-07-01",15073.9687409443,24.8995609618372,22.917296610549,,31955,50861,83386,96616,66258,83420,8.25,7.2679,7.35,,,1051.67,,,1.03070909
"1975-08-01",15155.0375567628,25.1554227206647,23.1415542867802,,31988,51312,84355,97771,66908,84582,8.25,7.8393,7.8,,,1038.9,,,1.03529524
"1975-09-01",15324.9937022929,25.2999152057481,23.2896987069713,,32411,51924,85977,99567,68202,86022,9,7.6964,8.39,,,976.37,,,1.02620952
"1975-10-01",15297.485586919,25.4531902203981,23.4458853414079,,32673,52436,86866,100370,68735,87021,9,8.3929,8.2,,,930.93,,,1.02499091
"1975-11-01",15744.289865849,25.7085350699076,23.7113892868667,,32970,52529,87098,101531,68634,87163,9,8.5,8.52,,,980.81,,,1.01371579
"1975-12-01",16065.224547232,25.8638221866606,23.8458783808792,,33978,53820,88814,103562,70033,89286,9,9.2321,8.64,,,953.54,,,1.01382857
"1976-01-01",16109.2586722487,26.0466034933528,23.9545335577404,7.1,33191,53073,89313,104133,70256,90221,9,9.1429,8.6,,9.53,1039.43,,,1.00637143
"1976-02-01",16305.8816953395,26.2823387541654,24.0647027156591,7,33269,53079,90335,105281,71010,91845,9,9.1429,8.75,,9.62,1074.38,,,0.99371
"1976-03-01",16646.8596324118,26.5226856008451,24.1341506063222,6.7,33801,53566,91777,106871,72183,94023,9.5,9.6071,9.05,,9.98,1054.09,,,0.985799999
"1976-04-01",17013.0773878668,26.85342073912,24.2315650365307,6.8,33604,53627,93060,108300,73074,96169,9.5,9,8.99,,9.82,1075.02,,,0.98333333
"1976-05-01",17324.2509493194,27.0454506586652,24.3252263509836,6.9,33781,54206,93877,109281,73578,97907,9.5,8.6786,8.9,,9.82,1075.92,,,0.98002
"1976-06-01",17225.6716628138,27.2267751619304,24.4845501854099,6.9,34189,55209,95575,111136,74924,99051,9.5,9.3571,8.97,,9.9,1055.55,,,0.97359091
"1976-07-01",17217.6973968786,27.1648903839534,24.561046077365,7.4,33910,55199,96745,112455,75946,100318,9.5,9.3929,9.04,,9.89,1050.07,,,0.97216191
"1976-08-01",17346.437322423,27.1005983603542,24.5733149203593,7.1,34157,55882,97940,113808,77093,102273,9.5,9.1071,9.12,,9.62,1048.3,,,0.98531818
"1976-09-01",17547.8652806983,27.3461399465484,24.7978530656696,7,34397,56512,99024,115034,77972,102293,9.5,9.5714,9.11,,9.59,1028.8,,,0.9749619
"1976-10-01",17458.6299163523,27.6269802619443,24.9456366290075,7.4,34389,56979,100337,116302,79000,104383,9.5,9.3393,9.03,,9.49,989.55,,,0.97263
"1976-11-01",17834.1758199232,27.7438291188299,25.0460255510351,7.4,34500,57565,101789,117516,80077,105678,9,9.0179,8.62,,9.22,920.1,,,0.98572381
"1976-12-01",17956.1942637245,27.8853271831031,25.1872223781383,7.5,34804,58327,102768,118293,80853,107176,8.5,8.4471,8.14,,8.85,1011.52,,,1.01871818
"1977-01-01",18368.058976482,28.0921313268262,25.4662010192927,7.6,35149,59083,104620,120343,82179,108571,8.5,8.5179,8.04,,8.99,996.6,,,1.01089
"1977-02-01",18202.1263159249,28.165530457949,25.5635361302369,7.9,35189,59367,106081,122008,83082,109810,8,8.0179,7.68,,9.14,1008.92,,,1.027865
"1977-03-01",18407.8147075931,28.4066652825114,25.8547112451042,7.8,36028,60596,107702,123856,84262,111344,8,7.4643,7.58,,9.34,1022.11,,,1.05108696
"1977-04-01",18436.3466527401,28.5602904010778,26.0502166430783,7.9,36214,61267,109319,125657,85297,112754,8,7.8571,7.58,,9.3,994.79,,,1.051085
"1977-05-01",18774.0626153484,28.7399413831816,26.2754830570809,7.8,36585,62149,110469,126991,85856,115403,7.5,6.0357,7.1,,9.22,981.19,,,1.04853809
"1977-06-01",18991.5907319115,28.8059262821899,26.3606202681283,7.8,37116,63175,111918,128629,86721,115322,7.5,7.25,7.07,,9.14,1031.24,,,1.05747727
"1977-07-01",19059.1650737986,29.0817804555259,26.5999717679829,8.1,36991,63431,112983,129878,87458,116640,7.5,7.375,7.13,,9.14,1033.53,,,1.060995
"1977-08-01",19121.6019433998,29.0810335363533,26.6333639277259,8.2,37406,64229,114370,131426,88644,118257,7.5,7.3571,7.18,,9.01,1003.3,,,1.0748913
"1977-09-01",19250.2329828016,29.3147272496711,26.935123243579,8.3,37416,64489,115651,132844,89678,120113,7.5,6.5536,7.1,,9.08,1000.07,,,1.07325238
"1977-10-01",19502.323194533,29.3954795014588,27.1534782612073,8.4,37746,65206,116879,134198,90662,121469,7.5,7,7.24,,9.1,970.53,,,1.098755
"1977-11-01",19655.7830197704,29.4574312045225,27.32962890552,8.5,38274,66086,117450,134951,90947,121843,7.5,7.4643,7.25,,9.15,1017.48,,,1.10923333
"1977-12-01",19831.8937856967,29.596715252667,27.5633469245891,8.5,38662,66997,118714,136421,91825,123277,7.5,5.8757,7.16,,9.22,1059.59,,,1.09723
"1978-01-01",19966.7240666067,29.7233522431899,27.7673013000152,8.3,39004,67567,120235,138151,92838,124472,7.5,6.5893,7.12,,9.49,998.44,,,1.10111429
"1978-02-01",20163.8262356189,29.8579624519413,27.9269009183188,8.3,39083,67652,121868,139961,93898,125449,7.5,7.1429,7.3,,9.54,1005.68,,,1.11316
"1978-03-01",20199.4496977743,30.1044282250554,28.1259661425272,8.5,39982,69000,123284,141552,94674,127221,8,6.8214,7.73,,9.48,1063.26,,,1.12560455
"1978-04-01",20566.7391846163,30.3124583889301,28.2550062551732,8.4,39629,68879,125126,143584,95912,129736,8.5,6.75,8.2,,9.48,1081.5,,,1.141565
"1978-05-01",20538.5958295035,30.6518896671966,28.5452107673818,8.6,40069,69689,125916,144607,96189,130763,8.5,7.9471,8.18,,9.5,1128.76,,,1.11887273
"1978-06-01",21065.6649858802,30.8319598746165,28.787247427431,8.4,40163,70026,127634,146492,97419,132317,8.5,7.0179,8.27,,9.52,1126.16,,,1.12160909
"1978-07-01",21061.4008830817,31.0719167953873,29.1150707512483,8.3,40493,70820,129333,148338,98539,133629,9,7.6257,8.57,,9.44,1193.79,,,1.124499999
"1978-08-01",21199.5143070402,31.1438168054327,29.239150113633,8.4,40859,71496,130973,150094,99566,135396,9,7.4643,8.82,,9.42,1232.21,,,1.14028261
"1978-09-01",21540.0848098781,31.1173720298489,29.2267549274924,8.4,41174,72145,132853,152062,100896,138087,9.5,8.5714,9.14,,9.43,1284.66,,,1.16629
"1978-10-01",21694.1319868598,31.5735351679449,29.603180357027,8.2,41426,72618,134445,153797,102096,139642,10.25,8.9643,9.8,,9.81,1215.84,,,1.18268095
"1978-11-01",21866.0316121584,31.7803360972334,29.7689289181444,8.3,42768,74496,137411,155927,104723,143525,10.75,8.6786,10.41,,9.81,1269.8,,,1.17275714
"1978-12-01",22212.8364009818,31.9583908019352,29.940190010758,8.3,41785,73652,137433,157179,104413,145170,10.75,6.6071,10.48,,9.95,1309,,,1.17947369
"1979-01-01",22306.6565957615,32.162246306608,30.1434325138157,8.2,41893,74065,139474,159151,106060,147658,11.25,11.9643,10.8,,10.17,1355.4,,,1.18983182
"1979-02-01",22621.7735252946,32.5124108198438,30.4485253101639,8,41606,73833,141379,161006,107462,149967,11.25,10.5,10.78,,10.31,1385.36,,,1.19545
"1979-03-01",22921.5698789439,32.8694858591138,30.7117482285784,7.9,41672,74427,143006,162649,108556,151152,11.25,12.625,10.93,,10.22,1466.37,,,1.17387273
"1979-04-01",23252.6803740339,33.3151414548754,31.0122074770008,8,42165,75358,145193,164947,110072,153602,11.25,10.1786,10.8,,9.92,1484.31,,,1.14633
"1979-05-01",23889.806459156,33.615011273363,31.2201159895672,7.6,42875,76690,146779,166793,110879,156212,11.25,10.6429,10.88,,9.92,1519.67,,,1.15562727
"1979-06-01",23900.51316681,33.8659569086879,31.3627629373715,7.4,43225,77521,149222,169418,112770,158547,11.25,10.375,10.86,,9.98,1618.41,,,1.17227143
"1979-07-01",24210.6868402112,34.1269221986693,31.5570427316944,7.2,43735,78620,151676,172019,114809,161610,11.75,11.2143,11.19,,10.11,1558.1,,,1.16344761
"1979-08-01",24330.5199137299,34.3081734933312,31.6885320808032,7.1,43809,79257,153731,174152,116464,163055,11.75,10.2321,11.46,,10.45,1695.3,,,1.17056521
"1979-09-01",24688.7932460589,34.7102634203416,32.0661316100226,7,43891,80046,155682,176026,118071,164703,12.25,8.4643,11.6,,10.73,1751.89,,,1.16522631
"1979-10-01",25037.4673893577,34.9133629633873,32.2833262828049,7.2,44105,81051,158071,178426,120107,166746,14,13.5357,13.55,,11.43,1579.27,,,1.17525454
"1979-11-01",25232.2707053432,35.2211017732949,32.5994631581363,7.2,43718,81414,160970,179304,122963,170581,14,11.7857,13.45,,11.21,1699.62,,,1.17963809
"1979-12-01",25215.261905299,35.4819312153915,32.8709611318628,7.2,43622,82223,161670,180094,123787,172629,14,13.2143,13.6,,11.6,1813.17,,,1.16957894
"1980-01-01",25627.6274292095,35.6223421014858,33.0739601322399,7.5,44132,83477,164035,182270,125979,174153,14,13.6786,13.54,,12.55,2027.7,,,1.16386363
"1980-02-01",25582.4164731318,35.9183215230908,33.3641936589639,7.6,44009,83856,166352,184614,127971,177122,14,8.6429,13.6,,13.47,2192.58,,,1.15600952
"1980-03-01",26235.956097659,36.0680309810874,33.5380729004393,7.6,45486,86720,169391,187688,130468,179719,15.49,11.3571,14.85,,13.83,1797.58,,,1.17309047
"1980-04-01",26408.629974665,36.4207717722749,33.8434955853141,7.7,45188,87208,171887,190029,132246,182018,15.67,19.3571,15.05,,12.19,1869.93,,,1.18561428
"1980-05-01",26351.3611934257,36.748224236951,34.1403416371258,7.8,44742,87130,173069,190806,132757,184618,11.83,17.25,11.65,,11.77,1971.73,,,1.17308571
"1980-06-01",26547.0088319093,37.0796272604474,34.4877930967594,7.7,45315,88486,175206,193008,134370,187166,10.63,14.9286,10.55,,11.63,2061.35,,,1.1515238
"1980-07-01",26790.658339638,37.2374368374245,34.7069653536277,7.6,46154,90431,177266,195269,136082,189401,10.31,10.7857,9.98,,12.55,2197.38,,,1.15191363
"1980-08-01",26901.2322725895,37.6965876853816,35.1530216919198,7.6,46581,91917,179082,197371,137679,189118,10.74,9.6607,10.45,,12.69,2218.01,,,1.1591238
"1980-09-01",27499.1093877725,38.0216252478863,35.4580120893612,7.3,47473,93754,181582,199997,140038,190468,11.2,8.9286,10.74,,13.26,2260.04,,,1.16461904
"1980-10-01",27841.0961456665,38.4021662667742,35.7540526402052,7.3,48537,95634,184435,202754,142418,192701,12.16,13.8929,11.9,,13.52,2240.15,,,1.16904545
"1980-11-01",28231.3344264288,38.8964164478369,36.2232018011765,7.2,49286,97700,187729,204648,145094,194956,13.95,11.9107,13.25,,13.38,2402.23,,,1.18604736
"1980-12-01",28765.5694279047,39.1171662200666,36.5095106240207,7.3,49726,99670,188740,205710,145702,197235,17.26,18.9643,17.05,,13.04,2268.7,,,1.19678571
"1981-01-01",29229.5848086528,39.6030721132167,37.100882051348,7.4,48525,98020,190439,207086,146677,201431,17.11,18.2857,16.9,,13.35,2226.66,,,1.19074761
"1981-02-01",29738.9560680987,39.7878324306747,37.37914288283,7.4,48415,97628,193135,209601,148558,206171,17.08,14.7857,16.94,,13.76,2179.52,,,1.19875499
"1981-03-01",30029.4591232485,40.1591745333165,37.7894668592255,7.4,49255,99459,195814,212137,150734,205457,16.69,18.7679,16.55,,13.89,2333.08,,,1.19123636
"1981-04-01",30667.164940089,40.4321783497755,38.0918732234875,7.1,49712,100734,198572,214914,152929,206677,17.6,16.9471,17.35,,15.28,2306.43,,,1.19079523
"1981-05-01",30400.0382666495,40.6645840849696,38.3329740260149,7.2,49512,100864,199736,216225,153442,206891,18.68,15.8571,18.7,,15.42,2371.22,,,1.20091999
"1981-06-01",30930.7967932615,41.1523826634372,38.8688052409397,7.2,49121,100645,202345,218818,155501,210709,19.08,19.2857,18.9,,15.3,2361.13,,,1.20399545
"1981-07-01",31209.3238290335,41.4048872894758,39.189310631175,7.2,49581,101857,205083,221685,157808,213505,20.54,21.4107,20.63,,17.56,2253.9,,,1.21144999
"1981-08-01",30540.4825255852,41.6906450229067,39.560687036384,7.1,49765,102893,208151,224939,160540,218048,21.07,21.5714,20.9,,17.17,2176.71,,,1.22297142
"1981-09-01",31455.1936453812,41.8803821368912,39.9533694624058,8.1,49335,103117,210366,227136,162543,219262,19.63,19.75,19.35,,18.14,1883.42,,,1.2007
"1981-10-01",31373.9651728248,42.025298545323,40.32460530445,8.3,48742,103434,212449,228986,164333,219024,18.21,19.25,18.2,,17.07,1842.62,,,1.2027619
"1981-11-01",31170.5984127342,42.2414346827271,40.6369647945442,8.3,47987,101560,210016,231738,161705,215947,15.32,18.9286,15.03,,14.62,2012.09,,,1.18739499
"1981-12-01",31612.436414441,42.5683787773837,40.9411406137847,8.7,48593,103116,209826,233936,161525,218795,14.66,12.8214,14.36,,15.52,1954.24,,,1.18510952
"1982-01-01",31589.112826942,43.0710962152908,41.2758393389769,8.6,48723,104535,212204,236274,163703,217448,14.59,14.5536,14.4,,16.33,1786.91,100,,1.19241499
"1982-02-01",31992.5398440035,43.4782737960192,41.6315770316312,8.9,48961,105251,214048,238610,165200,216581,14.83,12.8757,14.5,,15.5,1671.34,93.99,,1.21402999
"1982-03-01",32169.3473290548,43.9256769372813,42.12401679616,9.3,49437,106792,215527,240493,166103,218327,15.11,15.5357,15.05,,15.62,1587.83,88.74,,1.22039564
"1982-04-01",31806.6945053115,44.0606650545538,42.4107761515527,9.8,50052,106790,216982,242337,167173,219307,15.23,15.1429,14.99,,15.35,1548.17,86.56,,1.22475237
"1982-05-01",32475.539149552,44.4407554634177,42.9173396326736,10.3,50697,108530,218594,244510,168518,219752,15.43,15.6429,15.08,,15.32,1523.68,85.8,,1.23391999
"1982-06-01",32346.7663451365,44.7017235572354,43.2609420560078,11.1,51531,109605,219854,246394,169413,220653,16.58,14.9657,16.4,16.39,16.48,1366.8,77.17,,1.27527727
"1982-07-01",32040.8598199772,44.9007560273406,43.508264499448,11.9,50606,108849,220420,247521,169601,221059,15.5,17.1271,15.3,15.88,16.04,1411.9,79.61,,1.26988571
"1982-08-01",32694.4916344742,45.1023420100859,43.732835410584,12,50621,109253,221468,249193,170127,222928,13.95,16.4657,13.73,14.26,14.63,1613.32,92.21,,1.24513181
"1982-09-01",32654.6485455485,45.4502649512943,44.0577346815703,12.4,51216,110132,222442,250544,170649,223386,12.98,14.0757,12.78,13.53,14.1,1602.01,90.26,,1.23468095
"1982-10-01",32413.9337811073,45.7998305775093,44.3464312683233,12.9,51577,110917,223900,251688,171673,224045,11.46,13.6443,11.18,12.58,13.34,1774.04,99.96,,1.22993499
"1982-11-01",33027.4964982732,46.0844323728978,44.5915694962859,12.9,52667,112764,226215,256575,173598,224643,10.97,11.86,10.7,11.88,12.39,1838.31,103.43,,1.22620952
"1982-12-01",32969.5697206195,46.2633359060488,44.7365209863597,13.1,53794,114498,226470,257577,173573,224280,10.05,10.3757,9.93,11.31,11.92,1958.08,111.5,,1.23818571
"1983-01-01",33388.182167226,46.1850217549871,44.6489082073645,12.7,54668,116169,228840,260096,175485,225749,9.83,11.2171,9.63,11.58,12.48,2031.47,113.77,,1.22843499
"1983-02-01",33487.8732332185,46.3167167899191,44.7751911099225,12.7,55167,116780,230683,262530,176731,226329,9.48,10.6986,9.28,11.19,12.06,2090.37,117.8,,1.22730499
"1983-03-01",33932.9445995555,46.737157545327,45.1999599454309,12.5,56394,118831,231877,264320,177360,225865,9.42,8.8414,9.16,11.19,11.97,2156.06,121.47,,1.22619564
"1983-04-01",34313.5035546368,46.7413592631531,45.235773635453,12.4,56633,119212,233406,266404,178207,225143,9.37,9.2686,9.16,10.9,11.45,2340.81,132.04,,1.23215499
"1983-05-01",34378.458200279,46.8194011333363,45.287147694174,12.4,57186,120126,233917,267547,178031,224476,9.5,9.4686,9.24,10.86,11.63,2420.65,129.86,,1.22879047
"1983-06-01",35259.0382450843,47.2365783085413,45.6256478096956,12.4,58148,121649,235193,269580,178843,223878,9.42,9.6286,9.16,11.29,11.93,2446.97,130.59,,1.23215908
"1983-07-01",35156.3018483398,47.6111575339702,45.8578906367193,11.9,58318,122432,236708,271752,179994,224295,9.49,9.5029,9.24,11.65,12.19,2477.62,131.34,,1.232399999
"1983-08-01",35843.1223952917,47.9819165446748,46.1783412273065,11.7,59405,124060,238466,274198,181430,225453,9.57,9.0871,9.25,12.01,12.55,2483.09,131.61,,1.23364347
"1983-09-01",36240.5757563685,48.0458243613413,46.2761384817069,11.4,59760,124659,240034,276261,182606,226508,9.49,9.4814,9.25,11.66,12.15,2499.58,133.1,,1.23241428
"1983-10-01",35930.16522703,48.2336700497057,46.5591935468586,11.3,59809,124723,241006,277164,183116,226882,9.49,9.4286,9.22,11.54,12.09,2361.08,125.76,,1.23187499
"1983-11-01",36180.8554403717,48.1391538944997,46.5717457279711,11.3,60707,125413,242334,278163,184076,226847,9.63,9.4071,9.43,11.62,12.15,2540.89,136.51,,1.23671904
"1983-12-01",37204.9793325985,48.2525851430976,46.7845332779603,11.3,61074,125684,242111,278840,183901,227632,9.96,9.0671,9.75,11.72,12.29,2552.35,129.98,,1.24684999
"1984-01-01",37284.0147281368,48.4643725265966,47.0759762541589,11.3,60474,125678,243188,280308,184451,227764,9.98,9.7814,9.71,11.7,12.21,2468.88,124.23,,1.24832856
"1984-02-01",37202.0319807327,48.5517018272161,47.2092836702359,11.3,60256,124931,244622,282360,185164,227801,10.04,9.5,9.8,12.3,12.61,2419.83,122.41,,1.24795237
"1984-03-01",37473.9532911305,48.5864002435518,47.2565960755164,11.3,60887,125939,246049,284412,186526,229131,10.78,9.6757,10.49,13,13.28,2382.1,119.69,,1.27003636
"1984-04-01",38218.920798518,48.7857507652752,47.4300294905036,11.5,61124,126146,247348,286272,187528,230502,10.84,10.4314,10.62,13.31,13.54,2323.34,116.91,,1.27940999
"1984-05-01",38338.9914683938,48.7777983241135,47.4042956587221,11.7,61854,126633,249292,288592,188987,232353,11.54,9.8729,11.28,13.9,14.12,2229.75,112.1,,1.29429545
"1984-06-01",38330.0877330883,49.0029793187377,47.6095762373013,11.3,62604,126605,251500,290824,190557,234664,12.36,10.4486,11.98,13.86,14.05,2220.94,111.66,,1.3038238
"1984-07-01",38820.5596904862,49.1369516925545,47.734391889462,11.2,63521,127080,253545,292988,191983,236718,12.98,11.4821,12.65,13.44,13.66,2139.99,108.43,,1.32397618
"1984-08-01",38914.3979894083,49.2176905460461,47.830835342447,11.3,64128,126727,254933,294269,192900,236962,12.38,12.3057,12.16,13.01,13.11,2388.81,120.96,,1.30338695
"1984-09-01",38560.0423201052,49.3727241707717,48.0231712532108,11.8,65077,126947,256767,296114,194220,237930,12.27,12.6607,12.01,12.68,12.87,2392.65,121.19,,1.31434736
"1984-10-01",39487.7572306895,49.4285300928805,48.1497454716962,11.3,66424,127985,258931,298399,196000,240434,11.71,12.2329,11.46,12.32,12.48,2353.26,119.72,,1.31876817
"1984-11-01",39630.4267211845,49.5972219356233,48.3979220743939,11.4,67072,127764,260318,299924,197100,239516,10.75,12.5179,10.56,11.72,12.1,2368.54,120.93,,1.31630952
"1984-12-01",39724.816048126,49.6167397404757,48.5156959738372,11.1,68928,129681,262475,303372,198799,242621,10.09,10.1614,9.83,11.52,11.99,2400.33,122.95,,1.32015262
"1985-01-01",40036.5106006013,49.70266532906,48.712545992581,10.6,70436,131238,265146,306501,200775,243686,9.75,10.125,9.47,11.17,11.71,2595.05,133.35,,1.3238409
"1985-02-01",40605.7553877295,49.917394704415,48.9331275345329,10.8,71224,131086,267249,309305,202240,245349,11.52,9.2857,11.05,12.17,12.52,2594.98,132.66,,1.35299499
"1985-03-01",40881.734011669,50.0733715285468,48.998299164034,11,73407,133299,269383,312316,203588,245780,10.65,10.5714,10.56,11.9,12.2,2612.81,132.83,,1.3834238
"1985-04-01",40943.1814966002,50.5091966147288,49.2376880312298,10.8,74171,133651,271775,315327,205233,247396,10.02,10.0893,9.73,11.38,11.69,2635.31,134,,1.3649
"1985-05-01",41380.9342004412,50.7074347926659,49.355279098578,10.6,76452,135568,274287,318401,207225,249071,9.76,10.3764,9.5,10.61,11.01,2736.31,139.56,,1.37566817
"1985-06-01",41513.8843029585,50.8394235244033,49.516970119937,10.7,77747,136249,276120,320805,208615,249825,9.58,9.6964,9.42,10.74,11.13,2712.5,137.69,,1.36730999
"1985-07-01",41750.9909975945,50.8689216752901,49.6875158003829,10.4,79339,137409,278425,323618,210379,251090,9.31,8.8929,9.08,10.73,11.18,2778.6,141.39,,1.3524409
"1985-08-01",41950.1506172445,50.867185337156,49.7975757678305,10.3,80964,138424,280837,326575,212431,252401,9.2,9.0714,8.95,10.53,10.8,2819.98,143.25,,1.35732726
"1985-09-01",42266.858385161,50.9970175629704,50.0065950802166,10.2,82850,140146,283497,329629,214664,254071,9,8.5893,8.81,10.75,11.03,2632.25,133.68,,1.37023999
"1985-10-01",42716.501473486,51.0714188536201,50.1313853617544,10.3,85235,142454,286091,332773,216619,255551,8.78,8.8393,8.54,10.47,10.74,2674.84,134.9,,1.36652272
"1985-11-01",42860.857032014,51.1705926836151,50.2929227459211,10.3,86729,143751,288599,336342,218972,257320,9.1,9.4107,8.88,9.88,10.4,2857.18,144.29,,1.37651499
"1985-12-01",43119.6414945,51.4569725932062,50.6485006328623,10.1,87466,144508,289877,338005,219948,258806,9.49,9.8393,9.29,9.63,9.99,2900.6,146.91,,1.39490499
"1986-01-01",43338.8470417932,51.5542285656666,50.8291381050662,9.8,89043,146379,292446,341217,221320,262081,10.8,10.6429,10.45,10.18,10.41,2842.96,142.23,,1.40657727
"1986-02-01",43296.1354427567,51.6346358913782,50.978374571285,9.9,88951,145593,293612,343044,221316,263541,11.8,13.6429,11.34,9.69,10.06,2855.83,141.38,,1.40349499
"1986-03-01",43018.0175154503,51.7316561929186,51.1300515876591,9.8,89949,146872,295463,344984,222244,266648,10.44,12.3036,10.19,9.2,9.62,3047.26,150.49,,1.40089499
"1986-04-01",43782.5538927935,51.7107434848554,51.1321819369407,9.7,91347,148825,299862,349701,225944,269700,9.27,8.8571,8.81,8.87,8.95,3078.89,150.14,,1.38751817
"1986-05-01",43539.0752533965,51.9295054861806,51.3796374014472,9.5,92686,150489,302621,353079,228313,267397,8.58,8.5536,8.34,9.08,9.14,3121.97,151.23,,1.37533809
"1986-06-01",43639.37085381,51.9492799288151,51.4184883837148,9.6,93786,152083,304941,356199,230075,267918,8.84,8.375,8.56,8.91,9.11,3085.5,148.6,,1.38970475
"1986-07-01",44251.2261758528,52.2482069381283,51.7187559483405,9.6,95087,154102,307930,359684,232474,269851,8.51,8.2857,8.38,8.98,9.17,2935.33,140.35,,1.38058181
"1986-08-01",44068.4914938278,52.4423861418594,51.9183821959297,9.6,95724,155290,310072,362489,234394,272142,8.58,8.125,8.4,8.81,8.94,3028.2,145.85,,1.38830952
"1986-09-01",44235.2823303195,52.5948655233054,52.0612126862694,9.5,96591,156943,312417,365169,236110,274030,8.6,8.0357,8.31,9.09,9.16,2979.3,145.46,,1.38707142
"1986-10-01",44205.5399716313,52.8963372764602,52.3447781158021,9.4,97833,159318,315544,368862,238535,277703,8.55,8.3036,8.4,9.12,9.24,3038.89,148.73,,1.38830908
"1986-11-01",44211.5567868623,53.1738956060528,52.5891438702895,9.4,98862,161009,319533,370425,241920,281378,8.49,8.2857,8.25,8.79,8.95,3046.8,149.77,,1.38605262
"1986-12-01",45043.9032415062,53.4413826003066,52.7966644020235,9.5,100528,163168,323032,373227,244868,285662,8.49,8.1607,8.25,8.74,8.9,3066.18,150.17,,1.3798
"1987-01-01",45601.841372767,53.5826387826523,52.8700457743137,9.5,101044,164087,325602,376254,248258,287671,7.49,8.1786,7.32,8.26,8.51,3348.85,166.45,,1.36031904
"1987-02-01",45969.6136462068,53.7922658798565,53.0263166665189,9.5,103234,165812,329061,380864,252294,292007,7.53,7.1786,7.29,8.39,8.76,3498.93,172.48,,1.33388499
"1987-03-01",46549.5449810263,53.9765610512246,53.167977061167,9.4,105443,168572,332190,385293,254413,294108,7.05,7.1876,6.83,8.24,8.59,3739.47,182.92,,1.31921363
"1987-04-01",46913.0838095127,54.3489146521753,53.5094839583625,9.2,107570,171367,336005,389996,256778,297055,8.33,7.3483,8.03,9.4,9.45,3716.74,182.82,,1.3189238
"1987-05-01",47212.1997734212,54.5676811823721,53.718398051952,8.9,108023,172827,338800,393578,258484,299843,8.44,7.6251,8.13,9.52,9.76,3685.24,178.1,,1.34119499
"1987-06-01",47729.7164170657,54.7017122723208,53.8596771254885,8.9,108195,174200,342043,397248,260581,302536,8.54,8.5003,8.33,9.31,9.53,3740.19,182.08,,1.33854999
"1987-07-01",48115.0113238818,54.8827261893209,54.0660526751016,8.7,108431,175767,344982,400348,262616,304406,9.22,8.4733,8.94,9.9,10.04,4030.35,195.83,,1.32581363
"1987-08-01",48560.349088879,55.0861480730531,54.2798590167206,8.6,108397,176957,346796,402364,264015,305215,9.24,8.6457,8.98,10.11,10.36,3993.6,192.68,,1.32557142
"1987-09-01",48744.6395872393,55.2378968749117,54.4316413075232,8.4,108634,178332,349191,404677,266095,307013,9.57,9.0829,9.39,10.9,11.18,3902.37,189.94,,1.31528095
"1987-10-01",49127.9190178725,55.3725622854745,54.5508720528179,8.3,107968,178841,351513,407231,268159,309466,8.09,7.4857,8.04,9.8,10.12,3019.27,150.13,,1.30949523
"1987-11-01",49607.2239916795,55.6778597140514,54.8018402485128,8.2,105497,174055,347466,410723,263777,306319,8.56,8.1871,8.25,10.1,10.43,2978.34,146.64,,1.31610999
"1987-12-01",50204.8569904477,55.9951759972553,55.0287511513943,8,106064,175296,350148,412293,265919,308821,8.66,8.5,8.41,10.02,10.29,3160.05,156.93,,1.30743332
"1988-01-01",50540.8343650245,56.0797735289536,54.9945880308492,8.1,105734,175921,352450,416603,267369,309899,8.62,8.6014,8.4,9.31,9.66,3057.22,149.94,,1.28529499
"1988-02-01",50803.2815724633,56.267864631222,55.1529283055162,7.8,105437,175928,355470,423804,269742,311593,8.57,8.3414,8.33,9.13,9.51,3204.83,157.76,,1.2679
"1988-03-01",51392.8840625122,56.4978185851152,55.4402670120808,7.8,107487,178733,358979,429933,272413,314991,8.78,8.4657,8.55,9.61,10.05,3313.79,161.4,,1.24905217
"1988-04-01",51428.6630135107,56.5554741409721,55.6504034098289,7.7,107471,179738,362362,433973,274764,318637,9.12,8.4486,8.81,9.84,10.27,3339.77,162.58,,1.23510499
"1988-05-01",51933.799557686,56.6964270181301,55.8292943861995,7.8,107421,180990,365206,437639,277324,321778,9.17,8.724,8.89,9.86,10.24,3249.22,158.96,,1.23685714
"1988-06-01",51929.537428803,56.9095835505713,55.9753371535361,7.6,109757,184787,370749,443696,281543,326927,9.44,8.7943,9.19,9.7,9.99,3441.48,168.36,,1.2173909
"1988-07-01",52060.7375808915,57.3023728717799,56.1873731186918,7.8,110372,186465,375634,448793,284527,330722,9.54,9.0186,9.3,9.96,10.22,3376.73,164.82,,1.20734499
"1988-08-01",52503.552208354,57.6492885397101,56.3976176284234,7.8,112100,188974,380268,453685,288402,336077,10.03,9.4914,9.89,10.4,10.47,3285.82,161.11,,1.22430454
"1988-09-01",53283.7102107545,57.9814962952192,56.6386727099456,7.8,111822,189770,384145,457460,291440,338360,10.58,9.9914,10.33,10.2,10.21,3283.71,160.69,,1.22650951
"1988-10-01",53425.2885501728,58.3123279344585,56.923858683088,7.8,110884,190452,387544,461151,293948,340298,10.54,10.2671,10.27,9.77,9.89,3395.52,166.26,,1.20524999
"1988-11-01",53378.5419225193,58.3909429092393,57.0155484685681,7.8,113578,193031,392398,465639,297392,343300,10.84,10.0986,10.68,10.05,10.05,3294.68,162.36,,1.21738095
"1988-12-01",54213.169527308,58.5021681960237,57.1909240335106,7.5,113654,194108,396365,468873,300376,345363,11.19,10.3514,10.92,10.17,10,3389.99,167.48,,1.19601999
"1989-01-01",54138.5373953515,58.5403843694936,57.3478779381506,7.5,113559,195271,399802,473436,303153,348591,11.43,10.5982,11.2,10.01,9.82,3616.64,177.13,,1.19142856
"1989-02-01",54918.8084109345,58.8149506322792,57.6695453785497,7.6,113239,196073,403747,476903,305828,350475,11.86,11.0179,11.5,10.42,10.19,3572.12,174.29,,1.189
"1989-03-01",54982.654193714,59.1001332951877,57.9416339254826,7.5,115362,198349,408236,479929,309219,355836,12.39,11.5357,12.07,10.58,10.3,3578.22,174.63,,1.1952909
"1989-04-01",55624.624782259,59.4108705874768,58.1736285459875,7.8,113890,197097,412488,483648,312149,358439,12.62,12.3214,12.38,10.19,10,3627.85,178.31,,1.18857499
"1989-05-01",55849.1416389967,59.9245606248234,58.6643787440887,7.7,115064,198909,418215,488981,316354,362924,12.4,12.5268,12.21,9.71,9.65,3707.44,181.96,,1.1927
"1989-06-01",55974.233578744,60.0916647610994,58.8746647311006,7.5,115295,200071,423597,493789,320689,366853,12.33,12.0893,12.11,9.4,9.42,3760.91,183.71,,1.19834999
"1989-07-01",56249.2011292282,60.2992900422272,59.1826016822292,7.5,116035,201980,428193,498192,324231,369541,12.36,12.3839,12.12,9.31,9.41,3970.8,196.06,,1.18880999
"1989-08-01",56647.1858396387,60.4102155662263,59.3897600020185,7.3,117162,204220,432311,502565,327717,373921,12.41,12.1696,12.18,9.51,9.36,4010.2,198.4,,1.17536363
"1989-09-01",56886.613031133,60.5622700330251,59.6334423673319,7.3,118450,206690,437346,507944,331421,377193,12.48,11.9464,12.21,9.74,9.66,3943.1,195.18,,1.18264999
"1989-10-01",56154.737767148,60.6816842036898,59.850710689491,7.2,119559,209839,441962,513219,334344,380640,12.42,12.1071,12.15,9.38,9.28,3918.7,194.76,,1.17477618
"1989-11-01",56658.8025862855,60.7216884091073,60.0064734650361,7.5,121680,213721,447262,516989,339016,385947,12.46,12.1696,12.22,9.73,9.49,3942.8,196.2,,1.16955237
"1989-12-01",57494.4596465665,60.7912291251546,60.2139268228875,7.7,122426,215635,451917,522665,342158,390101,12.47,12.0625,12.23,9.56,9.37,3969.79,197.96,,1.16116841
"1990-01-01",57022.602474485,60.877809500381,60.4872785211214,7.9,122173,216788,457617,528190,346086,393274,12.29,12.7768,12.29,9.93,9.75,3704.5,185.15,,1.17135908
"1990-02-01",57766.8929986892,61.1188590418185,60.8132529446267,7.7,122593,218303,462556,532414,350539,395545,13.25,13.4196,13.15,10.64,10.34,3686.8,184.64,,1.19648499
"1990-03-01",58192.5045268258,61.2942288745216,61.0008161176711,7.3,123363,219129,466016,534431,352152,397280,13.51,12.9732,13.2,10.88,10.71,3639.6,182.65,,1.17981818
"1990-04-01",57734.2976672885,61.4236250502515,61.0815744495236,7.6,123241,219804,468751,537138,353102,401024,13.8,12.9196,13.5,11.51,11.35,3341,167.84,,1.16385499
"1990-05-01",57944.0345454012,61.6688818332362,61.2685412547675,7.8,123893,220707,472425,539237,356115,404247,13.92,13.8036,13.66,10.86,10.75,3581.99,181.5,,1.17456818
"1990-06-01",58227.6677873103,61.9225361247618,61.466901374433,7.6,123019,219413,474533,540112,356279,405656,13.83,13.0357,13.55,10.64,10.49,3544,178.83,,1.17281428
"1990-07-01",58555.1792942348,62.1477271433604,61.6407248704437,7.9,121857,218807,477377,542737,357911,408552,13.48,13.625,13.35,10.65,10.54,3561.2,180.99,,1.15682856
"1990-08-01",58130.2780311357,62.2909282169788,61.8345756375592,8.1,122035,218907,480946,546102,361491,411134,12.92,13.0893,12.76,10.72,10.7,3346.3,170.13,,1.14443636
"1990-09-01",57735.5426746295,62.4669424188344,62.1515046175194,8.5,121651,218753,484031,549122,363225,413872,12.65,12.8393,12.35,11.42,11.49,3159.4,161.75,,1.15815789
"1990-10-01",58451.9308183652,62.8179307586473,62.7101301677412,8.8,122731,219577,487345,552681,365010,416176,12.66,12.125,12.32,11.02,11.14,3081.26,158.41,,1.15981364
"1990-11-01",58157.510843242,62.8721062526167,63.0668814973642,9.1,123767,221272,491168,555283,367855,418496,12.26,12.5625,12.05,10.54,10.65,3151.1,162.56,,1.1631
"1990-12-01",57582.558338393,62.6429556080494,63.2225363976834,9.5,125114,222378,495504,560414,370573,421678,11.72,11.6161,11.51,10.34,10.4,3256.8,168.42,,1.16004737
"1991-01-01",58573.7723181058,63.6537204524466,64.6468337078773,9.8,126541,224024,500218,564903,373948,424640,10.73,11.6696,10.58,10.05,10.15,3273,169.99,,1.15590455
"1991-02-01",57369.7617732158,63.2839415641867,64.5888227162277,10.2,126565,224074,503278,567507,375786,427173,9.97,10.1696,9.74,9.59,9.88,3462.37,177.36,,1.15459
"1991-03-01",57558.4659086788,63.3853578890534,64.7673025620222,10.5,127798,224896,507663,571038,378484,429564,9.92,9.5089,9.68,9.55,9.79,3495.7,177.97,,1.156885
"1991-04-01",57939.6016318907,63.5724258515628,64.8434106331265,10.3,128147,225347,510929,575684,380377,431102,9.49,9.3482,9.33,9.59,9.88,3468.9,177.29,,1.15330909
"1991-05-01",58556.0610335575,63.8328042797676,65.0555971290504,10.2,129345,225968,513907,578877,382616,433996,9.06,9.1339,8.81,9.59,9.83,3546.2,182.59,,1.14964091
"1991-06-01",58897.337334552,64.0740613909983,65.3328046360549,10.5,128764,225330,515448,580854,381438,433590,8.9,8.7411,8.66,10.09,10.23,3465.82,177.57,,1.143735
"1991-07-01",58661.4057851775,63.9756276527705,65.3624150428165,10.5,130160,227668,520031,586091,383169,433162,8.94,8.6518,8.68,9.9,10.08,3539.64,183.3,,1.14912273
"1991-08-01",58620.3969627165,64.078127426587,65.5457928578698,10.5,129928,227269,521843,588450,383972,432325,8.78,8.5357,8.54,9.67,9.89,3517.89,182.61,,1.14474286
"1991-09-01",58917.1972521057,64.0528815175226,65.5389449230681,10.3,129273,227239,523715,590884,385573,434731,8.59,8.9643,8.39,9.26,9.53,3387.88,175.96,,1.13680499
"1991-10-01",59010.1642624885,64.017380343712,65.489800920368,10.3,128908,226041,524285,592189,385595,437868,8.04,8.3929,7.87,8.74,9.16,3515.76,182.42,,1.1279
"1991-11-01",59107.633459435,64.1839851077786,65.6464176466239,10.4,130360,226237,526839,598529,386166,439219,7.66,7.1518,7.41,8.67,9.16,3448.51,179.97,,1.13033
"1991-12-01",58561.2022780765,64.0906886553637,65.569104496623,10.3,131166,226356,529959,601837,387836,441320,7.67,7.4018,7.43,8.32,9,3512.36,184.39,,1.145745
"1992-01-01",59221.7430155448,64.2239243075658,65.6614209521301,10.4,131385,226941,532543,605126,390429,443159,7.29,7.0625,6.92,8.28,8.92,3596.12,187.34,,1.15647727
"1992-02-01",59102.606861153,64.2792094400179,65.7404358991243,10.5,131871,227573,535771,608773,392335,445301,7.5,7.2054,7.23,8.34,8.94,3581.94,186.74,,1.18253
"1992-03-01",59177.6501233022,64.5493004837328,66.0564956871008,10.9,132511,227292,538047,611569,392743,448832,7.49,6.8304,7.23,8.67,9.16,3412.14,176.69,,1.19263182
"1992-04-01",59486.2210011725,64.5731357049603,66.135510634095,10.7,132833,226807,540346,615234,394118,448982,6.97,6.4286,6.67,8.86,9.4,3355.56,175.43,,1.18754762
"1992-05-01",59351.3425610693,64.6842068577209,66.2935405280832,10.9,133241,226111,542774,618462,394351,449729,6.33,6.1964,6.13,8.49,9.07,3387.93,177.84,,1.19903
"1992-06-01",59848.4364377585,64.860302692008,66.4515704220715,11.4,132825,224416,544394,620813,394188,452198,5.85,6.0804,5.64,8.15,8.83,3387.7,178.87,,1.19587273
"1992-07-01",59714.155698233,64.8822749252187,66.4515704220715,11.3,134117,225826,549201,626809,397322,455478,5.42,5.8214,5.24,7.43,8.34,3443.42,182.61,,1.19172727
"1992-08-01",60241.413145695,64.9924748954973,66.5305853690656,11.7,135001,226753,553055,631868,398941,457307,5.07,5.1339,4.86,7.38,8.12,3402.92,179.38,,1.190865
"1992-09-01",60459.4311560722,65.0647443182216,66.6096003160598,11.6,137031,228347,556843,637000,400887,458884,5.69,6.2946,7.6,7.79,8.33,3297.88,172.19,,1.22227619
"1992-10-01",60753.6663561037,65.118721613298,66.6886152630539,11.4,137239,227457,555109,636514,398606,461618,6.3,8.0625,6.15,7.51,8.21,3336.12,176.24,,1.24502857
"1992-11-01",60587.3991612497,65.1072194339399,66.7676302100481,12.1,137354,225038,557528,641352,400521,466163,8.82,7.8036,8.14,7.88,8.5,3282.83,172.89,,1.26796
"1992-12-01",60491.9344826465,65.1335546051772,66.9256601040363,11.7,136592,223615,558058,641923,400820,466303,7.36,6.7946,7.01,7.86,8.36,3350.44,175.07,,1.27272857
"1993-01-01",60381.521771713,65.1160729371175,67.0836899980246,11.2,136373,223799,557944,642397,400222,467765,6.81,6.4643,6.47,7.98,8.51,3305.47,172.17,,1.27755
"1993-02-01",61233.4875143875,65.3410300857092,67.320734839007,11,136168,222710,560249,644539,401586,470401,6.09,5.9286,5.91,7.45,8.13,3451.69,179.81,,1.259745
"1993-03-01",61872.9907138995,65.4335735110774,67.320734839007,11.2,136031,220991,561186,646294,402996,472341,5.36,4.7857,5.35,7.52,8.18,3602.44,185.8,,1.24686522
"1993-04-01",62041.599352854,65.6863800749245,67.3997497860012,11.6,136141,220785,563424,650969,404748,472204,5.6,4.4464,5.36,7.54,8.15,3789.41,196.89,,1.262
"1993-05-01",62002.5782728873,65.7828840579503,67.4787647329953,11.6,138417,222823,567264,656960,406760,472775,5.1,4.5,4.82,7.49,8.17,3882.68,200.71,,1.270085
"1993-06-01",62295.8223742588,65.6739328987215,67.4787647329953,11.7,141466,224830,571197,663338,408896,473616,4.79,4.2946,4.53,7.34,8.01,3966.37,201.9,,1.27861818
"1993-07-01",61850.8710996668,65.4574943313988,67.5577796799894,11.6,141455,224137,571930,667029,408307,474943,4.41,3.9554,4.06,7.18,7.85,3967.23,202.04,,1.28171429
"1993-08-01",62539.9865834252,65.4932871671628,67.7158095739777,11.2,143002,225294,574152,672018,409971,474999,4.99,4.4464,4.57,6.81,7.47,4137.55,208.56,,1.3087619
"1993-09-01",63126.142316908,65.5570937246159,67.7948245209718,11.5,145372,228169,575944,676715,410679,477011,4.9,4.3571,4.69,6.99,7.57,3990.61,200.29,,1.3211619
"1993-10-01",63101.5259736487,65.770266265437,67.9528544149601,11.3,145483,227384,575367,679297,409564,479090,4.63,4.5893,4.4,6.79,7.41,4255.54,215.56,,1.326115
"1993-11-01",63387.8598783608,65.9921995420347,68.0318693619542,11.2,146640,228127,575832,683287,409862,478513,4.34,3.9286,4.08,6.92,7.56,4180.21,213.19,,1.31773333
"1993-12-01",63202.6141479905,66.179858322937,68.0318693619542,11.4,148243,228585,576901,688418,411462,479717,4.11,3.7857,3.87,6.57,7.28,4321.43,221.49,,1.33070476
"1994-01-01",64239.000115364,66.4203603559878,67.9528544149601,11.4,149824,229535,578306,694709,413158,482918,3.88,3.8839,3.63,6.39,7.16,4554.85,235.29,106.432653854249,1.317365
"1994-02-01",64099.4880468632,66.04868755157,67.3997497860011,11.1,152136,231043,578764,699820,413595,482311,4.1,3.6429,3.84,6.94,7.53,4423.84,227.44,102.838268866473,1.342085
"1994-03-01",64825.511837773,66.1676639753599,67.3997497860011,10.6,153076,230613,575039,701322,409985,482142,5.64,4.3393,5.47,7.95,8.33,4329.62,221.09,100.565063225556,1.3643
"1994-04-01",64892.9820435735,66.1699846314683,67.3997497860011,10.9,153970,231273,575557,705599,411389,486424,6.07,5.6607,5.86,7.95,8.22,4267.12,218.45,98.9621618120881,1.382465
"1994-05-01",65146.5481101613,66.1232892617801,67.320734839007,10.7,153906,230374,574909,705627,411805,488170,6.59,5.9196,6.14,8.41,8.58,4326.77,222.88,98.4958632190794,1.3809619
"1994-06-01",65875.4698462652,66.2716296155082,67.3997497860011,10.3,153745,229198,576491,707579,413231,491963,5.69,5.6518,6.38,9.11,9.27,4025.25,207.48,98.0101355180286,1.38378182
"1994-07-01",66143.3454670645,66.5767793977006,67.6367946269835,10.1,154311,228903,579750,711196,416308,495759,5.38,5.4375,5.76,9.36,9.46,4178.97,216.41,97.611838803167,1.382495
"1994-08-01",66778.4955886487,66.809042705133,67.7948245209718,10.2,153454,227148,581850,714054,418221,499334,5.38,5.3839,5.52,8.74,8.87,4349.5,226.88,97.5729805870829,1.37755455
"1994-09-01",67274.1589442868,66.9483152934674,67.873839467966,10.1,152752,226279,584343,717572,419883,500904,5,4.9196,5.2,8.88,9.07,4354.18,226.43,98.8358726098149,1.35372381
"1994-10-01",66844.22037474,66.8883685060596,67.7948245209718,10,153489,225441,585595,719730,420713,501372,4.94,4.9375,5.39,9.14,9.36,4291.65,223.28,98.5347214351634,1.350015
"1994-11-01",67520.57395628,67.137107793845,68.0318693619542,9.7,152866,222452,585751,723946,420678,502511,5.44,5.3304,5.86,9.16,9.26,4093.41,214.95,98.0101355180286,1.36491429
"1994-12-01",68332.20566898,67.3472303426803,68.2689142029366,9.6,153048,222091,586972,724717,422101,504205,5.69,5.5357,7.14,9.07,9.13,4213.61,221.84,96.9609636837589,1.38842
"1995-01-01",68678.1302508645,67.4196796454416,68.4269440969249,9.6,154004,223252,589841,727037,425149,505586,7.25,7.0804,8.1,9.34,9.4,4017.48,211.01,95.5717824587536,1.41289524
"1995-02-01",68788.8754864375,67.6495440108686,68.7430038849015,9.6,152998,221133,590886,725437,426238,505616,8.12,8.0179,8.11,8.76,8.87,4124.81,218.61,96.2323721321827,1.400515
"1995-03-01",68525.994262698,67.7191558471642,68.9010337788898,9.7,152863,219508,592900,726219,427895,508602,8.06,8.0625,8.29,8.57,8.76,4313.61,228.13,95.0277674335767,1.40736522
"1995-04-01",68804.6724384025,67.8204118139015,69.059063672878,9.5,153054,219777,595514,729455,429643,511274,7.97,7.9943,7.87,8.31,8.52,4279.47,225.57,95.9797937276363,1.37585789
"1995-05-01",69186.6463402555,68.0382607938282,69.2961085138605,9.5,151515,219934,597789,732192,430736,514047,7.59,7.6286,7.4,7.88,8.26,4448.64,234.67,97.1843984262423,1.36084
"1995-06-01",69222.681221342,68.0437892427425,69.2961085138605,9.5,152645,221096,602164,737435,433633,517061,7.19,7.3229,6.73,7.81,8.19,4527.15,239.36,95.7175007690689,1.37720455
"1995-07-01",69210.8105330825,68.1595193549417,69.3751234608546,9.6,153499,221108,604820,741525,434937,520458,6.56,6.5571,6.65,8.27,8.66,4615.05,242.39,97.1455402101582,1.360865
"1995-08-01",69441.9212341103,68.1558363499296,69.2961085138605,9.5,154309,222029,607408,745467,436340,523095,6.25,6.4229,6.34,8,8.41,4516.7,238.46,98.0101355180286,1.35492727
"1995-09-01",69591.2682328073,68.3304160394273,69.3751234608546,9.2,155578,223482,611001,750255,439200,525577,6.19,6.1257,6.58,7.89,8.27,4529.75,238.62,98.6998688535207,1.350735
"1995-10-01",69900.586927903,68.4592909265423,69.3751234608546,9.3,156523,224396,611040,751611,438894,525376,6.19,6.2129,7.16,7.86,8.28,4459.16,236.18,98.5152923271214,1.34549524
"1995-11-01",70292.5886002123,68.6198835093587,69.4541384078487,9.2,156789,224510,612301,754744,439932,529816,5.94,5.9357,5.83,7.19,7.63,4661.18,247.86,98.6610106374366,1.35317619
"1995-12-01",69976.8244718848,68.6291915311403,69.4541384078487,9.4,157156,223779,613954,758114,441103,531128,5.78,5.7086,5.54,7.11,7.63,4713.54,250.51,97.3981186147046,1.36946842
"1996-01-01",70435.244111353,68.694860032283,69.5331533548429,9.4,157534,223178,616259,762218,442368,534228,5.56,5.5057,5.12,7.01,7.64,4968.43,264.97,97.4466913848097,1.36654546
"1996-02-01",70365.8130448983,68.6958984346354,69.612168301837,9.5,159556,223745,620373,767374,444600,539118,5.19,5.1771,5.21,7.53,8.08,4933.72,260.91,96.5626669688972,1.3755
"1996-03-01",70250.9428437488,68.8822327988958,69.9282280898136,9.6,162558,225156,623642,773213,446272,540003,5,4.9386,5.02,7.64,8.14,4970.83,263.73,97.3106876285155,1.3653381
"1996-04-01",70749.037152314,68.889850528868,70.0862579838019,9.3,162854,224693,625061,777727,446481,541473,4.75,4.7557,4.78,7.76,8.26,5146.47,271.58,97.650697019251,1.35909524
"1996-05-01",71200.5224443005,68.9977636278086,70.2442878777901,9.2,165283,227420,628213,783305,448036,545542,4.75,4.77,4.68,7.72,8.09,5246.4,278.11,97.0775383320111,1.36904545
"1996-06-01",71276.4404033855,69.0359728096446,70.2442878777901,9.8,167373,229417,630806,788386,449427,547095,4.75,4.7171,4.7,7.77,8.17,5044.07,269.23,97.3981186147046,1.365495
"1996-07-01",71783.2875072897,69.1906477378741,70.2442878777901,9.7,167375,228333,629406,789766,447130,547385,4.5,4.5443,4.39,7.62,8.06,4929.15,264.48,96.9415345757169,1.36934545
"1996-08-01",72080.618892765,69.3547536017048,70.3233028247843,9.4,168533,229493,630618,794267,447620,549041,4,4.0157,4.02,7.34,7.83,5143.43,273.81,96.3003740103298,1.37182857
"1996-09-01",72272.0935999455,69.4552445790337,70.4023177717784,9.9,169398,230586,632459,799162,449021,549298,4,4.0329,3.86,7.16,7.75,5291.07,283.45,96.436377766624,1.369245
"1996-10-01",72573.2060127748,69.6559639542692,70.6393626127608,9.9,171966,233766,633264,803261,448984,553899,3.25,3.4157,3.17,6.47,7.12,5598.82,301.69,97.9227045318394,1.35063636
"1996-11-01",73910.1565280175,69.8888317825744,70.8764074537433,9.9,174162,236391,633342,810245,447730,555597,3,3.0071,2.73,6.05,6.75,6016.67,327.7,99.0107345821932,1.33837
"1996-12-01",72936.6374592077,69.9558715810576,71.0344373477315,9.7,175978,238661,635118,814573,448420,558040,3,3.01,2.85,6.37,7.09,5927.03,321.59,97.4564059388307,1.361815
"1997-01-01",74019.916223406,70.0150951415382,71.1134522947257,9.5,177158,239349,636729,821050,449267,559121,3,2.9986,2.87,6.65,7.38,6109.58,331.1,98.6415815293946,1.34861364
"1997-02-01",74659.343700796,70.0356213051693,71.1924672417198,9.5,179569,241455,637391,826590,449193,564047,3,2.9843,2.91,6.38,7.08,6157.84,334.81,98.8261580557939,1.3552
"1997-03-01",74257.740075798,69.994364592128,71.271482188714,9.3,180693,242770,636955,831940,447800,569036,3,2.9629,3.14,6.59,7.24,5850.22,319.77,97.7672716675032,1.371835
"1997-04-01",75128.3299722405,69.9024792742109,71.271482188714,9.4,182261,243856,638360,838620,448517,568401,3,3.0357,3.14,6.68,7.18,5976.63,330.67,96.0380810517624,1.39398182
"1997-05-01",75160.038234497,69.805071275727,71.271482188714,9.4,183648,245049,638103,841822,448940,568636,3,2.9571,2.99,6.65,7.15,6382.12,352.95,96.7861017113806,1.38047143
"1997-06-01",74564.6317932625,69.7850798133884,71.3504971357081,9.1,185297,246491,637007,844923,449574,569771,3.25,2.9657,2.86,6.14,6.73,6437.74,356.34,96.407234104561,1.38398
"1997-07-01",76113.6120407957,69.8809151932429,71.4295120827022,8.9,186033,244984,633206,846373,446916,569157,3.25,3.2429,3.29,5.8,6.32,6877.68,380.73,97.2426857503683,1.37710455
"1997-08-01",76062.2622323828,70.0525958559859,71.5875419766905,8.9,188111,246927,632383,850785,446333,573735,3.25,3.2671,3.11,6.06,6.63,6611.79,361.96,96.8541035895277,1.39045
"1997-09-01",75965.1257268215,70.133101177999,71.5875419766905,8.8,188084,246252,631397,854330,445832,576499,3.25,3.2357,2.86,5.7,6.26,7040.23,385.25,96.8055308194226,1.38691
"1997-10-01",76858.5820233675,70.3174110463367,71.5875419766905,8.9,189478,247803,629608,857716,445044,580374,3.5,3.54,3.59,5.49,6.05,6842.36,375.23,96.7278143872545,1.38667727
"1997-11-01",76907.9286156867,70.2206677119184,71.5085270296964,8.9,192253,250894,629759,862254,446053,582446,3.75,3.5529,3.67,5.56,5.96,6512.78,365.71,95.2414876220391,1.41325263
"1997-12-01",77228.4893609455,70.1206727434461,71.5875419766905,8.5,193323,251539,628743,865834,445465,589295,4.25,4.3357,3.99,5.61,5.95,6699.44,378.09,95.3872059323543,1.4267
"1998-01-01",77130.8282300922,70.1455407335206,71.9826167116612,8.8,195027,252496,627605,871531,444811,587930,4.75,4.2843,4.1,5.41,5.81,6700.2,381.23,95.6300697828797,1.44081
"1998-02-01",77936.932570962,69.9878937484508,71.9826167116612,8.6,194658,251452,624941,871671,442836,586577,4.75,4.7114,4.57,5.47,5.78,7092.49,406.82,95.4066350403964,1.43397
"1998-03-01",78585.239198946,69.983554731192,71.9826167116612,8.4,195396,251871,622601,875778,440915,585540,4.75,4.6829,4.59,5.34,5.7,7558.5,435.32,96.4849505367291,1.41627727
"1998-04-01",78157.2501662958,70.0114081901492,71.9036017646671,8.3,195251,251767,622318,881972,440589,585146,4.75,4.7257,4.85,5.49,5.76,7664.99,440.34,95.192914851934,1.42981
"1998-05-01",77737.8177358152,70.0768041035858,71.9826167116612,8.3,196723,253076,623373,886621,441844,589420,4.75,4.7386,4.75,5.34,5.61,7589.78,441.02,94.4740378543788,1.444995
"1998-06-01",77907.932097889,70.0507921074458,72.0616316586553,8.4,196538,252403,622664,889239,441642,594174,4.75,4.74,4.87,5.35,5.52,7366.89,427.01,93.7843045188867,1.46530455
"1998-07-01",77030.149506536,69.7805686304793,72.0616316586553,8.3,198291,252879,623550,894378,442496,594161,4.75,4.77,4.94,5.47,5.61,6931.43,400.51,92.4825542800706,1.48762727
"1998-08-01",78901.6048619777,69.7771166361849,72.1406466056495,8.1,199524,254238,626515,900038,444070,594690,5.75,4.72,4.91,5.67,5.83,5530.71,318.75,89.8304810323333,1.53529
"1998-09-01",78786.2456314863,69.5013025879682,71.9826167116612,8.2,200328,254348,629453,904383,445747,595663,5.5,5.7271,4.91,4.95,5.32,5614.12,321.55,89.4710425335557,1.52134762
"1998-10-01",79091.3200740055,69.8334401600757,72.3776914466319,8,200787,254480,631545,908084,447403,600562,5.25,5.2329,4.71,5,5.45,6208.28,359.99,87.3824134190373,1.54504286
"1998-11-01",79111.887010537,69.7976952169311,72.3776914466319,8,200559,254431,633225,912411,448114,597535,5,4.9514,4.78,5.18,5.47,6343.87,369.21,87.5864190534786,1.53937
"1998-12-01",80170.7929154575,69.8429047886332,72.3776914466319,8.1,200484,254344,635534,915580,449237,607467,5,5.1129,4.66,4.89,5.23,6485.94,375.98,86.9355439340706,1.54221905
"1999-01-01",81217.2923686142,70.0662255638881,72.5357213406202,7.9,202763,256731,639336,923556,452562,598861,5,4.9914,4.68,4.89,5.23,6729.56,396.87,88.2275796188657,1.519205
"1999-02-01",81258.3647145943,70.0959776203476,72.5357213406202,7.9,203817,257767,640857,924811,453707,599133,5,4.9957,4.87,5.26,5.43,6312.69,368.25,90.0150575587326,1.497275
"1999-03-01",81334.3429167915,70.2894661892258,72.6937512346085,7.9,204180,258400,643488,928876,455243,601635,4.75,4.9943,4.63,5.05,5.36,6597.79,384.98,89.3933261013876,1.5175
"1999-04-01",82457.8329078067,70.7715909817574,73.0888259695792,8.2,206240,260877,647354,935597,457637,606551,4.75,4.7771,4.6,5.14,5.41,7014.7,410.85,90.9476547447501,1.48737619
"1999-05-01",82530.479720095,70.9280810980541,73.1678409165733,7.9,208052,263372,650228,940046,459005,609241,4.5,4.5929,4.48,5.42,5.58,6841.8,400.07,92.9974256431844,1.462045
"1999-06-01",83554.6873720985,71.0808734008277,73.1678409165733,7.6,207591,263066,651765,942725,458635,613265,4.5,4.5957,4.56,5.46,5.63,7010.07,411.04,92.8711364409112,1.46909545
"1999-07-01",84091.7737525228,71.3942529022756,73.3258708105616,7.6,209232,264162,654293,947387,460383,616116,4.5,4.6114,4.71,5.62,5.74,7081.03,415.1,91.7053899583893,1.48878
"1999-08-01",85059.555371198,71.7903515839926,73.6419305985381,7.4,211231,266635,658548,953516,463863,619559,4.5,4.6229,4.68,5.55,5.68,6970.81,407.32,90.889367420624,1.49234762
"1999-09-01",86175.6708762793,72.026952120198,73.8789754395206,7.5,211581,266868,660775,956947,465086,619129,4.5,4.5786,4.66,5.77,5.91,6957.72,408.54,91.511098877969,1.47682381
"1999-10-01",85605.7979907993,71.9534693715376,73.9579903865147,7.2,212416,268089,663948,961222,467460,627772,4.5,4.6057,4.87,6.26,6.36,7256.22,433.85,91.3362369055907,1.477305
"1999-11-01",86567.1778282952,72.0243608325238,74.0370053335088,6.9,213541,269351,667811,966513,471223,632136,4.75,4.7714,4.73,6.02,6.1,7523.23,447.29,91.9871120249988,1.46745238
"1999-12-01",88074.0241809053,72.350304037778,74.2740501744913,6.8,215489,271962,672445,970406,476000,636424,4.75,4.7586,4.85,6.18,6.23,8413.75,495.86,91.5693862020951,1.47325238
"2000-01-01",88492.963083748,72.4786862019002,74.2740501744913,6.8,216688,272596,674673,977189,478778,638821,4.75,4.77,5.05,6.44,6.27,8481.11,498.59,92.725418130596,1.44893
"2000-02-01",88678.8364461745,72.8973986085845,74.5110950154737,6.9,221673,277436,678920,982750,483138,644670,5,4.9714,4.96,6.19,5.83,9128.99,519.93,93.1431439534997,1.45106667
"2000-03-01",90375.2004700775,73.5925721668096,74.9061697504444,6.9,225082,281804,684357,991819,487562,651616,5.25,5.2486,5.27,6.03,5.84,9462.39,568.89,92.696274468533,1.46058261
"2000-04-01",90113.394756434,73.5900558444568,74.5901099624678,6.7,228485,285087,689248,1000852,491469,654719,5.25,5.2586,5.43,6.1,5.92,9347.61,559.86,92.0259702410829,1.46841579
"2000-05-01",91874.515671149,74.0785775220357,74.8271548034502,6.6,228101,284878,689628,1004093,491874,652413,5.75,5.7529,5.67,6,5.63,9251.99,556.35,91.2682350274436,1.49546818
"2000-06-01",92874.0895724167,74.6656729434096,75.3012444854151,6.7,230062,287216,693689,1009955,495552,653492,5.75,5.75,5.53,5.93,5.61,10195.45,617.91,92.2785486456293,1.47684
"2000-07-01",93178.453667706,74.8877754693712,75.5382893263975,6.8,231897,288351,695970,1015543,497767,663068,5.75,5.7271,5.61,5.86,5.55,10406.31,638.35,92.4339815099655,1.477855
"2000-08-01",93681.0791292378,74.745323085328,75.4592743794034,7,232699,289292,698391,1020982,499916,672324,5.75,5.7514,5.58,5.77,5.51,11247.91,687.08,92.2299758755242,1.48245
"2000-09-01",93582.4672030563,74.921951592323,75.7753341673799,6.9,235280,291561,701014,1026621,502641,675445,5.75,5.7429,5.56,5.75,5.67,10377.92,618.28,92.3854087398604,1.486165
"2000-10-01",93465.5927852355,75.0404324647079,76.0913939553565,7,237172,293932,703056,1031770,505066,676184,5.75,5.7514,5.61,5.72,5.61,9639.57,569.28,91.1613749332124,1.51229524
"2000-11-01",94170.538071539,75.4507302606919,76.4864686903272,6.9,238162,295132,704913,1036824,505878,677994,5.75,5.75,5.62,5.54,5.51,8819.92,525.33,89.665333613976,1.54222381
"2000-12-01",95583.8691432255,75.8354524922252,76.6444985843155,6.8,241495,300146,711964,1046507,511192,688257,5.75,5.8,5.49,5.35,5.56,8933.68,528.72,90.5299289218464,1.52243684
"2001-01-01",95248.815214092,76.0487209988682,76.4864686903272,6.9,241236,298207,711159,1053091,509066,689400,5.5,5.4914,5.11,5.39,5.72,9321.87,554.84,91.0156566228972,1.50315455
"2001-02-01",96252.3460093462,76.2322858460622,76.5654836373213,7,244021,300912,716918,1060168,512438,688874,5.5,5.49,4.87,5.36,5.66,8078.72,472.6,90.1802049770898,1.521815
"2001-03-01",95979.8387765615,76.1687108461898,76.7235135313096,7.1,246074,303302,723282,1067552,515343,692182,5,4.9927,4.58,5.41,5.79,7608,443.04,88.6064472256853,1.5585
"2001-04-01",96174.1982829357,76.2129378770141,77.2766181602686,7.1,247510,305095,726206,1072094,516171,689581,4.75,4.7442,4.43,5.66,5.97,7946.63,459,89.1310331428201,1.557485
"2001-05-01",96465.4684203247,76.2512712010293,77.7507078422334,7,251786,310000,730971,1078890,519405,693259,4.5,4.67,4.34,5.96,6.03,8161.87,471.09,90.5493580298884,1.54145455
"2001-06-01",95575.3332967395,75.850802697167,77.7507078422334,7.2,250389,309988,729935,1079790,516575,693018,4.5,4.4935,4.3,5.73,5.89,7736.35,444.84,91.7539627284944,1.52439524
"2001-07-01",94415.8238947363,75.2717697201917,77.513663001251,7.1,252626,312945,733621,1085667,518855,694608,4.25,4.2414,4.07,5.76,5.94,7689.69,445.15,91.6471026342632,1.53036667
"2001-08-01",95383.8668141673,75.1912021997662,77.5926779482451,7.2,253387,314932,736793,1090701,519615,698389,4,4.1679,3.8,5.36,5.67,7399.22,430.33,90.3744960575102,1.54016
"2001-09-01",94901.3092910965,75.228189922665,77.7507078422334,7.2,259557,322689,746637,1101762,526466,709759,3.5,3.4858,3.05,5.32,5.86,6838.56,398.2,88.6064472256853,1.56767895
"2001-10-01",95540.778011126,75.0331969023491,77.513663001251,7.3,260571,326996,753608,1109966,528910,710307,2.75,2.7412,2.34,4.86,5.31,6885.7,397.55,88.2275796188657,1.57117727
"2001-11-01",95087.6407169797,74.4197055777704,76.960558372292,7.5,265155,333734,762701,1119601,533257,713847,2.25,2.5955,2.07,5.36,5.59,7425.65,431.78,86.3818143548727,1.59242381
"2001-12-01",93517.5812718942,74.4532202721647,77.1976032132744,8.1,269505,339915,769981,1126978,536726,718035,2.25,2.2444,1.95,5.44,5.69,7688.41,442.55,87.7612810258569,1.57746842
"2002-01-01",95899.5463166478,74.6792186515766,77.513663001251,8,271787,344259,775341,1133410,539538,723376,2,1.9923,1.96,5.42,5.68,7648.49,438.92,86.7801110697343,1.60028636
"2002-02-01",96828.0912199742,74.922214742314,77.7507078422334,7.9,272881,347440,778480,1138382,541308,727214,2,1.9926,2.05,5.31,5.69,7637.5,436.48,87.4698444052264,1.595845
"2002-03-01",96932.362463378,75.3618935036309,78.06676763021,7.9,274278,350234,781453,1143280,543650,729597,2,1.9933,2.3,5.79,5.98,7851.47,446.74,88.0138594304033,1.587025
"2002-04-01",99007.1747653632,76.2747649763767,78.6198722591689,7.7,275020,352822,782299,1146255,545075,731669,2.25,2.244,2.37,5.64,5.92,7663.39,434.04,88.3052960510338,1.58136
"2002-05-01",98927.3125932953,76.2921492081929,78.5408573121748,7.8,275200,353401,782144,1148087,545398,731751,2.25,2.2471,2.6,5.49,5.78,7656.13,429.17,89.8401955863543,1.54965455
"2002-06-01",98538.5126413415,76.3356205667237,78.6988872061631,7.6,277003,356866,785387,1152518,548749,733926,2.5,2.4964,2.7,5.37,5.74,7145.61,401.2,90.6562181241196,1.531685
"2002-07-01",100106.518023435,76.6527314334533,79.2519918351221,7.6,278738,358946,789133,1156529,551889,742754,2.75,2.7418,2.81,5.23,5.73,6605.42,371.06,89.7819082622282,1.54593636
"2002-08-01",100565.771910673,76.846754768508,79.5680516230987,7.4,281298,362035,793723,1161177,554858,748006,2.75,2.7448,2.96,5.14,5.58,6611.95,371.8,88.8007383061056,1.5679381
"2002-09-01",100363.710065893,76.9333729827887,79.6470665700928,7.6,282817,363362,797614,1165418,557401,753634,2.75,2.7447,2.83,4.92,5.43,6180.42,345.06,88.431585253307,1.575845
"2002-10-01",102225.356799678,77.5636497616609,80.0421413050635,7.6,284626,366747,802984,1171125,561913,753984,2.75,2.7449,2.73,5.16,5.63,6248.79,351.36,88.5384453475382,1.57781364
"2002-11-01",102529.149910874,77.9192960939758,80.279186146046,7.5,284463,367497,805339,1173777,563901,757752,2.75,2.7431,2.71,5.18,5.58,6570.42,372.63,88.7521655360005,1.57141
"2002-12-01",101770.493289448,77.8707695017524,80.2001711990518,7.6,283074,367049,806266,1173175,565105,757843,2.75,2.7439,2.63,4.88,5.42,6614.54,373.15,89.0144584945679,1.559315
"2003-01-01",103767.292388669,78.6429715295225,80.9113057219991,7.5,283707,368576,809377,1175358,568020,760195,2.75,2.7439,2.83,5.02,5.49,6569.49,370.48,89.9859138966695,1.54101818
"2003-02-01",104488.498027308,79.0007663913239,81.3063804569698,7.5,283112,368801,812769,1177484,570094,755006,2.75,2.7469,2.88,4.93,5.46,6555.12,371.97,91.8219646066415,1.51235
"2003-03-01",104266.209584024,78.9576797250638,81.3853954039639,7.4,283057,369138,816639,1179055,572100,765642,3,2.992,3.14,5.13,5.58,6343.29,361.23,93.988310153328,1.47591
"2003-04-01",103149.05543069,78.2079841494397,80.8322907750049,7.6,282288,369921,817340,1179336,574362,772296,3.25,3.2373,3.19,4.9,5.41,6586.07,373.94,94.1728866797273,1.45848
"2003-05-01",103100.652952832,78.0438936518917,80.6742608810167,7.8,284292,371470,819617,1182937,576518,781164,3.25,3.2416,3.16,4.5,5.12,6859.8,388.11,98.6804397454787,1.38449524
"2003-06-01",103180.291616479,78.3498128767212,80.8322907750049,7.6,286165,375768,823908,1188512,580734,788484,3.25,3.2449,3.07,4.37,5.03,6983.14,394.63,100.739925197934,1.35227143
"2003-07-01",104779.275722297,78.8742868577132,80.9903206689932,7.7,291375,381696,829426,1195597,586144,795783,3,2.9947,2.81,4.78,5.4,7257.92,409.03,99.2147402166346,1.38151818
"2003-08-01",104035.619353735,79.2473077880023,81.2273655099756,7.8,293614,385302,833358,1201442,589805,792622,3,2.9972,2.71,4.96,5.44,7510.32,423.28,98.291857584638,1.39565
"2003-09-01",105759.104923968,79.4913761607124,81.3853954039639,7.9,294963,388052,836033,1206106,592427,796039,2.75,2.749,2.58,4.64,5.23,7421.13,416.58,100.089050078526,1.36322381
"2003-10-01",105608.874032785,79.2973758625645,81.3063804569698,7.6,294154,388754,836335,1208893,593186,799968,2.75,2.7492,2.64,4.85,5.38,7772.7,436.2,102.197108301086,1.32184545
"2003-11-01",105786.424826501,79.4525221712831,81.464410350958,7.4,295696,391252,839476,1214854,596531,807954,2.75,2.7481,2.67,4.79,5.29,7859.39,438.25,103.508573093924,1.31257895
"2003-12-01",106825.701140713,79.9754831902544,81.8594850859288,7.3,297280,394915,843270,1218512,600177,810034,2.75,2.7481,2.57,4.66,5.2,8220.89,458.72,102.935414406684,1.31283333
"2004-01-01",107314.634930466,80.2759901157734,81.9385000329229,7.3,300740,399313,848293,1224238,604836,824730,2.5,2.4951,2.25,4.61,5.23,8521.39,476.64,103.333711121545,1.29599
"2004-02-01",107603.978941539,80.4502962249629,81.9385000329229,7.3,303689,403502,851401,1230395,607878,828795,2.5,2.4953,2.13,4.41,5.09,8788.49,490.59,100.438774023283,1.32896
"2004-03-01",109135.386127995,80.6190710879614,81.9385000329229,7.3,306122,408685,855273,1236770,611051,835855,2.25,2.2482,1.98,4.33,5.04,8585.93,475.59,100.691352427829,1.32835652
"2004-04-01",109584.823454,80.946066488273,82.1755448739053,7.2,309306,413795,858407,1242536,613503,843146,2,1.9959,1.95,4.71,5.31,8243.97,455.87,100.001619092337,1.34245238
"2004-05-01",110307.680369032,81.6060636486076,82.7286495028643,7.1,313952,419436,862929,1249217,617191,853824,2,1.9985,1.98,4.77,5.32,8417.32,463.61,98.1655683823648,1.378325
"2004-06-01",112144.496176967,81.8408047308075,82.8076644498584,7.2,315344,425580,868669,1256560,622156,851468,2,2.0005,2.01,4.83,5.33,8545.58,472.78,99.1273092304454,1.35766
"2004-07-01",111983.146374425,81.9581808216782,82.8076644498584,7.1,315878,425889,869987,1259880,623300,856733,2,1.9973,2.08,4.82,5.29,8458.07,469.34,101.711380600036,1.32194286
"2004-08-01",112625.190047644,81.9112847360031,82.7286495028643,7,316026,426933,872422,1264323,625624,864086,2,1.9979,2.13,4.68,5.15,8377.03,465.48,102.129106422939,1.31177143
"2004-09-01",113261.663577931,81.9155036493341,82.8076644498584,6.9,316179,427350,873033,1266995,625984,868257,2.25,2.2496,2.45,4.58,5.04,8668.29,482.19,103.897155254764,1.28779524
"2004-10-01",113483.569005413,82.0395969038038,83.123724237835,7.1,317248,429356,875853,1272188,628872,876968,2.5,2.496,2.57,4.52,5,8870.97,496.37,106.665803150754,1.24694
"2004-11-01",114023.635602675,82.352531746307,83.5187989728057,7.2,317483,430277,877779,1276891,631017,882888,2.5,2.4977,2.63,4.44,4.9,9030.05,501.18,110.813917717727,1.19607619
"2004-12-01",114262.795391912,82.4477827176222,83.5978139197998,7.1,321653,434950,883719,1283475,637757,894835,2.5,2.4999,2.47,4.39,4.92,9246.65,511.91,108.16184446999,1.21910952
"2005-01-01",115642.167945623,82.5961459861724,83.5978139197998,6.9,324382,438754,890539,1290855,643341,902660,2.5,2.498,2.43,4.21,4.74,9204.05,506.75,107.627543998834,1.225335
"2005-02-01",114965.648205484,82.7432671088579,83.676828866794,7,326783,442289,894993,1297738,647482,915886,2.5,2.4971,2.46,4.28,4.76,9668.32,532.08,106.092644463514,1.23967
"2005-03-01",114473.183848892,83.0257481249407,83.9138737077764,6.9,328193,444261,898080,1303468,649721,922918,2.5,2.4794,2.56,4.39,4.77,9612.38,533.87,107.889836957402,1.2161
"2005-04-01",116000.72715665,83.2530712023571,84.0719036017647,6.7,330593,447338,901530,1309221,652233,931792,2.5,2.4954,2.45,4.14,4.59,9369.3,522.02,106.354937422081,1.23601905
"2005-05-01",116920.909237984,83.2403529540486,83.9928886547705,7,333187,448959,904974,1315408,654779,937117,2.5,2.4866,2.46,4.02,4.46,9607.3,536.89,104.936612535013,1.25550952
"2005-06-01",116980.363605366,83.5310098858753,84.229933495753,6.8,333710,451878,908226,1321988,657102,944141,2.5,2.4936,2.48,3.81,4.29,9902.77,555.06,106.966954325405,1.24021364
"2005-07-01",117937.915315521,83.773978335006,84.3879633897412,6.7,332110,450894,907234,1324828,655844,951578,2.5,2.4922,2.59,3.91,4.31,10422.93,585.02,108.715574049188,1.222745
"2005-08-01",119777.065716913,84.3754547741975,84.7830381247119,6.7,331882,452416,909438,1331225,657957,952504,2.5,2.4882,2.72,3.78,4.12,10668.94,600.4,109.745316775416,1.20402273
"2005-09-01",121533.018967567,85.4717828699883,85.5731875946533,6.7,335806,456906,914081,1340123,661578,954995,2.75,2.7421,2.86,3.94,4.21,11011.83,620.04,112.212813496754,1.17759048
"2005-10-01",121807.058175068,85.7007597929381,85.415157700665,6.7,337808,461648,919970,1349485,666766,959521,3,2.9873,3.06,4.16,4.37,10383.32,585.55,112.164240726649,1.177575
"2005-11-01",122460.518865562,85.6252114689003,85.2571278066768,6.3,338801,463796,922676,1355737,669408,960289,3,2.9883,3.31,4.06,4.18,10824.14,611.09,112.36824636109,1.18107619
"2005-12-01",123091.42295937,85.4804853452038,85.3361427536709,6.6,340190,466397,928320,1364428,674957,963354,3.25,3.2437,3.37,3.93,4.02,11272.26,634.72,114.291728057251,1.161005
"2006-01-01",123301.430049122,85.6585460651751,86.0472772766182,6.7,343239,468508,932716,1372558,678686,968438,3.5,3.2961,3.47,4.11,4.2,11945.64,672.69,113.922575004453,1.15728571
"2006-02-01",122555.333298568,85.0627565579909,85.7312174886416,6.6,348088,473948,939791,1382500,685705,980681,3.5,3.4765,3.72,4.1,4.15,11688.34,659.27,114.524877353755,1.14889
"2006-03-01",123143.23665231,85.1542432682683,85.8102324356357,6.5,350940,476184,944946,1391026,689823,992329,3.75,3.7269,3.86,4.23,4.23,12110.61,682.54,113.942004112495,1.15740435
"2006-04-01",123791.14944001,85.8264241867965,86.2053071706064,6.5,353340,479039,949364,1398803,693878,991403,4,3.8182,4.03,4.52,4.57,12204.17,685.33,114.719168434176,1.14377368
"2006-05-01",124341.064399258,86.1607281950621,86.2843221176006,6.2,358142,479683,951500,1403635,695737,998917,4.25,4.2126,4.18,4.45,4.5,11744.52,657.38,117.565532762333,1.10946364
"2006-06-01",124546.786160733,86.3093688730444,86.2053071706064,6.3,359272,482252,957106,1411163,700337,1005672,4.25,4.2455,4.32,4.63,4.67,11612.87,653.46,117.429529006039,1.11384545
"2006-07-01",125620.511165172,86.6071095966785,86.2843221176006,6.5,362166,485290,964550,1420375,706330,1012400,4.25,4.2442,4.15,4.38,4.45,11830.96,667.43,115.671194728235,1.12924
"2006-08-01",125977.875465339,86.8748857066625,86.4423520115889,6.5,364164,488372,972274,1430494,712504,1020047,4.25,4.2427,4.13,4.12,4.2,12073.75,682.21,116.224924307433,1.11826364
"2006-09-01",124635.613369489,86.5457062221947,86.1262922236123,6.5,367115,492352,980588,1441384,718867,1031983,4.25,4.2465,4.15,3.98,4.07,11761.27,673.16,116.283211631559,1.116175
"2006-10-01",125176.31421005,86.5397202387371,86.2053071706064,6.3,369905,497164,988894,1452517,725202,1038426,4.25,4.2335,4.16,4.17,4.24,12344.59,703.41,115.23403979729,1.1286
"2006-11-01",125954.186743927,86.8624071384178,86.521366958583,6.5,374316,502560,996859,1464381,730857,1046620,4.25,4.2476,4.18,3.94,4.02,12752.38,732.35,114.194582517041,1.13619524
"2006-12-01",127560.499046023,87.2825103016926,86.8374267465596,6.3,376251,507286,1003238,1476017,735677,1058337,4.25,4.2482,4.16,4.05,4.1,12908.39,742.77,111.999093308291,1.153
"2007-01-01",127419.592518713,87.6872545256622,87.074471587542,6.4,378011,510782,1009268,1489497,739488,1065315,4.25,4.2447,4.17,4.17,4.22,13034.12,747.47,109.793889545521,1.17593182
"2007-02-01",129072.161990104,88.1569418587109,87.3905313755185,6.3,380869,513395,1015200,1499754,742336,1071969,4.25,4.2504,4.19,4.03,4.09,13045.02,743.77,110.367048232761,1.17066
"2007-03-01",130327.245491183,88.745469576714,87.8646210574834,6.3,384263,517706,1023033,1512870,747167,1085524,4.25,4.2432,4.16,4.1,4.21,13165.5,752.45,110.55162475916,1.16822727
"2007-04-01",130829.028255492,89.0522118988859,88.1016658984658,6.3,387519,521674,1028008,1522273,749984,1091987,4.25,4.2471,4.16,4.15,4.2,13416.68,765.35,113.32027265515,1.13425
"2007-05-01",131492.878926765,89.0792158978934,88.1016658984658,6.2,390086,523887,1029806,1528334,750732,1101432,4.25,4.2352,4.29,4.48,4.39,14056.78,804.47,117.293525249745,1.0949
"2007-06-01",131831.092817744,88.9022929027162,87.9436360044775,6.1,393690,530483,1037365,1539885,757182,1108208,4.25,4.2536,4.42,4.62,4.56,13906.57,799.7,120.246749672134,1.06516667
"2007-07-01",131079.008674029,88.9139636136386,88.0226509514717,6,397349,535106,1047284,1553781,765816,1120566,4.5,4.504,4.57,4.58,4.49,13868.63,799.42,121.227919628256,1.0503381
"2007-08-01",131958.564936569,88.8429708067578,87.9436360044775,6,400030,539460,1054119,1563611,771326,1141353,4.5,4.4158,3.83,4.38,4.44,13660.48,793.37,120.149604131924,1.05822273
"2007-09-01",132524.426389402,89.2297260254956,88.2596957924541,6,402146,542499,1060296,1572251,776318,1162545,4.5,4.4637,3.97,4.41,4.5,14098.89,817.39,123.102828554312,1.02535263
"2007-10-01",132910.781004849,89.5168916479078,88.4177256864424,6,397987,539747,1061093,1576087,774718,1163519,4.5,4.5086,3.96,4.31,4.38,14625,848.82,128.096109321115,0.97523182
"2007-11-01",134053.482998192,90.0508796283013,88.6547705274248,6.1,399783,541989,1068030,1586072,777950,1178955,4.5,4.5105,3.91,4.07,4.23,13689.12,798.5,128.416689603808,0.96711905
"2007-12-01",134162.735996959,90.8239931452049,88.9708303154013,6.2,402643,546625,1078416,1602108,784841,1188088,4.25,4.2597,3.86,4.09,4.18,13833.06,808.53,123.5594125933,1.00314737
"2008-01-01",135362.749966358,91.2812134938826,88.8128004214131,6.1,406328,552799,1092065,1621757,793276,1201446,4,4.006,3.41,3.88,4.19,13155.1,772.56,121.461068924761,1.01113182
"2008-02-01",136945.451995281,91.9388918246413,88.9708303154013,6.1,408334,556468,1103516,1631474,799028,1203061,4,3.9994,3.24,3.81,4.18,13582.69,795.23,122.02451305798,0.99908571
"2008-03-01",137015.798038361,92.4867932053402,89.1288602093896,6.2,411393,562502,1115939,1645436,807091,1222484,3.5,3.4585,1.72,3.46,3.96,13350.13,783.44,120.470184414617,1.002025
"2008-04-01",138839.467479808,93.1464254656704,89.5239349443603,6.2,414350,568664,1124951,1655668,813276,1232836,3,3.0298,2.68,3.58,4.08,13937.04,825.91,118.770137460939,1.01388636
"2008-05-01",139527.963870283,93.8782965600346,90.1560545203134,6.2,422241,573441,1133203,1666078,819347,1248436,3,2.9988,2.68,3.68,4.12,14714.73,878.42,121.325065168467,0.99937143
"2008-06-01",140994.56864991,94.4166079930538,90.7881740962665,6.1,424607,578686,1141843,1676755,825350,1262242,3,2.9915,2.6,3.71,4.05,14467.03,863.19,119.071288635591,1.01673333
"2008-07-01",142766.629444791,94.5246389881963,91.1832488312372,6.2,426536,581114,1149253,1685727,830204,1265632,3,3.0195,2.41,3.81,4.16,13592.91,811.73,118.896426663213,1.01269545
"2008-08-01",141127.559074504,94.0397576535877,91.1832488312372,6.2,429610,586055,1159113,1697023,838303,1273223,3,3.0003,2.42,3.52,4.01,13771.25,821.69,115.544905525962,1.054395
"2008-09-01",139733.811480705,93.4183640620894,91.2622637782314,6.3,435155,593437,1169534,1708662,849019,1281350,3,2.9904,1.92,3.66,4.13,11752.9,707.34,116.312355293622,1.05829524
"2008-10-01",137778.050185134,91.8577904739851,90.6301442022783,6.4,440703,599640,1182917,1719993,862795,1290051,2.25,2.2522,1.98,3.74,4.27,9762.76,591.28,106.393795638165,1.18475
"2008-11-01",135201.486633032,90.7958695288157,90.3140844143017,6.7,447092,610416,1202556,1738209,880128,1297403,2.25,2.2448,1.7,3.36,3.94,9270.62,563.09,104.839466994803,1.21817368
"2008-12-01",131747.463181834,89.8931035114926,89.9980246263251,7,451954,620500,1222161,1753974,895153,1298711,1.5,1.5017,0.83,2.69,3.45,8987.7,541.82,102.838268866473,1.2345
"2009-01-01",130099.73717218,89.3529983212269,89.8399947323369,7.5,454170,632689,1240338,1771279,908804,1295085,1,1.0044,0.83,2.97,3.72,8694.9,523.28,103.314282013503,1.2263
"2009-02-01",130110.435796643,89.4918449880063,90.1560545203134,8.1,455009,638884,1252087,1781745,917009,1286329,1,0.9978,0.67,2.95,3.69,8123.02,489.56,102.99370173081,1.24514
"2009-03-01",129097.827031177,89.3932101997353,90.0770395733193,8.4,459321,648076,1266526,1795731,927771,1287670,0.5,0.4883,0.39,2.96,3.74,8720.39,528.68,101.808526140246,1.26451364
"2009-04-01",128292.93637875,89.3210008802285,89.8399947323369,8.4,465497,659076,1275649,1805875,934530,1291797,0.25,0.248,0.22,3.08,3.82,9324.83,565.38,103.498858539903,1.22404286
"2009-05-01",129007.905028002,89.8870398586597,90.2350694673076,8.7,470097,667057,1280155,1813133,938457,1288996,0.25,0.2432,0.2,3.57,4.19,10370.07,632.47,109.7841749915,1.15092
"2009-06-01",129821.158593248,90.4327698796997,90.6301442022783,8.8,472537,675922,1284252,1820292,943288,1291247,0.25,0.2412,0.24,3.45,3.91,10374.91,630.06,111.746514903745,1.12653182
"2009-07-01",129758.590595025,90.2306737508353,90.3140844143017,8.8,480489,690367,1291993,1831458,952757,1297177,0.25,0.2417,0.23,3.53,4.05,10787.15,654.56,111.425934621051,1.12217727
"2009-08-01",130108.579805446,90.5927206302648,90.47211430829,8.7,488209,703360,1300004,1843136,961862,1297643,0.25,0.2425,0.21,3.39,3.9,10868.21,652.78,114.272298949209,1.08821
"2009-09-01",132113.829599529,90.9821909953998,90.5511292552841,8.5,491861,712119,1303291,1850418,966364,1303000,0.25,0.2417,0.22,3.31,3.84,11394.96,680.75,114.37915904344,1.0817619
"2009-10-01",132849.980473709,91.5144658002592,90.7091591492724,8.6,497395,722609,1306661,1857986,971638,1306130,0.25,0.2403,0.22,3.45,3.96,10910.75,647.72,116.584362806211,1.05485238095238
"2009-11-01",135222.09292555,92.2669104329117,91.1832488312372,8.6,504477,731769,1310233,1867247,977087,1308550,0.25,0.2435,0.22,3.25,3.85,11447.2,680.26,116.09863510516,1.059575
"2009-12-01",134850.926600742,92.4025894356095,91.1832488312372,8.6,506972,735998,1310820,1869819,979443,1313515,0.25,0.2455,0.19,3.6,4.07,11746.11,693.23,116.594077360232,1.0544
"2010-01-01",136261.628869794,92.7592028465812,91.4993086192138,8.4,509659,740479,1311864,1873646,982033,1316280,0.25,0.2442,0.16,3.35,3.96,11094.31,648.53,118.022116801321,1.042935
"2010-02-01",137255.828458123,92.8889094382662,91.5783235662079,8.4,516825,749861,1318373,1883294,990272,1328336,0.25,0.2476,0.16,3.45,4.05,11629.63,680.76,117.448958114081,1.05682
"2010-03-01",137490.542672083,92.7092894390047,91.3412787252255,8.3,519057,755064,1320106,1888579,993037,1328711,0.25,0.2443,0.28,3.56,4.07,12037.73,706.81,120.674190049059,1.02300434782609
"2010-04-01",136487.571208264,92.7797796174064,91.3412787252255,8.2,523070,760128,1321316,1892987,995131,1345112,0.25,0.248,0.39,3.66,4.04,12210.7,716.05,123.044541230186,1.0050619
"2010-05-01",138190.581431686,92.8122851958586,91.4202936722197,8.2,530994,770185,1329829,1903546,1003800,1361034,0.25,0.2437,0.45,3.25,3.68,11762.99,691.63,120.547900846785,1.03992
"2010-06-01",138631.84736005,92.8655327589924,91.6573385132021,8,532427,775769,1335117,1910682,1008586,1371729,0.5,0.4928,0.5,3.08,3.65,11294.42,662.05,121.189061412172,1.03793182
"2010-07-01",139018.70193266,93.026622562741,92.1314281951669,8.2,535744,779785,1340431,1918854,1014228,1381829,0.75,0.74,0.65,3.22,3.77,11713.43,685.03,120.130175023882,1.04268571
"2010-08-01",138753.124255131,92.7340255504909,92.0524132481728,8.2,536540,782541,1344976,1926331,1018481,1392507,0.75,0.7481,0.62,2.83,3.47,11913.86,694.05,119.625018214789,1.04138571
"2010-09-01",138571.173812209,92.7910828443079,92.210443142161,8.2,540594,789050,1351493,1936179,1024560,1389809,1,0.9976,0.87,2.74,3.33,12368.65,715.07,119.790165633146,1.03308571428571
"2010-10-01",140446.325354095,93.3794252570892,92.76354777112,8.1,543676,792823,1355289,1944254,1028531,1398969,1,0.9969,0.92,2.89,3.5,12676.24,728.09,120.285607888218,1.017975
"2010-11-01",141105.181991145,93.7236600841317,93.0005926121025,7.9,546230,796526,1354791,1949624,1028470,1402031,1,0.9997,0.99,3.19,3.65,12952.88,741.34,121.023913993815,1.0128
"2010-12-01",143835.49265476,94.3350535797933,93.3956673470732,7.8,550280,802829,1358464,1956537,1032767,1408501,1,0.9924,0.98,3.16,3.54,13443.22,768.65,121.74279099137,1.00774762
"2011-01-01",144186.355073894,94.7708719048319,93.5536972410614,7.8,553112,807886,1363672,1964932,1037298,1419279,1,0.9937,0.95,3.31,3.75,13551.99,778.65,122.733675501514,0.993845
"2011-02-01",143965.785357791,94.8792589699004,93.4746822940673,7.8,556445,812247,1367945,1973896,1040128,1427745,1,0.9934,0.95,3.32,3.75,14136.5,813.29,122.655959069346,0.987555
"2011-03-01",146335.859568316,95.6400369769426,94.1068018700204,7.8,558922,818978,1374943,1984852,1044725,1440200,1,0.9944,0.92,3.29,3.72,14116.1,810.86,124.064569402393,0.9765913
"2011-04-01",147582.148015107,96.0692449849422,94.5018766049911,7.8,559941,821775,1377182,1990799,1045441,1450524,1,0.997,0.97,3.27,3.74,13944.79,797.9,125.424606965335,0.958215
"2011-05-01",146283.895204868,96.3522235950922,94.8179363929677,7.7,562807,825694,1380371,1997946,1047991,1454266,1,0.9967,0.95,3.08,3.5,13802.88,789.12,124.443437009213,0.96797619
"2011-06-01",146096.956780026,95.9450742146738,94.5018766049911,7.7,567932,832998,1386989,2008478,1053258,1462006,1,0.9981,0.93,3.09,3.53,13300.87,763.9,122.374237002736,0.97675
"2011-07-01",147519.825992729,95.9768033501073,94.6599064989794,7.4,571598,837256,1391527,2016350,1056732,1465893,1,0.9986,0.92,2.88,3.35,12945.63,733.3,125.016595696453,0.9553
"2011-08-01",148767.155584442,96.166066961975,94.8969513399618,7.4,574604,844624,1399711,2027519,1063367,1483137,1,0.9977,0.93,2.49,3.1,12768.7,728.2,121.810792869517,0.982836363636364
"2011-09-01",150150.018422829,96.5129873328973,95.2130111279384,7.5,588000,862312,1417049,2047976,1079193,1501224,1,0.9989,0.83,2.19,2.83,11623.84,667.08,120.664475495037,1.0026
"2011-10-01",150548.252088368,96.9293817287877,95.5290709159149,7.5,593573,872989,1428109,2062139,1089275,1500186,1,0.9993,0.89,2.38,3.02,12252.06,698.04,119.110146851675,1.019825
"2011-11-01",150822.98463648,97.011690165603,95.6080858629091,7.6,594149,879425,1433886,2071508,1094919,1508819,1,0.9983,0.86,2.15,2.69,12204.11,695.49,118.925570325276,1.02581905
"2011-12-01",151803.763275151,96.7656536919279,95.4500559689208,7.5,596155,884948,1439760,2079770,1100377,1517889,1,0.9998,0.83,1.96,2.5,11955.09,680.87,119.013001311465,1.023785
"2012-01-01",152786.980764784,97.1497370504004,96.0031605978798,7.7,607058,894465,1449300,2091452,1108874,1531602,1,0.9987,0.86,2.04,2.64,12452.15,709.18,120.081602253777,1.0132619
"2012-02-01",150391.346788029,96.8982405549419,95.9241456508856,7.6,608998,894345,1448790,2096487,1108026,1534748,1,0.9978,0.93,1.98,2.6,12644.01,718.86,121.121059534025,0.99652857
"2012-03-01",150601.672447187,96.8597412348513,96.0031605978798,7.4,611193,897399,1452436,2104236,1111460,1545758,1,0.998,0.92,2.12,2.67,12392.18,706.96,121.674789113223,0.993854545454545
"2012-04-01",151843.369501134,97.1030015722733,96.3192203858563,7.4,618802,905136,1458889,2114329,1117254,1554521,1,1.0079,1.06,2.1,2.65,12292.69,699.79,122.131373152211,0.99263
"2012-05-01",151561.896341158,96.7996651794993,96.0031605978798,7.6,625973,913890,1467798,2127031,1124785,1563099,1,1,0.94,1.79,2.33,11513.21,656.5,120.936483007626,1.00984091
"2012-06-01",151340.734157709,96.6821862022175,95.7661157568973,7.4,632008,924457,1479884,2142798,1135736,1570168,1,0.9984,0.86,1.72,2.32,11596.56,663.62,119.236436053948,1.02807142857143
"2012-07-01",152170.183344142,96.9188587525296,95.7661157568973,7.3,636160,932550,1488476,2156098,1143929,1578693,1,0.9974,0.92,1.6,2.22,11664.71,665.46,120.761621035248,1.01393333
"2012-08-01",152587.415837922,97.4600709970803,96.161190491868,7.4,637607,937104,1495973,2169375,1149961,1581304,1,0.999,1.03,1.8,2.37,11949.26,683.47,122.646244515325,0.992140909090909
"2012-09-01",152901.400817936,97.6686456144014,96.3192203858563,7.4,636174,938093,1496604,2175885,1150032,1581847,1,0.9991,0.99,1.75,2.33,12317.46,702.87,123.258261418649,0.97829474
"2012-10-01",153247.490220236,97.8654543986733,96.5562652268387,7.4,636379,939174,1506400,2191530,1160073,1592177,1,1.0024,0.99,1.78,2.38,12422.91,711.58,122.131373152211,0.98720455
"2012-11-01",154160.30937293,97.834868972983,96.4772502798446,7.4,642870,948051,1514400,2205021,1167655,1597281,1,0.9985,0.95,1.72,2.3,12239.36,702.59,121.159917750109,0.99704762
"2012-12-01",153608.200406834,97.8841362801596,96.3982353328505,7.3,645790,952493,1518638,2213756,1171286,1604408,1,0.9982,0.92,1.82,2.37,12433.53,713.72,120.985055777731,0.98956842
"2013-01-01",154555.865786139,98.1916113530782,96.4772502798446,7.1,649357,960030,1527347,2225764,1180018,1611800,1,1.0048,0.93,1.99,2.57,12685.24,727.76,120.470184414617,0.99213182
"2013-02-01",156878.100713522,98.9857852871855,97.1093698557977,7.1,662746,969821,1537106,2242942,1189572,1626657,1,1.0072,0.96,1.86,2.53,12821.83,738.55,119.25586516199,1.00984737
"2013-03-01",157777.03350034,98.9696948475281,97.0303549088036,7.3,669691,980945,1548803,2259692,1200981,1633529,1,1.0065,0.97,1.76,2.49,12749.9,731.34,117.876398491006,1.02473
"2013-04-01",156957.667248568,98.5471304742256,96.6352801738329,7.2,672515,986789,1552122,2268603,1205389,1645524,1,1.0036,0.99,1.72,2.38,12456.5,710.71,118.245551543805,1.01869545
"2013-05-01",157162.594233075,98.5684696303125,96.6352801738329,7.1,672589,988275,1550933,2273555,1204673,1656227,1,1.0063,1.01,2.07,2.65,12650.42,726.27,118.352411638036,1.01985909
"2013-06-01",157527.738518357,98.8702143380016,96.8723250148153,7.2,676324,996112,1556993,2285196,1210824,1666725,1,1.0067,1.03,2.5,2.96,12129.11,695.52,117.215808817577,1.031465
"2013-07-01",158374.091984492,99.1304601153753,97.0303549088036,7.3,679369,1000116,1562024,2295480,1216594,1666099,1,0.9998,1,2.45,2.97,12486.64,714.68,116.360928063727,1.04032273
"2013-08-01",159398.386038858,99.2048978482325,97.1093698557977,7.3,684908,1010472,1571617,2310417,1227466,1683997,1,0.9978,0.99,2.63,3.09,12653.9,727.13,116.011204118971,1.0408619047619
"2013-09-01",160334.52197665,99.2559868944859,97.267399749786,7.1,687343,1015073,1576326,2320501,1233111,1699143,1,0.9948,0.98,2.57,3.09,12787.2,732.89,116.438644495896,1.03424
"2013-10-01",161308.270490217,98.9638035698236,97.1883848027919,7.3,691851,1019846,1582137,2332070,1238566,1715049,1,0.9994,0.9,2.42,3.01,13361.26,767.47,115.574049188025,1.03635
"2013-11-01",161103.587354251,99.1120732559191,97.3464146967801,7.1,699625,1030232,1592274,2347967,1247721,1734954,1,0.9997,0.94,2.54,3.14,13395.4,771.86,114.66088111005,1.04923
"2013-12-01",160869.142155532,99.6243796698542,97.6624744847567,7.4,705300,1038120,1600397,2362428,1254733,1750176,1,1.0012,0.91,2.72,3.2,13621.55,783.75,112.513964671405,1.063915
"2014-01-01",162093.307212991,100.26455861792,97.8995193257391,7.3,713601,1048565,1611032,2377843,1264384,1773278,1,0.9993,0.89,2.36,2.94,13694.94,785.53,109.900749639752,1.09419091
"2014-02-01",164457.945976586,100.74939780678,98.2155791137157,7.3,714033,1048087,1610491,2385755,1263183,1767239,1,0.9945,0.85,2.44,2.96,14209.59,813.25,109.094441656008,1.10551052631579
"2014-03-01",164311.746810423,100.840285453958,98.373609007704,7.1,717899,1053056,1615975,2399578,1267833,1776042,1,0.998,0.89,2.45,2.96,14335.31,820.51,108.676715833104,1.11071429
"2014-04-01",165053.239655563,100.942050546776,98.7686837426747,7.1,717214,1054308,1617352,2409262,1268818,1784781,1,0.9978,0.95,2.4,2.93,14651.87,837.58,109.823033207584,1.09912857142857
"2014-05-01",165074.497356582,100.871597345919,98.8476986896688,7.3,723029,1060274,1623110,2422570,1274446,1791970,1,0.9978,0.93,2.22,2.76,14604.16,836.6,111.066496122274,1.08937143
"2014-06-01",166973.262987855,101.116992057836,99.0847435306512,7.2,725893,1064334,1627337,2435253,1278517,1801838,1,0.9988,0.95,2.26,2.82,15146.01,866.04,111.727085795703,1.08307143
"2014-07-01",167822.204108421,101.266333071186,99.0847435306512,7.1,728370,1069362,1632285,2448799,1283102,1816658,1,0.999,0.96,2.16,2.7,15330.74,884.33,112.630539319657,1.07391818
"2014-08-01",166719.263707717,101.323281080484,99.1637584776453,7,735188,1079479,1642582,2467605,1292677,1830246,1,0.9976,0.94,2,2.57,15625.73,898.26,110.93049236598,1.092725
"2014-09-01",168906.532183862,101.297368082462,99.3217883716336,7,740468,1089448,1652471,2486094,1302096,1844178,1,0.9979,0.92,2.2,2.73,14960.51,864.24,110.697343069475,1.10118095238095
"2014-10-01",169007.397477363,101.100834936735,99.4798182656219,6.8,747696,1096869,1659342,2500672,1308099,1854415,1,1.0024,0.88,2.05,2.59,14613.32,849.5,109.317876398491,1.12125455
"2014-11-01",167461.433903532,100.597748741304,99.3217883716336,6.8,749238,1099362,1662141,2510057,1309623,1860181,1,1,0.91,1.93,2.48,14744.7,863.04,108.812719589398,1.13264736842105
"2014-12-01",167017.168619105,100.12396687227,99.1637584776453,6.7,753656,1105069,1668270,2527245,1314444,1865811,1,1.0114,0.91,1.79,2.33,14632.44,854.85,107.365251040267,1.15325238
"2015-01-01",165298.923041702,99.5013791873205,98.8476986896688,6.8,755073,1110015,1675015,2543532,1319700,1879927,0.75,0.7502,0.6,1.35,1.93,14673.48,857.34,103.722293282386,1.21151905
"2015-02-01",165117.455587398,99.6023174229777,99.1637584776453,6.9,762334,1115932,1681502,2558753,1325405,1890117,0.75,0.7595,0.56,1.32,1.95,15234.34,890.4,100.846785292165,1.25000526
"2015-03-01",165658.6213709,99.9427171935043,99.6378481596102,6.9,766809,1123086,1687822,2574265,1330652,1902570,0.75,0.7558,0.54,1.33,1.97,14902.44,869.28,101.138221912796,1.26191363636364
"2015-04-01",165108.92324057,99.6286142426004,99.4008033186278,7,771243,1130696,1692109,2587695,1334523,1906764,0.75,0.7473,0.66,1.59,2.19,15224.52,886.56,102.682836002137,1.23311428571429
"2015-05-01",164965.148488607,99.9735109483333,99.7958780535985,6.9,774070,1135225,1693736,2597765,1336060,1912967,0.75,0.727,0.63,1.67,2.25,15014.09,875.04,104.188591875395,1.218485
"2015-06-01",166155.928270823,100.356477825892,100.190952788569,6.9,781445,1146697,1701372,2613654,1343616,1922859,0.75,0.7464,0.58,1.77,2.38,14553.33,847.78,102.857697974515,1.23660455
"2015-07-01",167218.56236342,100.599789062529,100.427997629552,7,792650,1161445,1717369,2637816,1358986,1962333,0.5,0.5019,0.41,1.52,2.2,14468.44,853.4,99.506176837265,1.28645909
"2015-08-01",167872.211395582,100.503820378067,100.427997629552,7.1,800711,1173295,1729287,2657184,1369514,1984098,0.5,0.5026,0.37,1.45,2.2,13859.12,815.45,97.8838463157554,1.31487
"2015-09-01",165125.226240997,100.18278361726,100.348982682557,7.1,806454,1184186,1740128,2675108,1379701,1997829,0.5,0.5002,0.43,1.45,2.21,13306.96,784.51,97.0678237779901,1.32669523809524
"2015-10-01",165385.300019103,100.044759124224,100.507012576546,7,809158,1186720,1742568,2684710,1381366,1994509,0.5,0.4991,0.41,1.47,2.26,13529.17,794.49,98.272428476596,1.30726666666667
"2015-11-01",165975.40792096,99.885759337695,100.58602752354,7.1,813116,1193892,1751860,2701257,1389789,2009614,0.5,0.4967,0.48,1.59,2.29,13469.83,791.8,97.5146932629568,1.328035
"2015-12-01",166559.292059937,99.7780716595967,100.665042470534,7.3,815904,1197366,1755968,2717786,1392942,2027196,0.5,0.5242,0.52,1.4,2.16,13009.95,764.54,94.3186049900426,1.37046666666667
"2016-01-01",167173.637195869,99.7212665311013,100.744057417528,7.2,823196,1209487,1770445,2741054,1405943,2046794,0.5,0.5153,0.48,1.24,2.05,12822.13,754.85,91.9093955928307,1.422315
"2016-02-01",166135.110118213,99.4640125193979,100.58602752354,7.3,829780,1216780,1781421,2755370,1415756,2058297,0.5,0.4991,0.46,1.15,1.93,12860.35,755.27,94.1631721257063,1.37961
"2016-03-01",166296.252685918,99.7673700429719,100.902087311516,7.2,831456,1220565,1787117,2766319,1419961,2048144,0.5,0.4981,0.44,1.22,2,13494.36,790.93,97.9129899778184,1.32261818181818
"2016-04-01",168131.452250641,100.015995624776,101.060117205505,7.3,834127,1225435,1794953,2779859,1426858,2063610,0.5,0.5005,0.55,1.5,2.06,13951.45,815.46,100.390201253177,1.28185714285714
"2016-05-01",164780.220823705,100.320170596406,101.376176993481,7.1,839032,1232364,1804134,2794698,1434558,2093598,0.5,0.4974,0.53,1.38,2.01,14065.78,821.06,100.254197496883,1.29420952
"2016-06-01",167626.326925654,100.677089571146,101.613221834464,7,844136,1241769,1816995,2813056,1444972,2109875,0.5,0.5035,0.49,1.12,1.76,14064.54,817.65,100.79821252206,1.28955909
"2016-07-01",169193.702763104,100.697890000258,101.53420688747,7,859064,1259838,1837138,2839176,1463413,2133054,0.5,0.5078,0.53,1.07,1.69,14582.74,847.4,99.9336172141897,1.30503
"2016-08-01",169098.531467465,100.901202668542,101.613221834464,6.9,866311,1270252,1848536,2857729,1473328,2141391,0.5,0.4926,0.51,1.02,1.63,14597.95,851.38,99.6616097016013,1.29943636363636
"2016-09-01",170562.765769432,101.268899918675,101.771251728452,7,875023,1283066,1861401,2877891,1483977,2155200,0.5,0.4969,0.51,0.98,1.64,14725.86,858.47,98.894159933941,1.31086666666667
"2016-10-01",170717.554532861,101.751050271758,102.008296569434,6.9,882873,1294515,1874475,2897609,1495146,2170740,0.5,0.4883,0.49,1.15,1.82,14787.27,868.38,98.3015721386591,1.325145
"2016-11-01",172295.512180886,101.779228631565,101.850266675446,6.8,889112,1306989,1886347,2915557,1506211,2177359,0.5,0.4893,0.51,1.58,2.16,15082.85,888.3,97.4661204928517,1.3438
"2016-12-01",173523.933286253,102.193451228244,102.166326463423,6.9,894327,1312364,1889279,2924911,1508490,2190288,0.5,0.4936,0.48,1.73,2.34,15287.59,900.05,98.6610106374366,1.332935
"2017-01-01",175623.132997254,102.854938601717,102.798446039376,6.9,907722,1328579,1911268,2953027,1525883,2200432,0.5,0.4885,0.45,1.82,2.45,15385.96,909.19,100.059906416463,1.31909048
"2017-02-01",175410.326292318,102.680024550355,102.640416145388,6.6,903734,1325834,1909528,2957153,1523897,2195221,0.5,0.4887,0.47,1.71,2.42,15399.24,907.57,100.22505383482,1.31098947
"2017-03-01",175953.540710428,102.501366829153,102.482386251399,6.7,912897,1338006,1920747,2975590,1534473,2216138,0.5,0.5003,0.54,1.59,2.28,15547.75,915.58,97.8547026536923,1.33875217
"2017-04-01",176872.265498565,102.78805989482,102.798446039376,6.5,926328,1352414,1934316,2996435,1546708,2242569,0.5,0.4953,0.52,1.48,2.16,15586.13,918.9,97.3786895066626,1.34439474
"2017-05-01",177912.738493191,102.620299253883,102.640416145388,6.6,937652,1367078,1949380,3019451,1560513,2251391,0.5,0.4886,0.52,1.41,2.05,15349.91,906.38,95.7660735391739,1.36055789473684
"2017-06-01",177719.996008244,102.611155808329,102.640416145388,6.5,943034,1373017,1952846,3031465,1563292,2245676,0.5,0.4941,0.65,1.61,2.06,15182.19,892.65,97.2718294124314,1.32980454545455
"2017-07-01",178399.904358242,102.789673621154,102.798446039376,6.3,945318,1375805,1954922,3041211,1564725,2236927,0.75,0.7414,0.73,1.96,2.35,15143.87,891.19,101.351942101258,1.26848333333333
"2017-08-01",177706.145080219,103.154239402033,103.035490880358,6.2,944799,1374938,1952331,3045278,1560726,2241964,0.75,0.7473,0.71,1.84,2.27,15211.87,892.56,101.400514871363,1.260477273
"2017-09-01",179331.95056154,103.675316222919,103.272535721341,6.2,946322,1376638,1960985,3060857,1567799,2248901,1,0.9941,0.99,2.13,2.49,15634.94,921.79,103.479429431861,1.22828
"2017-10-01",180004.081725853,104.231836745706,103.430565615329,6.3,952238,1381368,1969467,3076451,1574650,2265893,1,0.9955,0.92,2.04,2.38,16025.59,947.17,101.691951491994,1.260461905
"2017-11-01",182822.193530083,104.95688455588,104.062685191282,6.2,954499,1385616,1976415,3089951,1580032,2278605,1,0.9916,0.88,1.88,2.23,16067.48,952.04,100.60392144164,1.276885714
"2017-12-01",182884.724744064,104.77288404219,104.141700138276,6,965481,1395718,1995276,3115349,1597259,2291263,1,0.997,1.05,1.98,2.2,16209.13,959.69,99.9141881061477,1.277052632
"2018-01-01",182730.08243923,104.580393612497,104.536774873247,5.9,963206,1400019,1997305,3125602,1598195,2289573,1.25,1.2461,1.2,2.29,2.36,15951.67,944.41,101.895957126435,1.242740909
"2018-02-01",183589.176360293,104.54769868701,104.773819714229,6,964215,1400250,2001107,3134732,1600361,2306744,1.25,1.2367,1.14,2.23,2.37,15442.68,913.9,100.312484821009,1.258621053
"2018-03-01",185447.741200477,104.672850150161,104.852834661223,5.8,970515,1406375,2010087,3149135,1607651,2316912,1.25,1.2457,1.09,2.11,2.25,15367.29,908.99,97.8352735456503,1.293171429
"2018-04-01",186176.274338505,105.078717786248,104.931849608218,5.8,973971,1407556,2014129,3158093,1609783,2322681,1.25,1.2461,1.2,2.37,2.47,15607.88,921.43,99.3798876349918,1.273257143
"2018-05-01",186290.890347601,105.353198022617,105.010864555212,5.9,973102,1405365,2017675,3165904,1611491,2326526,1.25,1.2434,1.29,2.25,2.28,16061.5,950.45,99.3604585269498,1.287327273
"2018-06-01",187549.835313893,105.595982284902,105.1688944492,6,981100,1413569,2028414,3180140,1620043,2343123,1.25,1.2464,1.25,2.06,2.16,16277.73,965.32,98.0392791800916,1.312857143
"2018-07-01",188890.921176782,106.032973229033,105.642984131165,5.9,981462,1414079,2034484,3189947,1624335,2347505,1.5,1.4948,1.4,2.28,2.3,16434.01,979.38,98.7192979615628,1.313009524
"2018-08-01",188407.944557037,105.86703936849,105.801014025153,6,985041,1418076,2043601,3203871,1631722,2362164,1.5,1.4961,1.54,2.32,2.32,16262.88,965.73,99.6518951475803,1.304118182
"2018-09-01",187439.134266181,105.19343125489,105.721999078159,5.8,989883,1424176,2055888,3220497,1642131,2374265,1.5,1.4979,1.51,2.42,2.42,16073.14,952.28,99.0495927982773,1.303652632
"2018-10-01",187291.276432954,104.667163169283,106.038058866136,5.6,991964,1429600,2065703,3232912,1649961,2389211,1.75,1.7476,1.73,2.49,2.52,15027.28,895.08,99.8073280119165,1.30130476190476
"2018-11-01",186007.527665325,104.114910228145,105.880028972147,5.7,999541,1439071,2078690,3247189,1660651,2405300,1.75,1.7473,1.72,2.33,2.41,15197.82,913.29,98.5541505432055,1.31986842105263
"2018-12-01",185854.195901721,104.437036822873,106.11707381313,5.6,1010018,1447962,2103853,3275496,1682962,2438312,1.75,1.7516,1.67,1.98,2.15,14322.86,859.32,96.7083852792125,1.33988666666667
"2019-01-01",187533.240043619,105.02774301174,106.11707381313,5.7,1005281,1449591,2109972,3286140,1686469,2435960,1.75,1.7462,1.66,1.92,2.17,15540.6,929.25,97.048394669948,1.33033
"2019-02-01",188778.586364735,105.701223592618,106.433133601106,5.8,998310,1445006,2117080,3293958,1691036,2450135,1.75,1.7455,1.67,1.91,2.16,15999.01,953.91,98.0295646260706,1.32055789473684
"2019-03-01",190916.173591645,106.247196604875,106.828208336077,5.8,1004632,1455531,2132783,3312659,1704927,2487854,1.75,1.7461,1.66,1.54,1.84,16102.09,959.5,97.2135420883053,1.33647
"2019-04-01",192151.220041583,106.480329761563,107.144268124053,5.7,1011221,1464230,2149228,3333470,1719384,2512080,1.75,1.7459,1.68,1.67,1.99,16580.73,994.53,97.2038275342843,1.33738
"2019-05-01",193361.3769887,106.683428439708,107.46032791203,5.5,1022034,1478859,2161558,3350156,1729583,2509147,1.75,1.745,1.69,1.57,1.82,16037.49,961.89,97.3398312905785,1.34598571428571
"2019-06-01",192657.402969717,106.431609078084,107.381312965036,5.6,1028655,1487259,2169619,3363079,1735698,2519987,1.75,1.7429,1.66,1.5,1.73,16382.2,979.6,98.2238557064909,1.32875263157895
"2019-07-01",192416.826605836,106.626626611733,107.776387700007,5.7,1040245,1497359,2181780,3380903,1746625,2532848,1.75,1.7469,1.65,1.49,1.7,16406.56,979.73,99.9919045383158,1.31048421052632
"2019-08-01",193552.619513911,106.647727461551,107.776387700007,5.7,1049131,1508104,2196151,3401018,1759340,2557021,1.75,1.7481,1.62,1.13,1.37,16442.07,982.45,99.1855965545715,1.32766
"2019-09-01",194649.553880252,106.779408585783,107.697372753012,5.6,1059748,1521416,2211921,3422577,1772508,2571121,1.75,1.7454,1.64,1.39,1.57,16658.63,997.93,98.9135890419831,1.32405
"2019-10-01",196200.779971515,107.499614895074,108.013432540989,5.6,1065415,1526155,2227327,3444760,1785486,2593583,1.75,1.7472,1.66,1.45,1.6,16483.16,986.33,99.0884510143613,1.31837142857143
"2019-11-01",195964.379791475,107.649993891197,108.092447487983,5.9,1072244,1534142,2237003,3460481,1793161,2606893,1.75,1.7487,1.66,1.47,1.58,17040.2,1018.62,98.3695740168062,1.32320625
"2019-12-01",195380.84023701,107.802263990201,108.487522222954,5.6,1086012,1548271,2260897,3491125,1814695,2630269,1.75,1.7479,1.66,1.61,1.67,17063.43,1014.92,98.6318669753736,1.31827222222222
"2020-01-01",195121.425576511,107.416934480832,108.645552116942,5.5,1087187,1556792,2265812,3504479,1816360,2642171,1.75,1.7487,1.64,1.31,1.45,17318.49,1032.97,99.0495927982773,1.30883333333333
"2020-02-01",195057.847757772,107.294464936529,108.80358201093,5.8,1103069,1570645,2278218,3521097,1823849,2660026,1.75,1.7485,1.61,1.21,1.35,16263.05,972.15,98.1461392743228,1.32858421052632
"2020-03-01",181824.726665717,105.89461553752,107.697372753012,8.5,1149523,1626070,2327592,3564677,1867061,2741592,0.25,0.7406,0.49,0.88,1.36,13378.75,819.89,94.2797467739585,1.39525
"2020-04-01",160878.384758694,105.081735071661,107.144268124053,13.7,1199964,1694915,2402412,3635871,1932454,2839688,0.25,0.2341,0.26,0.56,1.15,14780.74,891.63,94.1728866797273,1.40524736842105
"2020-05-01",166672.554406652,105.416142729579,106.986238230065,14.2,1241244,1748301,2455631,3695940,1976477,2881421,0.25,0.2379,0.22,0.54,1.1,15192.83,917.17,95.0083383255347,1.39635555555556
"2020-06-01",176432.060834654,106.879706863389,107.855402647001,12.6,1279250,1794224,2501700,3749548,2015528,2930252,0.25,0.2327,0.21,0.54,1.02,15515.22,934.21,97.4175477227466,1.3544
"2020-07-01",184082.720021238,107.454928021188,107.855402647001,10.9,1305959,1824444,2531102,3786687,2039701,2935060,0.25,0.2407,0.16,0.48,0.95,16169.2,968.67,96.9901073458219,1.34876315789474
"2020-08-01",187374.256608136,108.11677583562,108.092447487983,10.1,1334758,1859686,2564143,3827517,2068861,2948796,0.25,0.2337,0.14,0.61,1.12,16514.44,990.52,97.9518481939025,1.3222947368421
"2020-09-01",190164.023370626,108.710385919494,108.329492328966,9.1,1359120,1887078,2588679,3859310,2090795,2969475,0.25,0.2181,0.12,0.57,1.11,16121.38,967.27,97.5729805870829,1.32376315789474
"2020-10-01",191460.090940458,109.309658731008,108.645552116942,9,1379996,1918991,2616958,3897959,2115073,2910770,0.25,0.2337,0.09,0.59,1.17,15580.64,928.9,97.7089843433771,1.32147142857143
"2020-11-01",194128.743277255,110.094108488706,109.040626851913,8.6,1395088,1941098,2630409,3923270,2127797,2918734,0.25,0.2336,0.12,0.7,1.22,17190.25,1023.52,98.3598594627852,1.307575
"2020-12-01",197330.165782287,110.970974149531,109.435701586884,8.9,1399798,1948971,2644364,3967888,2139468,2935197,0.25,0.1741,0.07,0.7,1.24,17433.36,1034.76,99.0981655683824,1.28129411764706
"2021-01-01",201076.96472084,112.016404909819,109.909791268848,9.2,1415909,1972963,2658009,3988463,2152221,2955111,0.25,0.1826,0.06,0.8,1.45,17337.02,1026.6,99.7393261337694,1.2722052631579
"2021-02-01",202089.002147426,112.928992577737,110.146836109831,8.5,1436419,1997414,2679583,4025257,2173167,2975585,0.25,0.2143,0.11,1.31,1.88,18060.26,1073.42,100.137622848631,1.26985789473684
"2021-03-01",204681.033131733,113.798163557624,110.225851056825,7.7,1457942,2023177,2691801,4052539,2184010,2991021,0.25,0.1529,0.09,1.55,1.97,18700.67,1117.15,101.75023881612,1.25667619047619
"2021-04-01",204623.59928244,115.052263291016,110.541910844801,8.2,1489867,2059733,2723433,4098944,2213500,2991702,0.25,0.1669,0.1,1.53,2.07,19108.33,1138.85,102.13882097696,1.24935
"2021-05-01",206927.892368564,115.835084478075,110.857970632778,8.3,1522214,2100038,2749988,4140223,2238997,3021416,0.25,0.1872,0.1,1.45,2.04,19730.99,1180.14,104.820037886761,1.21458461538461
"2021-06-01",210452.508348996,116.144736492927,111.174030420755,7.9,1542072,2127023,2766834,4176926,2252192,3037757,0.25,0.1873,0.15,1.39,1.84,20165.58,1209.15,103.877726146722,1.22308421052632
"2021-07-01",211664.87366825,116.278520575473,111.727135049714,7.4,1565385,2153576,2788547,4212330,2274793,3073387,0.25,0.193,0.17,1.17,1.73,20287.8,1216.15,102.031960882729,1.25478421052632
"2021-08-01",213829.624289194,116.781925544818,112.438269572661,7.1,1581435,2174349,2806502,4243644,2291263,3106374,0.25,0.2026,0.18,1.25,1.82,20582.94,1231.33,101.526804073636,1.2603947368421
"2021-09-01",215331.502042556,117.417987987619,113.070389148614,7,1584965,2177230,2810669,4262459,2294647,3114666,0.25,0.1824,0.12,1.51,1.98,20070.25,1203.34,100.827356184123,1.26865882352941
"2021-10-01",219783.928012046,118.237619589895,113.702508724567,6.5,1586541,2176665,2817674,4280918,2300301,3124762,0.25,0.2025,0.13,1.6,1.92,21037.07,1265.19,102.954843514726,1.243685
"2021-11-01",221183.661710242,119.057081233946,114.176598406532,6.1,1603449,2198700,2834008,4310009,2315444,3153727,0.25,0.2078,0.09,1.77,2.07,20659.99,1248.56,102.012531774687,1.25431111111111
"2021-12-01",224173.410277711,120.083575933502,114.729703035491,5.9,1598639,2197662,2845914,4376373,2325550,3167540,0.25,0.1274,0.16,1.47,1.76,21222.84,1286.86,99.9530463222318,1.27893076923077
"2022-01-01",227743.26177274,121.572197656681,115.598867452426,6.4,1613440,2207714,2856774,4388915,2332988,3198670,0.25,0.1811,0.32,1.84,2.07,21098.29,1281.96,101.410229425384,1.26205263157895
"2022-02-01",230641.916786443,123.031223567174,116.389016922368,5.5,1619370,2215122,2870830,4409693,2345659,3220257,0.25,0.1754,0.37,1.97,2.23,21126.36,1278.42,100.730210643913,1.27178888888889
"2022-03-01",235391.821440817,125.003721650141,117.653256074274,5.4,1622754,2217491,2881833,4423169,2353965,3245344,0.5,0.4403,0.58,2.43,2.41,21890.16,1322.67,102.090248206855,1.26578695652174
"2022-04-01",238738.056165625,126.121852524044,118.048330809245,5.4,1619840,2213072,2887938,4429648,2357888,3273636,1,0.9208,1.32,2.8,2.79,20762,1255.54,102.8965561906,1.26300526315789
"2022-05-01",241043.548441689,127.532207623812,119.391584908145,5.2,1623869,2215549,2900803,4440644,2367527,3297307,1,0.9486,1.37,2.76,2.76,20729.34,1254.79,102.828554312452,1.28621666666667
"2022-06-01",242764.395392686,127.711893502062,120.260749325081,4.9,1622234,2214793,2916926,4452301,2378151,3317524,1.5,1.4479,2.09,3.29,3.21,18861.36,1146.43,102.906270744621,1.276225
"2022-07-01",240307.535383162,126.320743720829,120.260749325081,4.8,1614751,2194013,2920718,4454704,2381771,3328296,2.5,2.4656,2.65,2.77,2.83,19692.92,1187.97,102.702265110179,1.29395882352941
"2022-08-01",238409.74956414,125.224975159473,120.181734378087,5.2,1593162,2160632,2915285,4450183,2374736,3350280,2.5,2.4812,3.22,3.11,3.02,19330.81,1289.73,102.537117691822,1.29216818181818
"2022-09-01",239284.715052699,125.146133043696,120.734839007046,5.1,1592183,2155971,2935769,4467844,2392172,3375757,3.25,3.213,3.55,3.08,2.97,18444.22,1117.1,100.263912050904,1.33203157894737
"2022-10-01",239105.497604197,125.614808468205,121.445973529993,5.1,1568182,2126722,2939488,4467777,2392924,3388574,3.75,3.2348,3.86,3.28,3.42,19426.14,1177.01,98.252999368554,1.36977222222222
"2022-11-01",239898.669316202,125.723433433268,121.920063211958,5,1551710,2102355,2941503,4465967,2393211,3413011,3.75,3.7477,4.06,2.96,3.01,20453.26,1239.79,99.45760406716,1.34581578947368
"2022-12-01",237610.833079601,125.16162060122,121.841048264963,5,1539338,2086878,2961171,4500722,2408287,3424697,4.25,4.2498,4.25,3.29,3.28,19384.92,1168.91,96.8638181435487,1.35983529411765
"2023-01-01",239594.201460905,125.13549914981,122.394152893922,5.1,1530547,2075134,2977605,4509111,2422659,3461139,4.5,4.2451,4.37,2.79,2.91,20767.38,1251.51,96.8832472515908,1.34229
"2023-02-01",240298.443619004,124.984711199876,122.631197734905,5.1,1521066,2059363,2986438,4517518,2429224,3458682,4.5,4.4764,4.5,3.37,3.3,20221.19,1216.73,96.9706782377799,1.34502631578947
"2023-03-01",240891.354920091,124.946632252706,122.789227628893,5,1511154,2047875,2990270,4515990,2428222,3467225,4.5,4.4968,4.3,2.93,3.04,20099.89,1206.31,95.6300697828797,1.36764545454546
"2023-04-01",241561.974885676,125.421329502065,123.263317310858,5.1,1504519,2041172,2998421,4522408,2433663,3486833,4.5,4.4924,4.38,2.85,2.97,20636.54,1245.83,96.9026763596328,1.34859444444444
"2023-05-01",241704.984113852,125.575765493205,123.342332257852,5.2,1501629,2039490,2997487,4521457,2430561,3481544,4.5,4.4929,4.59,3.18,3.14,19572.24,1176.94,97.2329711963473,1.35166666666667
"2023-06-01",242838.041000472,126.058272117783,123.658392045829,5.4,1503352,2038826,3002360,4527566,2432826,3490465,4.75,4.7363,4.89,3.22,3.11,20155.29,1214.5,99.0107345821932,1.328925
"2023-07-01",244106.375155472,126.86677484976,124.211496674788,5.5,1512227,2040552,3015524,4538989,2443560,3507950,5,4.9915,5,3.45,3.29,20626.64,1237.17,99.6033223774752,1.32143684210526
"2023-08-01",246535.303218774,128.015062852673,125.001646144729,5.5,1514826,2040734,3031752,4552470,2456948,3546284,5,4.997,5.08,3.57,3.41,20292.62,1216.07,98.1655683823648,1.34853636363636
"2023-09-01",247150.321625754,128.775197742443,125.317705932706,5.5,1514102,2037927,3047716,4566041,2469856,3540023,5,4.9906,5.07,4.09,3.87,19541.27,1172.66,97.9809918559656,1.35406315789474
"2023-10-01",247854.424778849,129.228496137503,125.238690985711,5.7,1511582,2031643,3068201,4579754,2485301,3561597,5,5.0105,5.08,4.11,3.88,,,97.3009730744944,1.371675
"2023-11-01",250624.020378963,129.774246959258,125.633765720682,5.7,1513826,2031674,3086467,4594887,2499120,3596578,5,5.0139,5,3.51,3.34,,,96.7180998332335,1.37189444444444
"2023-12-01",250650.55484219,129.86336209672,125.949825508659,5.8,1494260,2009087,3093284,4624999,2502047,3595835,5,5.0218,4.89,3.06,2.96,,,97.9712773019445,1.34715
"2024-01-01",249520.334705802,129.244961126174,125.949825508659,5.7,1490333,2004806,3100454,4622029,2506784,3606577,5,5.0299,4.94,3.35,3.27,,,97.8061298835873,1.34239523809524
"2024-02-01",250421.968215615,129.139959550031,126.107855402647,5.9,1495998,2011030,3115620,4637694,2520502,3627709,5,5.0017,4.96,3.52,3.4,,,97.1746838722212,1.35008
"2024-03-01",250620.697078583,129.466339421172,126.344900243629,6.1,1507961,2023572,3132367,4654499,2535829,3641269,5,5.005,4.99,3.44,3.35,,,96.9415345757169,1.35361875
"2024-04-01",253014.855782353,130.140763325061,126.581945084612,6.2,1525422,2029676,3143238,4666777,2546312,3660972,5,4.9973,4.91,3.79,3.7,,,96.7375289412755,1.36868333333333
"2024-05-01",254920.476518685,130.730586667088,126.898004872588,6.3,1542272,2054690,3166097,4691951,2567596,3687310,5,5.0025,4.81,3.75,3.61,,,96.9901073458219,1.36764705882353
"2024-06-01",255444.667698962,130.915669836999,126.977019819583,6.4,1557052,2078294,3190101,4718806,2587921,3718216,4.75,4.7635,4.64,3.47,3.35,,,97.1455402101582,1.37042777777778
"2024-07-01",257065.917221212,131.259461639903,127.372094554553,6.4,1563896,2080253,3197225,4735476,2593561,3732324,4.5,4.508,4.39,3.18,3.22,,,97.2912585204734,1.37207
"2024-08-01",257434.421836185,131.288313602726,127.451109501547,6.7,1566142,2083137,3204314,4749382,2596569,3737719,,4.5149,4.19,3.08,3.18,,,,
"2024-09-01",256994.660942602,131.24465293349,127.451109501547,6.6,1573004,2089000,3213925,4767380,2604045,3749315,,4.2662,4.02,3.01,3.2,,,,
"2024-10-01",,,127.767169289524,6.6,1594536,2115789,3249863,4813219,2636445,3790540,,3.7774,3.51,3.25,3.34,,,,
"2024-11-01",,,128.004214130506,6.9,1606201,2135259,3258614,4832596,2643312,3790194,,3.7582,3.42,3.23,3.26,,,,
"2024-12-01",,,128.241258971489,6.7,1610510,2142120,3272134,4897857,2654380,3817118,,3.2769,3.15,3.29,3.37,,,,
"2025-01-01",,,128.478303812471,6.6,1631476,2174177,3298383,4917597,2679786,3847933,,3.2723,2.89,3.18,3.34,,,,
"2025-02-01",,,129.347468229407,6.6,,,,,,,,2.983,2.84,2.98,3.18,,,,
"2025-03-01",,,,6.7,,,,,,,,2.7385,2.64,3.12,3.36,,,,
