"date","gdp_nom","gdp_defl","cpi","ur","m1","m2","m3","policy","saron_1d","mmdrc_3m","gov_10y","smi","spi","reer","xr_usd"
"1921-01-01",,,20.844798149066,,,,,,,,,,,,
"1921-02-01",,,20.7362625821551,,,,,,,,,,,,
"1921-03-01",,,20.5648875507919,,,,,,,,,,,,
"1921-04-01",,,20.4122488542983,,,,,,,,,,,,
"1921-05-01",,,19.9407062581575,,,,,,,,,,,,
"1921-06-01",,,19.4940079538184,,,,,,,,,,,,
"1921-07-01",,,19.2802087791202,,,,,,,,,,,,
"1921-08-01",,,19.1839465945885,,,,,,,,,,,,
"1921-09-01",,,18.9347028272649,,,,,,,,,,,,
"1921-10-01",,,18.6109826501771,,,,,,,,,,,,
"1921-11-01",,,18.1985819222138,,,,,,,,,,,,
"1921-12-01",,,17.7521706307113,,,,,,,,,,,,
"1922-01-01",,,17.7051719510074,,,,,,,,,,,,
"1922-02-01",,,17.0992003605238,,,,,,,,,,,,
"1922-03-01",,,16.4926631276279,,,,,,,,,,,,
"1922-04-01",,,16.0384814903884,,,,,,,,,,,,
"1922-05-01",,,15.6441377876885,,,,,,,,,,,,
"1922-06-01",,,15.5575273288693,,,,,,,,,,,,
"1922-07-01",,,15.5812463256712,,,,,,,,,,,,
"1922-08-01",,,15.4479539930122,,,,,,,,,,,,
"1922-09-01",,,15.4341318547543,,,,,,,,,,,,
"1922-10-01",,,15.4540105858264,,,,,,,,,,,,
"1922-11-01",,,15.5235157402681,,,,,,,,,,,,
"1922-12-01",,,15.5118665954938,,,,,,,,,,,,
"1923-01-01",,,15.5528176788698,,,,,,,,,,,,
"1923-02-01",,,15.5267277438603,,,,,,,,,,,,
"1923-03-01",,,15.6763563956807,,,,,,,,,,,,
"1923-04-01",,,15.8525380128866,,,,,,,,,,,,
"1923-05-01",,,16.0028418839195,,,,,,,,,,,,
"1923-06-01",,,16.0948308677691,,,,,,,,,,,,
"1923-07-01",,,16.0777054143998,,,,,,,,,,,,
"1923-08-01",,,16.0778616968209,,,,,,,,,,,,
"1923-09-01",,,16.0549323974728,,,,,,,,,,,,
"1923-10-01",,,16.0054207141543,,,,,,,,,,,,
"1923-11-01",,,16.1789914446767,,,,,,,,,,,,
"1923-12-01",,,16.2563409436118,,,,,,,,,,,,
"1924-01-01",,,16.341942721211,,,,,,,,5.06,,,,
"1924-02-01",,,16.3701192377101,,,,,,,,5.27,,,,
"1924-03-01",,,16.4354993530126,,,,,,,,5.31,,,,
"1924-04-01",,,16.4126257979507,,,,,,,,5.48,,,,
"1924-05-01",,,16.378440019717,,,,,,,,5.37,,,,
"1924-06-01",,,16.3747729773105,,,,,,,,5.34,,,,
"1924-07-01",,,16.4091957548365,,,,,,,,5.28,,,,
"1924-08-01",,,16.403622214692,,,,,,,,5.35,,,,
"1924-09-01",,,16.3766572250466,,,,,,,,5.4,,,,
"1924-10-01",,,16.5372967704309,,,,,,,,5.45,,,,
"1924-11-01",,,16.566036154719,,,,,,,,5.25,,,,
"1924-12-01",,,16.5282766760324,,,,,,,,5.17,,,,
"1925-01-01",,,16.4214065242881,,,,,,,,5.06,,,,
"1925-02-01",,,16.5129107186473,,,,,,,,5.15,,,,
"1925-03-01",,,16.5401263063912,,,,,,,,5.25,,,,
"1925-04-01",,,16.5058671574043,,,,,,,,5.21,,,,
"1925-05-01",,,16.461205905494,,,,,,,,5.11,,,,
"1925-06-01",,,16.4209813384824,,,,,,,,5.06,,,,
"1925-07-01",,,16.3833254623266,,,,,,,,5,,,,
"1925-08-01",,,16.4065746084851,,,,,,,,4.94,,,,
"1925-09-01",,,16.3814814389161,,,,,,,,5.02,,,,
"1925-10-01",,,16.1949633794811,,,,,,,,4.89,,,,
"1925-11-01",,,16.1494573314455,,,,,,,,5,,,,
"1925-12-01",,,16.1162934231566,,,,,,,,4.93,,,,
"1926-01-01",,,16.0619079734085,,,,,,,,4.79,,,,
"1926-02-01",,,16.0005886370706,,,,,,,,4.78,,,,
"1926-03-01",,,15.9658115944416,,,,,,,,4.77,,,,
"1926-04-01",,,15.8972709625493,,,,,,,,4.82,,,,
"1926-05-01",,,15.8506179881033,,,,,,,,4.77,,,,
"1926-06-01",,,15.7901483074208,,,,,,,,4.72,,,,
"1926-07-01",,,15.7657346189399,,,,,,,,4.6,,,,
"1926-08-01",,,15.696523164893,,,,,,,,4.81,,,,
"1926-09-01",,,15.6507493492591,,,,,,,,4.81,,,,
"1926-10-01",,,15.6199499212304,,,,,,,,4.84,,,,
"1926-11-01",,,15.5545027667269,,,,,,,,4.95,,,,
"1926-12-01",,,15.5512235352398,,,,,,,,4.9,,,,
"1927-01-01",,,15.5380632492411,,,,,,,,4.72,,,,
"1927-02-01",,,15.555364501978,,,,,,,,4.73,,,,
"1927-03-01",,,15.5184646488288,,,,,,,,4.74,,,,
"1927-04-01",,,15.5164550832196,,,,,,,,4.74,,,,
"1927-05-01",,,15.6355573636779,,,,,,,,4.75,,,,
"1927-06-01",,,15.6587663717126,,,,,,,,4.81,,,,
"1927-07-01",,,15.601490560665,,,,,,,,4.83,,,,
"1927-08-01",,,15.5886519639431,,,,,,,,4.83,,,,
"1927-09-01",,,15.640730635029,,,,,,,,4.85,,,,
"1927-10-01",,,15.6269016767533,,,,,,,,4.91,,,,
"1927-11-01",,,15.6835068945371,,,,,,,,4.82,,,,
"1927-12-01",,,15.66748788588,,,,,,,,4.79,,,,
"1928-01-01",,,15.6604556445988,,,,,,,,4.67,,,,
"1928-02-01",,,15.6445003981258,,,,,,,,4.67,,,,
"1928-03-01",,,15.6184298287304,,,,,,,,4.69,,,,
"1928-04-01",,,15.7323951812212,,,,,,,,4.7,,,,
"1928-05-01",,,15.7159222880418,,,,,,,,4.71,,,,
"1928-06-01",,,15.6917199893829,,,,,,,,4.79,,,,
"1928-07-01",,,15.7033879955526,,,,,,,,4.78,,,,
"1928-08-01",,,15.6530818084296,,,,,,,,4.76,,,,
"1928-09-01",,,15.6054717072929,,,,,,,,4.8,,,,
"1928-10-01",,,15.6774728689057,,,,,,,,4.77,,,,
"1928-11-01",,,15.6874627702629,,,,,,,,4.73,,,,
"1928-12-01",,,15.6993141811376,,,,,,,,4.71,,,,
"1929-01-01",,,15.6704251228495,,,,,,,,4.64,,,,
"1929-02-01",,,15.7153878251661,,,,,,,,4.67,,,,
"1929-03-01",,,15.6917967760862,,,,,,,,4.69,,,,
"1929-04-01",,,15.655650700305,,,,,,,,4.62,,,,
"1929-05-01",,,15.6819897533828,,,,,,,,4.63,,,,
"1929-06-01",,,15.710794217467,,,,,,,,4.69,,,,
"1929-07-01",,,15.6666176287119,,,,,,,,4.68,,,,
"1929-08-01",,,15.7377230180041,,,,,,,,4.69,,,,
"1929-09-01",,,15.7420280713932,,,,,,,,4.67,,,,
"1929-10-01",,,15.7291833694664,,,,,,,,4.73,,,,
"1929-11-01",,,15.661613249242,,,,,,,,4.65,,,,
"1929-12-01",,,15.6459693998375,,,,,,,,4.59,,,,
"1930-01-01",,,15.6106334671467,,,,,,,,4.48,,,,
"1930-02-01",,,15.5667979744831,,,,,,,,4.39,,,,
"1930-03-01",,,15.5675934822242,,,,,,,,4.31,,,,
"1930-04-01",,,15.5124110265901,,,,,,,,4.32,,,,
"1930-05-01",,,15.4709574385998,,,,,,,,4.37,,,,
"1930-06-01",,,15.4469997313793,,,,,,,,4.2,,,,
"1930-07-01",,,15.4518379290639,,,,,,,,3.95,,,,
"1930-08-01",,,15.4548037330548,,,,,,,,3.96,,,,
"1930-09-01",,,15.3716924420271,,,,,,,,3.81,,,,
"1930-10-01",,,15.2704687008333,,,,,,,,3.91,,,,
"1930-11-01",,,15.2132218327977,,,,,,,,3.87,,,,
"1930-12-01",,,15.1432841426027,,,,,,,,3.82,,,,
"1931-01-01",,,15.1275181463924,,,,,,,,3.77,,,,
"1931-02-01",,,15.0681589942005,,,,,,,,3.78,,,,
"1931-03-01",,,14.9447595382437,,,,,,,,3.83,,,,
"1931-04-01",,,14.7799482720094,,,,,,,,3.78,,,,
"1931-05-01",,,14.737553490717,,,,,,,,3.79,,,,
"1931-06-01",,,14.6576334603815,,,,,,,,3.83,,,,
"1931-07-01",,,14.6042295645889,,,,,,,,3.87,,,,
"1931-08-01",,,14.5174445531181,,,,,,,,3.77,,,,
"1931-09-01",,,14.4563649462777,,,,,,,,3.98,,,,
"1931-10-01",,,14.2994039850438,,,,,,,,3.97,,,,
"1931-11-01",,,14.1930219229517,,,,,,,,3.95,,,,
"1931-12-01",,,14.0465133960138,,,,,,,,4.12,,,,
"1932-01-01",,,13.9716085467967,,,,,,,,3.93,,,,
"1932-02-01",,,13.8567899338405,,,,,,,,3.84,,,,
"1932-03-01",,,13.8260003504856,,,,,,,,3.85,,,,
"1932-04-01",,,13.6920010311883,,,,,,,,3.74,,,,
"1932-05-01",,,13.5989170423639,,,,,,,,3.72,,,,
"1932-06-01",,,13.4953554947448,,,,,,,,3.78,,,,
"1932-07-01",,,13.4070581605484,,,,,,,,3.76,,,,
"1932-08-01",,,13.3321487009293,,,,,,,,3.73,,,,
"1932-09-01",,,13.2265119511985,,,,,,,,3.78,,,,
"1932-10-01",,,13.2031083724332,,,,,,,,3.75,,,,
"1932-11-01",,,13.11251781975,,,,,,,,3.83,,,,
"1932-12-01",,,13.0419087725109,,,,,,,,3.83,,,,
"1933-01-01",,,12.9696692887393,,,,,,,,3.7,,,,
"1933-02-01",,,12.9306323835378,,,,,,,,3.63,,,,
"1933-03-01",,,12.885327811895,,,,,,,,3.68,,,,
"1933-04-01",,,12.8388869004508,,,,,,,,3.92,,,,
"1933-05-01",,,12.7904234764681,,,,,,,,4.18,,,,
"1933-06-01",,,12.7611313907373,,,,,,,,4.43,,,,
"1933-07-01",,,12.7344509166923,,,,,,,,4.38,,,,
"1933-08-01",,,12.7241049088452,,,,,,,,4.16,,,,
"1933-09-01",,,12.7371032675809,,,,,,,,4.09,,,,
"1933-10-01",,,12.7248395399315,,,,,,,,4.07,,,,
"1933-11-01",,,12.7171435410656,,,,,,,,4.08,,,,
"1933-12-01",,,12.7438581984657,,,,,,,,4.07,,,,
"1934-01-01",,,12.7465764737891,,,,,,,,3.97,,,,
"1934-02-01",,,12.7351245316475,,,,,,,,4.09,,,,
"1934-03-01",,,12.6871158219771,,,,,,,,4.39,,,,
"1934-04-01",,,12.6955016146908,,,,,,,,4.24,,,,
"1934-05-01",,,12.6578207181408,,,,,,,,4.22,,,,
"1934-06-01",,,12.6278922879607,,,,,,,,4.29,,,,
"1934-07-01",,,12.5684326740073,,,,,,,,4.21,,,,
"1934-08-01",,,12.5344160684527,,,,,,,,4.16,,,,
"1934-09-01",,,12.5197921491213,,,,,,,,4.1,,,,
"1934-10-01",,,12.496916738025,,,,,,,,4.09,,,,
"1934-11-01",,,12.4885741961335,,,,,,,,4.07,,,,
"1934-12-01",,,12.5019069258417,,,,,,,,4.16,,,,
"1935-01-01",,,12.4435358179734,,,,,,,,4.06,,,,
"1935-02-01",,,12.4140709711399,,,,,,,,4.01,,,,
"1935-03-01",,,12.402888814806,,,,,,,,4.28,,,,
"1935-04-01",,,12.361046046907,,,,,,,,4.86,,,,
"1935-05-01",,,12.3664431861224,,,,,,,,4.82,,,,
"1935-06-01",,,12.4047908720555,,,,,,,,4.47,,,,
"1935-07-01",,,12.4893042408878,,,,,,,,4.68,,,,
"1935-08-01",,,12.5418040635828,,,,,,,,4.68,,,,
"1935-09-01",,,12.5343336777756,,,,,,,,4.98,,,,
"1935-10-01",,,12.5491078948869,,,,,,,,5,,,,
"1935-11-01",,,12.5795581351533,,,,,,,,5.17,,,,
"1935-12-01",,,12.6209009032278,,,,,,,,5.01,,,,
"1936-01-01",,,12.6058627521621,,,,,,,,4.71,,,,
"1936-02-01",,,12.6101717894975,,,,,,,,4.59,,,,
"1936-03-01",,,12.6457876647741,,,,,,,,4.63,,,,
"1936-04-01",,,12.6756221787023,,,,,,,,4.61,,,,
"1936-05-01",,,12.6706860477501,,,,,,,,4.71,,,,
"1936-06-01",,,12.6684334709288,,,,,,,,4.91,,,,
"1936-07-01",,,12.6804036965074,,,,,,,,4.69,,,,
"1936-08-01",,,12.6965995533785,,,,,,,,4.62,,,,
"1936-09-01",,,12.7141511761584,,,,,,,,4.58,,,,
"1936-10-01",,,12.7730296013351,,,,,,,,3.74,,,,
"1936-11-01",,,12.7867980251224,,,,,,,,3.59,,,,
"1936-12-01",,,12.8203427863868,,,,,,,,3.55,,,,
"1937-01-01",,,12.9686263544682,,,,,,,,3.56,,,,
"1937-02-01",,,13.2828440240179,,,,,,,,3.55,,,,
"1937-03-01",,,13.2944137908833,,,,,,,,3.52,,,,
"1937-04-01",,,13.331461220911,,,,,,,,3.53,,,,
"1937-05-01",,,13.3225866074055,,,,,,,,3.47,,,,
"1937-06-01",,,13.3506517489071,,,,,,,,3.41,,,,
"1937-07-01",,,13.3495318683475,,,,,,,,3.36,,,,
"1937-08-01",,,13.3708160570752,,,,,,,,3.36,,,,
"1937-09-01",,,13.3610291648827,,,,,,,,3.31,,,,
"1937-10-01",,,13.352870377629,,,,,,,,3.35,,,,
"1937-11-01",,,13.3498523096246,,,,,,,,3.28,,,,
"1937-12-01",,,13.3922890000026,,,,,,,,3.22,,,,
"1938-01-01",,,13.3803123394767,,,,,,,,3.17,,,,
"1938-02-01",,,13.3826563012454,,,,,,,,3.08,,,,
"1938-03-01",,,13.370616186172,,,,,,,,3.25,,,,
"1938-04-01",,,13.3042006487845,,,,,,,,3.3,,,,
"1938-05-01",,,13.3096275027206,,,,,,,,3.26,,,,
"1938-06-01",,,13.3132285404531,,,,,,,,3.19,,,,
"1938-07-01",,,13.3157865893667,,,,,,,,3.1,,,,
"1938-08-01",,,13.3216248869016,,,,,,,,3.21,,,,
"1938-09-01",,,13.4011611572092,,,,,,,,3.61,,,,
"1938-10-01",,,13.3014693320836,,,,,,,,3.38,,,,
"1938-11-01",,,13.2831302744977,,,,,,,,3.32,,,,
"1938-12-01",,,13.3153070359796,,,,,,,,3.3,,,,
"1939-01-01",,,13.259604962646,,,,,,,,3.42,,,,
"1939-02-01",,,13.2463680484704,,,,,,,,3.27,,,,
"1939-03-01",,,13.2733967682873,,,,,,,,3.56,,,,
"1939-04-01",,,13.2850495081068,,,,,,,,3.68,,,,
"1939-05-01",,,13.3342770215109,,,,,,,,3.52,,,,
"1939-06-01",,,13.3556856737858,,,,,,,,3.59,,,,
"1939-07-01",,,13.3787478047499,,,,,,,,3.59,,,,
"1939-08-01",,,13.4052839111695,,,,,,,,3.85,,,,
"1939-09-01",,,13.4981887547271,,,,,,,,4.44,,,,
"1939-10-01",,,13.6327205638219,,,,,,,,4.21,,,,
"1939-11-01",,,13.7315570949154,,,,,,,,4.18,,,,
"1939-12-01",,,13.8206306108575,,,,,,,,4.25,,,,
"1940-01-01",,,13.998081168346,,,,,,,,4.13,,,,
"1940-02-01",,,14.0855217235092,,,,,,,,4.27,,,,
"1940-03-01",,,14.148226960016,,,,,,,,4.41,,,,
"1940-04-01",,,14.3374195125413,,,,,,,,4.5,,,,
"1940-05-01",,,14.4432121728191,,,,,,,,4.69,,,,
"1940-06-01",,,14.5378048456878,,,,,,,,4.405,,,,
"1940-07-01",,,14.6448223491434,,,,,,,,4.12,,,,
"1940-08-01",,,14.7529629068697,,,,,,,,3.91,,,,
"1940-09-01",,,14.9682488127663,,,,,,,,3.82,,,,
"1940-10-01",,,15.2103418840382,,,,,,,,3.6,,,,
"1940-11-01",,,15.4350394874964,,,,,,,,3.62,,,,
"1940-12-01",,,15.5716124125829,,,,,,,,3.8,,,,
"1941-01-01",,,15.8193860227009,,,,,,,,3.63,,,,
"1941-02-01",,,15.868157080351,,,,,,,,3.57,,,,
"1941-03-01",,,15.9967748582328,,,,,,,,3.52,,,,
"1941-04-01",,,16.4105506598838,,,,,,,,3.5,,,,
"1941-05-01",,,16.6722908384635,,,,,,,,3.5,,,,
"1941-06-01",,,16.9856071032797,,,,,,,,3.34,,,,
"1941-07-01",,,17.2116205030917,,,,,,,,3.23,,,,
"1941-08-01",,,17.3539219276402,,,,,,,,3.23,,,,
"1941-09-01",,,17.4103975341833,,,,,,,,3.22,,,,
"1941-10-01",,,17.6483392263806,,,,,,,,3.22,,,,
"1941-11-01",,,17.8333448149558,,,,,,,,3.28,,,,
"1941-12-01",,,17.9518943789833,,,,,,,,3.27,,,,
"1942-01-01",,,18.1046444318518,,,,,,,,3.11,,,,
"1942-02-01",,,18.306206168477,,,,,,,,3.14,,,,
"1942-03-01",,,18.4333634754192,,,,,,,,3.12,,,,
"1942-04-01",,,18.5856548422542,,,,,,,,3.07,,,,
"1942-05-01",,,18.7202072555439,,,,,,,,3.09,,,,
"1942-06-01",,,18.7238541595507,,,,,,,,3.15,,,,
"1942-07-01",,,19.0013156183699,,,,,,,,3.14,,,,
"1942-08-01",,,19.0505545550491,,,,,,,,3.16,,,,
"1942-09-01",,,19.0807535088034,,,,,,,,3.11,,,,
"1942-10-01",,,19.1857973738008,,,,,,,,3.09,,,,
"1942-11-01",,,19.2841435369226,,,,,,,,3.36,,,,
"1942-12-01",,,19.4402315909348,,,,,,,,3.32,,,,
"1943-01-01",,,19.5266528364633,,,,,,,,3.28,,,,
"1943-02-01",,,19.6031936486402,,,,,,,,3.28,,,,
"1943-03-01",,,19.6674046415339,,,,,,,,3.4,,,,
"1943-04-01",,,19.7119531307593,,,,,,,,3.35,,,,
"1943-05-01",,,19.7269185978046,,,,,,,,3.37,,,,
"1943-06-01",,,19.7515053240118,,,,,,,,3.31,,,,
"1943-07-01",,,19.8060759209185,,,,,,,,3.25,,,,
"1943-08-01",,,19.8501247975438,,,,,,,,3.29,,,,
"1943-09-01",,,19.9266924630433,,,,,,,,3.32,,,,
"1943-10-01",,,19.9253815942679,,,,,,,,3.32,,,,
"1943-11-01",,,19.9243264564204,,,,,,,,3.29,,,,
"1943-12-01",,,19.9847536894395,,,,,,,,3.29,,,,
"1944-01-01",,,20.0000137685457,,,,,,,,3.23,,,,
"1944-02-01",,,20.0644581007749,,,,,,,,3.19,,,,
"1944-03-01",,,20.1526573905528,,,,,,,,3.26,,,,
"1944-04-01",,,20.1698696048907,,,,,,,,3.29,,,,
"1944-05-01",,,20.189202808893,,,,,,,,3.25,,,,
"1944-06-01",,,20.2240291183037,,,,,,,,3.26,,,,
"1944-07-01",,,20.2897334851021,,,,,,,,3.23,,,,
"1944-08-01",,,20.2886284076605,,,,,,,,3.27,,,,
"1944-09-01",,,20.2811271418121,,,,,,,,3.29,,,,
"1944-10-01",,,20.2481675942296,,,,,,,,3.32,,,,
"1944-11-01",,,20.2220500360429,,,,,,,,3.34,,,,
"1944-12-01",,,20.2526275550364,,,,,,,,3.33,,,,
"1945-01-01",,,20.2788107142209,,,,,,,,3.25,,,,
"1945-02-01",,,20.3381740966726,,,,,,,,3.36,,,,
"1945-03-01",,,20.3930134392761,,,,,,,,3.35,,,,
"1945-04-01",,,20.4088500473093,,,,,,,,3.33,,,,
"1945-05-01",,,20.3930328887902,,,,,,,,3.31,,,,
"1945-06-01",,,20.4263146053408,,,,,,,,3.31,,,,
"1945-07-01",,,20.4690135285061,,,,,,,,3.23,,,,
"1945-08-01",,,20.488392968321,,,,,,,,3.27,,,,
"1945-09-01",,,20.4356906644377,,,,,,,,3.27,,,,
"1945-10-01",,,20.2531076728617,,,,,,,,3.26,,,,
"1945-11-01",,,20.0611601513693,,,,,,,,3.26,,,,
"1945-12-01",,,20.0883204400873,,,,,,,,3.26,,,,
"1946-01-01",,,20.105938563824,,,,,1.5,,,3.22,,,,
"1946-02-01",,,20.0658380601429,,,,,1.5,,,3.17,,,,
"1946-03-01",,,20.0191271258089,,,,,1.5,,,3.13,,,,
"1946-04-01",,,20.0248721034094,,,,,1.5,,,3.09,,,,
"1946-05-01",,,20.0885616136742,,,,,1.5,,,3.02,,,,
"1946-06-01",,,20.1365592626435,,,,,1.5,,,3.04,,,,
"1946-07-01",,,20.1563462470646,,,,,1.5,,,3.05,,,,
"1946-08-01",,,20.2201140742989,,,,,1.5,,,3.03,,,,
"1946-09-01",,,20.1924483906259,,,,,1.5,,,3.04,,,,
"1946-10-01",,,20.5555580171376,,,,,1.5,,,3.09,,,,
"1946-11-01",,,20.5341503063329,,,,,1.5,,,3.15,,,,
"1946-12-01",,,20.5834298308457,,,,,1.5,,,3.2,,,,
"1947-01-01",,,20.6332586042043,,,,,1.5,,,3.12,,,,
"1947-02-01",,,20.6781816020728,,,,,1.5,,,3.13,,,,
"1947-03-01",,,20.7484454587282,,,,,1.5,,,3.11,,,,
"1947-04-01",,,20.8395763398725,,,,,1.5,,,3.09,,,,
"1947-05-01",,,21.0536887391405,,,,,1.5,,,3.06,,,,
"1947-06-01",,,21.1252510351949,,,,,1.5,,,3.05,,,,
"1947-07-01",,,21.1783072853431,,,,,1.5,,,3.03,,,,
"1947-08-01",,,21.2236414471901,,,,,1.5,,,3.13,,,,
"1947-09-01",,,21.207621829933,,,,,1.5,,,3.22,,,,
"1947-10-01",,,21.6341241895816,,,,,1.5,,,3.33,,,,
"1947-11-01",,,21.6015967067114,,,,,1.5,,,3.47,,,,
"1947-12-01",,,21.6605355512846,,,,,1.5,,,3.35,,,,
"1948-01-01",,,21.7293290576962,,,,,1.5,,,3.34,,,,
"1948-02-01",,,21.7737608510148,,,,,1.5,,,3.4,,,,
"1948-03-01",,,21.7883469380008,,,,,1.5,,,3.55,,,,
"1948-04-01",,,21.807260120605,,,,,1.5,,,3.52,,,,
"1948-05-01",,,21.7336941499324,,,,,1.5,,,3.44,,,,
"1948-06-01",,,21.7408971268729,,,,,1.5,,,3.44,,,,
"1948-07-01",,,21.7312383667104,,,,,1.5,,,3.42,,,,
"1948-08-01",,,21.7156173664121,,,,,1.5,,,3.36,,,,
"1948-09-01",,,21.7088457277065,,,,,1.5,,,3.35,,,,
"1948-10-01",,,21.6715357502244,,,,,1.5,,,3.41,,,,
"1948-11-01",,,21.9002161900869,,,,,1.5,,,3.4,,,,
"1948-12-01",,,21.7689245553196,,,,,1.5,,,3.32,,,,
"1949-01-01",,,21.7475832350372,,,,,1.5,,,3.2,,,,
"1949-02-01",,,21.7211942886085,,,,,1.5,,,3.17,,,,
"1949-03-01",,,21.6921874562325,,,,,1.5,,,3.05,,,,
"1949-04-01",,,21.6442049940078,,,,,1.5,,,2.93,,,,
"1949-05-01",,,21.5884768783993,,,,,1.5,,,2.84,,,,
"1949-06-01",,,21.5950328210392,,,,,1.5,,,2.83,,,,
"1949-07-01",,,21.5784644226809,,,,,1.5,,,2.76,,,,
"1949-08-01",,,21.5768915804166,,,,,1.5,,,2.82,,,,
"1949-09-01",,,21.5878204896603,,,,,1.5,,,3.01,,,,
"1949-10-01",,,21.4774643552164,,,,,1.5,,,2.92,,,,
"1949-11-01",,,21.3801802756073,,,,,1.5,,,2.79,,,,
"1949-12-01",,,21.3502030414539,,,,,1.5,,,2.7,,,,
"1950-01-01",,,21.1999268569794,,13673.2016274993,,,1.5,,,2.63,,,,
"1950-02-01",,,21.1646334380879,,13754.9499325905,,,1.5,,,2.56,,,,
"1950-03-01",,,21.1787386363808,,13778.4192403221,,,1.5,,,2.6,,,,
"1950-04-01",,,21.153791746473,,13919.5981006437,,,1.5,,,2.55,,,,
"1950-05-01",,,21.1712817121726,,14248.1960346376,,,1.5,,,2.54,,,,
"1950-06-01",,,21.151494994841,,14121.9869012387,,,1.5,,,2.61,,,,
"1950-07-01",,,21.1909785842217,,14344.4984729929,,,1.5,,,2.64,,,,
"1950-08-01",,,21.2891442993182,,14294.8719012031,,,1.5,,,2.67,,,,
"1950-09-01",,,21.3312805826622,,14224.432377737,,,1.5,,,2.71,,,,
"1950-10-01",,,21.403500236227,,14300.4569859664,,,1.5,,,2.79,,,,
"1950-11-01",,,21.3694885464052,,14309.5705390245,,,1.5,,,2.87,,,,
"1950-12-01",,,21.3787790068194,,14306.0756838336,,,1.5,,,2.9,,,,
"1951-01-01",,,21.6659995474746,,14433.4659090338,,,1.5,,,2.83,,,,
"1951-02-01",,,21.7760157871154,,14410.0572120769,,,1.5,,,2.84,,,,
"1951-03-01",,,21.8084168461652,,14432.9931757259,,,1.5,,,2.93,,,,
"1951-04-01",,,22.0992384676898,,14438.2334692881,,,1.5,,,2.99,,,,
"1951-05-01",,,22.233262959937,,14406.476630976,,,1.5,,,2.98,,,,
"1951-06-01",,,22.2261178751832,,14493.0203164274,,,1.5,,,3,,,,
"1951-07-01",,,22.3762433343327,,14470.445382576,,,1.5,,,2.95,,,,
"1951-08-01",,,22.4577376163898,,14445.4449336117,,,1.5,,,2.97,,,,
"1951-09-01",,,22.4880804993741,,14512.3422829365,,,1.5,,,2.98,,,,
"1951-10-01",,,22.6091747737872,,14525.1764146407,,,1.5,,,3.01,,,,
"1951-11-01",,,22.6900247784936,,14562.1635540416,,,1.5,,,2.97,,,,
"1951-12-01",,,22.7417300708796,,14703.9751459818,,,1.5,,,2.99,,,,
"1952-01-01",,,22.7718987127073,,14618.6653231766,,,1.5,,,2.87,,,,
"1952-02-01",,,22.8582403055781,,14613.3847359645,,,1.5,,,2.81,,,,
"1952-03-01",,,22.8985228834854,,14747.3655523152,,,1.5,,,2.79,,,,
"1952-04-01",,,22.8539116752666,,14668.1832781843,,,1.5,,,2.81,,,,
"1952-05-01",,,22.8581616124921,,14647.9890168556,,,1.5,,,2.93,,,,
"1952-06-01",,,22.8831741211298,,14708.0945747112,,,1.5,,,2.89,,,,
"1952-07-01",,,22.8477533664709,,14726.3451882229,,,1.5,,,2.85,,,,
"1952-08-01",,,22.845715075955,,14832.695027823,,,1.5,,,2.85,,,,
"1952-09-01",,,22.851486346485,,14905.0306227475,,,1.5,,,2.84,,,,
"1952-10-01",,,22.7643157763215,,14973.4233558857,,,1.5,,,2.83,,,,
"1952-11-01",,,22.7472571424013,,14928.6212563911,,,1.5,,,2.82,,,,
"1952-12-01",,,22.7498608887004,,15099.4831024861,,,1.5,,,2.78,,,,
"1953-01-01",,,22.6981128545343,,15086.9942595253,,,1.5,,,2.62,,,,
"1953-02-01",,,22.694640066411,,15131.8964588908,,,1.5,,,2.6,,,,
"1953-03-01",,,22.7027594315591,,15016.5023449281,,,1.5,,,2.61,,,,
"1953-04-01",,,22.6805241416783,,15325.9519711508,,,1.5,,,2.6,,,,
"1953-05-01",,,22.6778565859949,,15555.7949645384,,,1.5,,,2.5,,,,
"1953-06-01",,,22.6696974999763,,15533.6354788317,,,1.5,,,2.52,,,,
"1953-07-01",,,22.6515725661558,,15607.2019791911,,,1.5,,,2.52,,,,
"1953-08-01",,,22.6246315540462,,15689.1717259124,,,1.5,,,2.5,,,,
"1953-09-01",,,22.6600643197993,,15570.3780429315,,,1.5,,,2.5,,,,
"1953-10-01",,,22.6715530537202,,15461.6478988411,,,1.5,,,2.48,,,,
"1953-11-01",,,22.6465633075981,,15524.0082292905,,,1.5,,,2.52,,,,
"1953-12-01",,,22.6350504707771,,15315.7062196233,,,1.5,,,2.51,,,,
"1954-01-01",,,22.6882671015036,,15532.9908523127,,,1.5,,,2.5,,,,
"1954-02-01",,,22.7015335384893,,15637.6687251138,,,1.5,,,2.47,,,,
"1954-03-01",,,22.7200786559864,,15730.5643691294,,,1.5,,,2.48,,,,
"1954-04-01",,,22.7850432098191,,15732.5480265957,,,1.5,,,2.63,,,,
"1954-05-01",,,22.7491708708786,,15800.5475818822,,,1.5,,,2.65,,,,
"1954-06-01",,,22.7779353362759,,15849.9411964966,,,1.5,,,2.68,,,,
"1954-07-01",,,22.8463849729843,,15836.4608150492,,,1.5,,,2.61,,,,
"1954-08-01",,,22.8879947900971,,15947.1826792352,,,1.5,,,2.65,,,,
"1954-09-01",,,22.899658105219,,15924.9514774917,,,1.5,,,2.68,,,,
"1954-10-01",,,22.9509965770107,,15914.2495528305,,,1.5,,,2.69,,,,
"1954-11-01",,,22.9963224498865,,15975.8201079259,,,1.5,,,2.72,,,,
"1954-12-01",,,23.0118274980899,,15915.0160085435,,,1.5,,,2.74,,,,
"1955-01-01",,,23.0377293225485,,15973.3616094777,,,1.5,,,2.7,,,,
"1955-02-01",,,23.0126678377088,,16015.6291627654,,,1.5,,,2.75,,,,
"1955-03-01",,,23.017883707348,,16035.7351208703,,,1.5,,,2.84,,,,
"1955-04-01",,,23.0645755526255,,15994.2928531175,,,1.5,,,2.85,,,,
"1955-05-01",,,23.032995074929,,16110.5933317482,,,1.5,,,2.99,,,,
"1955-06-01",,,23.0204676363112,,16054.1642297906,,,1.5,,,3.06,,,,
"1955-07-01",,,23.0315211216888,,16136.4308882243,,,1.5,,,3.04,,,,
"1955-08-01",,,23.0319193905942,,16187.9760338578,,,1.5,,,3.08,,,,
"1955-09-01",,,23.0468064076753,,16156.8887705154,,,1.5,,,3.2,,,,
"1955-10-01",,,23.0736925405625,,16342.4729036501,,,1.5,,,3.17,,,,
"1955-11-01",,,23.0804483647845,,16294.1351125476,,,1.5,,,3.07,,,,
"1955-12-01",,,23.1071725555288,,16325.6191286416,,,1.5,,,3.04,,,,
"1956-01-01",,,23.0676701191165,,16394.2673425298,,,1.5,,,2.94,,,,
"1956-02-01",,,23.1741893753847,,16536.8282306897,,,1.5,,,2.91,,,,
"1956-03-01",,,23.2728317003783,,16633.1050785324,,,1.5,,,2.97,,,,
"1956-04-01",,,23.2594927506883,,16736.823720368,,,1.5,,,3.06,,,,
"1956-05-01",,,23.3837716856608,,16688.1337021259,,,1.5,,,3.14,,,,
"1956-06-01",,,23.4377944319205,,16710.5568324202,,,1.5,,,3.18,,,,
"1956-07-01",,,23.4593902453585,,16867.1591938228,,,1.5,,,3.18,,,,
"1956-08-01",,,23.4843426267699,,16806.4230550269,,,1.5,,,3.24,,,,
"1956-09-01",,,23.5018948388673,,17041.060049833,,,1.5,,,3.21,,,,
"1956-10-01",,,23.5175014942768,,17079.1139999542,,,1.5,,,3.22,,,,
"1956-11-01",,,23.5618251713159,,17199.5469303893,,,1.5,,,3.23,,,,
"1956-12-01",,,23.6163803015233,,17324.5159362158,,,1.5,,,3.22,,,,
"1957-01-01",,,23.6737332193518,,17482.8443135329,,,1.5,,,3.22,,,,4.37295000337295
"1957-02-01",,,23.6789765159934,,17299.1296844056,,,1.5,,,3.16,,,,4.37295000337295
"1957-03-01",,,23.6453343262278,,17228.313119015,,,1.5,,,3.59,,,,4.37295000337295
"1957-04-01",,,23.7509671232431,,17330.9362295637,,,1.5,,,3.55,,,,4.37295000337295
"1957-05-01",,,23.7774057620647,,17354.2618131669,,,2.5,,,3.8,,,,4.37295000337295
"1957-06-01",,,23.7973033115346,,17479.7924202599,,,2.5,,,3.77,,,,4.37295000337295
"1957-07-01",,,23.8459101365972,,17380.0147577392,,,2.5,,,3.79,,,,4.37295000337295
"1957-08-01",,,23.9257486951143,,17663.1630211164,,,2.5,,,3.87,,,,4.37295000337295
"1957-09-01",,,23.9543501099619,,17476.7151093785,,,2.5,,,3.93,,,,4.37295000337295
"1957-10-01",,,24.0333180469447,,17612.0560161812,,,2.5,,,3.92,,,,4.37295000337295
"1957-11-01",,,24.0728533503061,,17534.762857983,,,2.5,,,3.8,,,,4.37295000337295
"1957-12-01",,,24.1004880768524,,17540.4312984773,,,2.5,,,3.61,,,,4.37295000337295
"1958-01-01",,,24.1342575441193,,17463.9175612504,,,2.5,,,3.49,,,,4.37295000337295
"1958-02-01",,,24.1689064530679,,17579.1105365805,,,2.5,,,3.41,,,,4.37295000337295
"1958-03-01",,,24.2014389741653,,17602.3202751651,,,2.5,,,3.34,,,,4.37295000337295
"1958-04-01",,,24.2526626399329,,17661.1097322009,,,2.5,,,3.24,,,,4.37295000337295
"1958-05-01",,,24.3319047796985,,17719.0332103739,,,2.5,,,3.2,,,,4.37295000337295
"1958-06-01",,,24.369538779351,,17948.7594404964,,,2.5,,,3.03,,,,4.37295000337295
"1958-07-01",,,24.3650914549363,,18045.2016820482,,,2.5,,,3.04,,,,4.37295000337295
"1958-08-01",,,24.3410752675504,,17727.121120853,,,2.5,,,3.04,,,,4.37295000337295
"1958-09-01",,,24.3561105272393,,18464.2079139453,,,2.5,,,3.02,,,,4.37295000337295
"1958-10-01",,,24.3498858212974,,18509.0983569473,,,2.5,,,3,,,,4.37295000337295
"1958-11-01",,,24.3325071175212,,18734.9065089679,,,2.5,,,3.03,,,,4.37295000337295
"1958-12-01",,,24.3226706489446,,19253.0480004067,,,2.5,,,3,,,,4.37295000337295
"1959-01-01",,,24.2720072845799,,19193.0211069434,,,2.5,,,2.98,,,,4.37295000337295
"1959-02-01",,,24.2144869282856,,19289.7586831856,,,2,,,2.91,,,,4.37295000337295
"1959-03-01",,,24.2082936265159,,19519.722055287,,,2,,,2.85,,,,4.37295000337295
"1959-04-01",,,24.134860575842,,19664.0005445562,,,2,,,2.83,,,,4.37295000337295
"1959-05-01",,,24.0456849298739,,19763.2521839362,,,2,,,3.14,,,,4.37295000337295
"1959-06-01",,,24.0308218397903,,19879.5322868796,,,2,,,3.22,,,,4.37295000337295
"1959-07-01",,,24.0258563712318,,19990.4360449742,,,2,,,3.14,,,,4.37295000337295
"1959-08-01",,,24.0644155046407,,20092.8132857453,,,2,,,3.06,,,,4.37295000337295
"1959-09-01",,,24.1230067900807,,20099.1823845795,,,2,,,3.16,,,,4.37295000337295
"1959-10-01",,,24.1750812531371,,20174.800650121,,,2,,,3.17,,,,4.37295000337295
"1959-11-01",,,24.1677898002746,,20301.0081706348,,,2,,,3.17,,,,4.37295000337295
"1959-12-01",,,24.1873063539254,,20311.8393171439,,,2,,,3.29,,,,4.37295000337295
"1960-01-01",,,24.2064294390846,,20437.1393969362,,,2,,,3.32,,,,4.37295000337295
"1960-02-01",,,24.3413247487177,,20422.510056913,,,2,,,3.3,,,,4.37295000337295
"1960-03-01",,,24.3736945532129,,20447.2122150015,,,2,,,3.22,,,,4.37295000337295
"1960-04-01",,,24.4309176586274,,20635.2049411469,,,2,,,3.13,,,,4.37295000337295
"1960-05-01",,,24.4258479203657,,20913.2692867303,,,2,,,3.07,,,,4.37295000337295
"1960-06-01",,,24.4656625336262,,21132.3785222767,,,2,,,3.04,,,,4.37295000337295
"1960-07-01",,,24.5287421667286,,21300.7204938106,,,2,,,2.97,,,,4.37295000337295
"1960-08-01",,,24.548374927858,,21572.892367163,,,2,,,2.94,,,,4.37295000337295
"1960-09-01",,,24.6017174573335,,21983.9002721491,,,2,,,3.01,,,,4.37295000337295
"1960-10-01",,,24.65458288712,,21995.2399977049,,,2,,,3.05,,,,4.37295000337295
"1960-11-01",,,24.6144044528941,,22256.1328434506,,,2,,,3.04,,,,4.37295000337295
"1960-12-01",,,24.6244560770302,,22502.5821001552,,,2,,,3.02,,,,4.37295000337295
"1961-01-01",,,24.6317048798602,,22894.6952302623,,,2,,,2.96,,,,4.37295000337295
"1961-02-01",,,24.6534723605801,,23275.2431249921,,,2,,,2.86,,,,4.37295000337295
"1961-03-01",,,24.6894762846463,,23881.6227304688,,,2,,,2.84,,,,4.37295000337295
"1961-04-01",,,24.7004812174918,,24022.7051482098,,,2,,,2.82,,,,4.37295000337295
"1961-05-01",,,24.7758664751746,,24289.3303293957,,,2,,,2.86,,,,4.37295000337295
"1961-06-01",,,24.832123904378,,24296.8878490441,,,2,,,2.97,,,,4.37295000337295
"1961-07-01",,,24.885789079677,,24537.2109725506,,,2,,,3.13,,,,4.37295000337295
"1961-08-01",,,24.9824287285788,,24858.7310528021,,,2,,,3.1,,,,4.37295000337295
"1961-09-01",,,25.0172162530203,,24909.1309100901,,,2,,,2.97,,,,4.37295000337295
"1961-10-01",,,25.1351423162866,,25130.3003253531,,,2,,,2.97,,,,4.37295000337295
"1961-11-01",,,25.4339661210252,,25400.825837778,,,2,,,3.01,,,,4.37295000337295
"1961-12-01",,,25.5002786758644,,25559.5368984519,,,2,,,2.98,,,,4.37295000337295
"1962-01-01",,,25.5879209217448,,25832.8458263459,,,2,,,2.96,,,,4.37295000337295
"1962-02-01",,,25.6595047569073,,25968.2746880801,,,2,,,2.99,,,,4.37295000337295
"1962-03-01",,,25.7418870009034,,26394.2845166538,,,2,,,3.1,,,,4.37295000337295
"1962-04-01",,,25.8707077009265,,26128.9186088539,,,2,,,3.25,,,,4.37295000337295
"1962-05-01",,,25.9500049961504,,26696.9219928667,,,2,,,3.14,,,,4.37295000337295
"1962-06-01",,,26.0389126403534,,27318.1243210149,,,2,,,3.26,,,,4.37295000337295
"1962-07-01",,,26.1285605075548,,27322.8833031967,,,2,,,3.19,,,,4.37295000337295
"1962-08-01",,,26.216548766017,,27005.3620903017,,,2,,,3.14,,,,4.37295000337295
"1962-09-01",,,26.2109456306134,,27241.1084459657,,,2,,,3.11,,,,4.37295000337295
"1962-10-01",,,26.177944038281,,27828.2524856375,,,2,,,3.12,,,,4.37295000337295
"1962-11-01",,,26.2369411043158,,27644.0266237759,,,2,,,3.11,,,,4.37295000337295
"1962-12-01",,,26.3322874779001,,28213.7879861602,,,2,,,3.12,,,,4.37295000337295
"1963-01-01",,,26.4564907457419,,28059.2723140935,,,2,,,3.14,,,,4.37295000337295
"1963-02-01",,,26.6233294009149,,28430.8763543132,,,2,,,3.13,,,,4.37295000337295
"1963-03-01",,,26.6764704892302,,28351.4488715607,,,2,,,3.1,,,,4.37295000337295
"1963-04-01",,,26.7231672257422,,28639.2023296023,,,2,,,3.1,,,,4.37295000337295
"1963-05-01",,,26.7505815480552,,28720.9272784955,,,2,,,3.14,,,,4.37295000337295
"1963-06-01",,,26.8466677944047,,28788.6032938244,,,2,,,3.15,,,,4.37295000337295
"1963-07-01",,,26.9219166522016,,29038.2713808553,,,2,,,3.22,,,,4.37295000337295
"1963-08-01",,,26.9866803859459,,29212.5457578347,,,2,,,3.25,,,,4.37295000337295
"1963-09-01",,,27.0853600216706,,29480.306488152,,,2,,,3.33,,,,4.37295000337295
"1963-10-01",,,27.1960389827576,,29716.1731027125,,,2,,,3.44,,,,4.37295000337295
"1963-11-01",,,27.2756726033111,,29883.6085867422,,,2,,,3.42,,,,4.37295000337295
"1963-12-01",,,27.3449528529513,,29897.4521852187,,,2,,,3.54,,,,4.37295000337295
"1964-01-01",,,27.3995204027686,,30006.8880602986,,,2,,,3.64,,,,4.37295000337295
"1964-02-01",,,27.4530856152087,,30074.0848807987,,,2,,,3.8,,,,4.37295000337295
"1964-03-01",,,27.5270339810212,,30272.1163940065,,,2,,,3.89,,,,4.37295000337295
"1964-04-01",,,27.7154880308455,,30612.7289432191,,,2,,,3.88,,,,4.37295000337295
"1964-05-01",,,27.7172162268514,,30492.5380949197,,,2,,,4.02,,,,4.37295000337295
"1964-06-01",,,27.7073928588934,,30780.740020373,,,2,,,4.05,,,,4.37295000337295
"1964-07-01",,,27.7561382850662,,30872.7319378611,,,2.5,,,4.04,,,,4.37295000337295
"1964-08-01",,,27.8119761632899,,31038.7770003958,,,2.5,,,4.05,,,,4.37295000337295
"1964-09-01",,,27.8965619403402,,30931.6450733382,,,2.5,,,4.05,,,,4.37295000337295
"1964-10-01",,,27.9778361844154,,30967.2728364216,,,2.5,,,4.08,,,,4.37295000337295
"1964-11-01",,,27.8991804694219,,31253.893578433,,,2.5,,,4.08,,,,4.37295000337295
"1964-12-01",,,27.9758796814541,,31399.4442256523,,,2.5,,,4.07,,,,4.37295000337295
"1965-01-01",,,28.0155085534482,,32051.8941557421,,,2.5,,,4.04,,,,4.37295000337295
"1965-02-01",,,28.1322136833711,,31723.9369335954,,,2.5,,,3.94,,,,4.37295000337295
"1965-03-01",,,28.2167156383177,,31733.9132485318,,,2.5,,,3.91,,,,4.37295000337295
"1965-04-01",,,28.3330554549269,,31691.1578151617,,,2.5,,,3.92,,,,4.37295000337295
"1965-05-01",,,28.4916518096632,,31886.542791949,,,2.5,,,3.92,,,,4.37295000337295
"1965-06-01",,,28.6261672094049,,32087.0008968304,,,2.5,,,3.92,,,,4.37295000337295
"1965-07-01",,,28.7523844620168,,32075.5743918368,,,2.5,,,3.92,,,,4.37295000337295
"1965-08-01",,,28.9064410512709,,32200.0853873467,,,2.5,,,3.92,,,,4.37295000337295
"1965-09-01",,,29.0298815723129,,32398.348562406,,,2.5,,,3.94,,,,4.37295000337295
"1965-10-01",,,29.121483628481,,32403.8042482013,,,2.5,,,3.96,,,,4.37295000337295
"1965-11-01",,,29.2408553310291,,32438.2711459436,,,2.5,,,3.98,,,,4.37295000337295
"1965-12-01",,,29.3344564852495,,32543.7480553089,,,2.5,,,3.98,,,,4.37295000337295
"1966-01-01",,,29.4975542984991,,32662.6787466992,,,2.5,,,3.98,,,,4.37295000337295
"1966-02-01",,,29.6073686471539,,32686.2190511119,,,2.5,,,3.98,,,,4.37295000337295
"1966-03-01",,,29.7308022937982,,32716.6137390806,,,2.5,,,3.98,,,,4.37295000337295
"1966-04-01",,,29.8112291967895,,32826.6432565026,,,2.5,,,4.01,,,,4.37295000337295
"1966-05-01",,,30.0330070766355,,33027.8745916557,,,2.5,,,4.02,,,,4.37295000337295
"1966-06-01",,,30.0107145035981,,33166.5891246057,,,2.5,,,4.04,,,,4.37295000337295
"1966-07-01",,,30.0668739205458,,32903.4720249221,,,3.5,,,4.16,,,,4.37295000337295
"1966-08-01",,,30.1648646545849,,32992.915390384,,,3.5,,,4.24,,,,4.37295000337295
"1966-09-01",,,30.2456974454365,,33076.8189445571,,,3.5,,,4.27,,,,4.37295000337295
"1966-10-01",,,30.2999611044146,,33161.9791778864,,,3.5,,,4.36,,,,4.37295000337295
"1966-11-01",,,30.4998885106582,,33093.2589443296,,,3.5,,,4.4,,,,4.37295000337295
"1966-12-01",,,30.6616836701368,,33143.1103738547,,,3.5,,,4.53,,,,4.37295000337295
"1967-01-01",,,30.7465479954236,,33042.9427669147,,,3.5,,,4.74,,,,4.37295000337295
"1967-02-01",,,30.7234815789869,,33252.3797771901,,,3.5,,,4.74,,,,4.37295000337295
"1967-03-01",,,30.8129064142432,,33524.3187050806,,,3.5,,,4.72,,,,4.37295000337295
"1967-04-01",,,30.9034856694453,,33213.0713449167,,,3.5,,,4.69,,,,4.37295000337295
"1967-05-01",,,31.0878727157299,,33301.9375513842,,,3.5,,,4.68,,,,4.37295000337295
"1967-06-01",,,31.3078908509456,,33496.2878775849,,,3.5,,,4.75,,,,4.37295000337295
"1967-07-01",,,31.4933145927397,,33961.4635732808,,,3,,,4.6,,,,4.37295000337295
"1967-08-01",,,31.6313065270416,,34422.7222044794,,,3,,,4.48,,,,4.37295000337295
"1967-09-01",,,31.5662646375842,,34650.6772700446,,,3,,,4.32,,,,4.37295000337295
"1967-10-01",,,31.5276617177085,,34851.6416596754,,,3,,,4.45,,,,4.37295000337295
"1967-11-01",,,31.6406346519053,,34962.964693857,,,3,,,4.52,,,,4.37295000337295
"1967-12-01",,,31.7304005896484,,34633.3115910912,,,3,,,4.55,,,,4.37295000337295
"1968-01-01",,,31.778978158669,,35686.0864420624,,,3,,,4.59,,,,4.37295000337295
"1968-02-01",,,31.880438032043,,35969.9155368891,,,3,,,4.39,,,,4.37295000337295
"1968-03-01",,,31.8440773117988,,36651.6947199191,,,3,,,4.35,,,,4.37295000337295
"1968-04-01",,,31.9021224242219,,36913.123832128,,,3,,,4.37,,,,4.37295000337295
"1968-05-01",,,31.8532271253756,,37232.8388343656,,,3,,,4.35,,,,4.37295000337295
"1968-06-01",,,31.8832002911584,,37449.8770266161,,,3,,,4.34,,,,4.37295000337295
"1968-07-01",,,31.9223402728593,,37575.9779162263,,,3,,,4.35,,,,4.37295000337295
"1968-08-01",,,32.0526963826578,,37283.2806507468,,,3,,,4.35,,,,4.37295000337295
"1968-09-01",,,32.1247920492882,,37680.110681885,,,3,,,4.34,,,,4.37295000337295
"1968-10-01",,,32.233652070976,,37454.0922075524,,,3,,,4.38,,,,4.37295000337295
"1968-11-01",,,32.3300258117085,,37898.524139294,,,3,,,4.33,,,,4.37295000337295
"1968-12-01",,,32.4117344281453,,38298.5865267137,,,3,,,4.33,,,,4.37295000337295
"1969-01-01",,,32.484662767523,,38255.3071900153,,,3,,,4.38,,,,4.37295000337295
"1969-02-01",,,32.5864187394412,,38591.5273666369,,,3,,,4.4,,,,4.37295000337295
"1969-03-01",,,32.6017320669964,,38322.667158326,,,3,,,4.6,,,,4.37295000337295
"1969-04-01",,,32.6546113912899,,38480.2389367375,,,3,,,4.67,,,,4.37295000337295
"1969-05-01",,,32.6739144876749,,38756.260925393,,,3,,,4.58,,,,4.37295000337295
"1969-06-01",,,32.8256788302635,,38620.7411370958,,,3,,,4.69,,,,4.37295000337295
"1969-07-01",,,32.9067984646695,,38958.1067734599,,,3,,,5,,,,4.37295000337295
"1969-08-01",,,32.9021582694035,,39302.9060789502,,,3,,,5.2,,,,4.37295000337295
"1969-09-01",,,32.9451556716643,,39587.0092860806,,,3.75,,,5.37,,,,4.37295000337295
"1969-10-01",,,32.9896233712374,,40430.2118201597,,,3.75,,,5.23,,,,4.37295000337295
"1969-11-01",,,33.0459387038726,,40346.1071081046,,,3.75,,,5.34,,,,4.37295000337295
"1969-12-01",,,33.1616113554189,,40471.1790244074,,,3.75,,,5.34,,,,4.37295000337295
"1970-01-01",,,33.2255591453972,0,40194.9336241598,,,3.75,,,5.33,,,,4.37295000337295
"1970-02-01",,,33.2636033743674,0.00144138,40002.6210035358,,,3.75,,,5.55,,,,4.37295000337295
"1970-03-01",,,33.3876093250043,0.00398953,40413.0101824802,,,3.75,,,5.66,,,,4.37295000337295
"1970-04-01",,,33.4970983144497,0.00484954,40611.4426231042,,,3.75,,,5.88,,,,4.37295000337295
"1970-05-01",,,33.7059519965005,0.00416056,40609.3258011427,,,3.75,,,5.86,,,,4.37295000337295
"1970-06-01",,,33.8606450160608,0.00312616,40936.2033086677,,,3.75,,,5.87,,,,4.37295000337295
"1970-07-01",,,34.0466283590592,0.00352295,41186.8994338081,,,3.75,,,5.81,,,,4.37295000337295
"1970-08-01",,,34.2400887871519,0.00631439,41272.1004747898,,,3.75,,,5.76,,,,4.37295000337295
"1970-09-01",,,34.4215016985516,0.01193817,41410.6206190901,,,3.75,,,5.74,,,,4.37295000337295
"1970-10-01",,,34.5797294424249,0.00466675,41670.7072613022,,,3.75,,,5.75,,,,4.37295000337295
"1970-11-01",,,34.8100979727915,0.00530721,41929.5545903741,,,3.75,,,5.68,,,,4.37295000337295
"1970-12-01",,,34.9707885617632,0.00371065,43222.4063805515,,,3.75,,,5.7,,,,4.37295000337295
"1971-01-01",,,35.1386099494425,0,43471.4203315695,,,3.75,,,5.58,,,,4.37295000337295
"1971-02-01",,,35.3306820923413,0,43988.1926844588,,,3.75,,,5.52,,,,4.37295000337295
"1971-03-01",,,35.5937298202872,0.00231661,44368.6580209173,,,3.75,,,5.44,,,,4.37295000337295
"1971-04-01",,,35.7910734521642,0.00066963,45463.4472748543,,,3.75,,,5.27,,,,4.37295000337295
"1971-05-01",,,36.0632598423002,0.00322619,45510.3911289047,,,3.75,,,5.32,,,,4.08415000308415
"1971-06-01",,,36.1080814112651,0.00389366,47734.5722865792,,,3.75,,,5.38,,,,4.08415000308415
"1971-07-01",,,36.3741036023398,0.00367161,48165.324833693,,,3.75,,,5.45,,,,4.08415000308415
"1971-08-01",,,36.5134951898314,0.00553277,49552.9878573795,,,3.75,,,5.31,,,,4.018
"1971-09-01",,,36.7057275074278,0.01543486,50520.0740491379,,,3.75,,,5.1,,,,3.980999999
"1971-10-01",,,36.8243266781085,0.00791053,51042.7363082235,,,3.75,,,4.97,,,,3.981
"1971-11-01",,,37.0798004394201,0.00702226,52616.8895210116,,,3.75,,,4.86,,,,3.978999999
"1971-12-01",,,37.292487128107,0.006531,52357.9107390616,,,3.75,,,4.99,,,,3.902999999
"1972-01-01",,,37.4748752517606,0,54337.8837739257,,,3.75,0,,4.76,,,,3.889999999
"1972-02-01",,,37.7076805572793,0.00779978,55331.2917796961,,,3.75,0,,4.6,,,,3.857999999
"1972-03-01",,,37.8397491052812,0.00115867,55936.6633158048,,,3.75,0.125,,4.72,,,,3.851999999
"1972-04-01",,,38.0580628761011,0.0026506,55201.0868186083,,,3.75,0.25,,4.94,,,,3.856999999
"1972-05-01",,,38.3378137836386,0.00151142,55792.3833564209,,,3.75,1.5,,4.93,,,,3.859999999
"1972-06-01",,,38.5691263462128,0.00189111,55812.0766112213,,,3.75,1.625,,5.06,,,,3.819999999
"1972-07-01",,,38.7280761973584,0.00753652,57208.9383641493,,,3.75,0,,4.95,,,,3.763999999
"1972-08-01",,,38.9542094321172,0.00932714,57814.4403261823,,,3.75,0,,4.93,,,,3.780999999
"1972-09-01",,,39.1611663129582,0.02416833,57127.2994931162,,,3.75,0.5,,4.98,,,,3.785999999
"1972-10-01",,,39.4790970383116,0.0104809,56997.7315806662,,,3.75,1.5,,5.08,,,,3.796999999
"1972-11-01",,,39.5921328550849,0.00802806,57138.0642952293,,,3.75,4.25,,5.29,,,,3.794999999
"1972-12-01",,,39.8575147899678,0.00426476,56815.6847996852,,,3.75,4.5,,5.27,,,,3.770999999
"1973-01-01",,,40.2346478873832,0,57031.8052245639,,,4.5,2.25,,5.36,,,,3.71
"1973-02-01",,,40.5718278412038,0,57210.1302578924,,,4.5,4.5,,5.32,,,,3.418999999
"1973-03-01",,,40.9491378959726,0,57038.5717894668,,,4.5,2,,5.29,,,,3.206999999
"1973-04-01",,,41.229060815481,0,56882.9224274657,,,4.5,0.875,,5.42,,,,3.237999999
"1973-05-01",,,41.4344160175348,0,57438.0563944191,,,4.5,0,,5.37,,,,3.171999999
"1973-06-01",,,41.7562774084338,0.003621,57743.8822801773,,,4.5,15.5,,5.36,,,,3.049999999
"1973-07-01",,,41.9500927968877,0.01259905,57587.0182875182,,,4.5,2,,5.36,,,,2.814999999
"1973-08-01",,,42.1570819315148,0.01957206,57690.3634917726,,,4.5,1,,5.65,,,,2.970999999
"1973-09-01",,,42.3691260308937,0.03855197,57995.4024442739,,,4.5,1,,5.79,,,,3.012999999
"1973-10-01",,,43.1872702168421,0.02065387,58054.2058589251,,,4.5,4,,5.77,,,,3.024999999
"1973-11-01",,,43.8899231109814,0.00964563,58090.1483307911,,,4.5,8.5,,6.13,,,,3.160999999
"1973-12-01",,,44.6209182039492,0.00164298,57961.4639490325,,,4.5,2.5,,6.31,,,,3.196999999
"1974-01-01",,,44.8961468959333,0,57582.8406708794,,,5.5,3.25,10.125,6.38,,,,3.366999999
"1974-02-01",,,44.6458173480617,0,57319.0886290775,,,5.5,5,9.75,6.59,,,,3.171999999
"1974-03-01",,,44.9198443407787,0,56769.0004433087,,,5.5,4,9,7.09,,,,3.081999999
"1974-04-01",,,44.8209168428816,0,57419.8409088109,,,5.5,1,8.75,7.23,,,,3.019999999
"1974-05-01",,,45.5409377694719,0,57223.2458629677,,,5.5,4,9.125,7.3,,,,2.907999999
"1974-06-01",,,45.7765247509321,0.00945182,57176.1547180723,,,5.5,4,11.375,7.28,,,,2.989999999
"1974-07-01",,,46.0511960162264,0.02770985,57510.864111577,,,5.5,2.5,11.5,7.23,,,,2.964999999
"1974-08-01",,,46.5415309812608,0.04056165,57988.28272467,,,5.5,6,11.125,7.36,,,,2.980999999
"1974-09-01",,,47.1431239949253,0.05488562,57961.3081476589,,,5.5,1,10.375,7.41,,,,2.996999999
"1974-10-01",,,47.3774286547784,0.04344713,57851.8179664239,,,5.5,0.25,8.5,7.32,,,,2.899999999
"1974-11-01",,,47.8795105479369,0.03301689,58010.505167967,,,5.5,3,9,7.19,,,,2.751999999
"1974-12-01",,,48.0104656990372,0.019186,58715.8752845814,,,5.5,1,8.875,7.17,,,,2.616999999
"1975-01-01",,,48.1961195694046,0.00632242,58624.4190706332,,,5.5,0.5,5.3125,6.83,,,,2.520999999
"1975-02-01",,,48.4338864422858,0.04433235,58968.3787542761,,,5.5,1,4.5,6.66,,,,2.476999999
"1975-03-01",,,48.6941878321416,0.09873971,59200.5694856314,,,5,1,4.8125,6.79,,,,2.473999999
"1975-04-01",,,48.9501486519562,0.14672795,59183.706964995,,,5,1,4.5,6.87,,,,2.557999999
"1975-05-01",,,49.2774507651324,0.19688011,59885.2347300529,,,4.5,1,3.75,6.76,,,,2.504
"1975-06-01",,,49.4216739079221,0.26266499,59713.5672132836,101145.116341411,126630.817453221,4.5,0.5,3.875,6.51,,,,2.493999999
"1975-07-01",,,49.4232666313383,0.32529208,59880.7291030901,101198.779660995,127319.158825417,4.5,3,4.375,6.45,,,,2.608199999
"1975-08-01",,,49.5909655280041,0.39661174,59760.2206616423,100987.305138516,127823.32971645,4,0.375,2,6.18,,,,2.680299999
"1975-09-01",,,49.6553440489774,0.47828547,60292.4843860123,101188.419488867,128653.50035541,3.5,2.5,3.75,6.21,,,,2.706999999
"1975-10-01",,,49.65637683895,0.57071205,60211.3797229099,102153.311312746,129938.988257846,3,0.75,3.125,6.08,,,,2.664499999
"1975-11-01",,,49.6985507758883,0.68343347,61429.0557049104,102551.419072527,131495.630493679,3,2,3.875,5.96,,,,2.651099999
"1975-12-01",,,49.6926131776278,0.83456101,61898.0250726199,103661.589475206,133621.845131206,3,2,2.875,5.93,,,,2.636299999
"1976-01-01",,,49.8960722706894,0.95060858,62576.1591143423,103616.729312598,134208.91976992,2.5,0.5,1.125,5.4,,,,2.601499999
"1976-02-01",,,49.9366666867886,0.99495256,61767.252821014,103515.303935803,134752.803072739,2.5,0.75,1.6875,5.29,,,,2.570299999
"1976-03-01",,,49.9315306936137,0.87621613,62962.8775795697,103620.535610231,135490.684310272,2.5,0.5,1.4375,5.14,,,,2.563699999
"1976-04-01",,,50.0274119011491,0.80399339,63658.063524535,103913.134015665,136408.50109739,2.5,0.5,1.1875,5.19,,,,2.5285
"1976-05-01",,,49.9247150428384,0.73648131,64134.888146983,104238.108400912,137200.834033031,2.5,0.5,2.25,5.21,,,,2.487599999
"1976-06-01",,,49.9407995229451,0.6750934,65363.8594565957,103276.40326749,137381.053573038,2,0.25,1,5.12,,,,2.469899999
"1976-07-01",,,50.0871124976356,0.5701388,65679.5196623278,103675.49119603,138514.51001545,2,1.5,1.5625,5.09,,,,2.483399999
"1976-08-01",,,50.2641125967344,0.54429009,65730.5058194981,104498.014882078,139683.627224191,2,0.5,1.1875,4.99,,,,2.478799999
"1976-09-01",,,50.0800868223213,0.50856925,65733.5783281184,104450.969924995,140365.774579257,2,0,2.25,4.89,,,,2.473199999
"1976-10-01",,,50.1710687579847,0.49059585,65045.0356959006,104482.231703708,141130.752860756,2,0,1.9375,4.6,,,,2.449199999
"1976-11-01",,,50.2041509014206,0.51395388,65563.9897226671,104929.422257503,142380.94438309,2,0,2.375,4.41,,,,2.440499999
"1976-12-01",,,50.36481896232,0.53087777,67082.0811089018,105519.42411375,143682.619850246,2,0,1.4375,4.46,,,,2.449099999
"1977-01-01",,,50.4032933331834,0.57965909,67045.739822404,105951.900630163,144661.286446379,2,0,1.375,4.05,,,,2.488799999
"1977-02-01",,,50.4796635724766,0.484658,67581.4711327236,106013.094825435,145408.040416839,2,0.125,2.5,3.97,,,,2.519
"1977-03-01",,,50.4713129257531,0.41433854,67361.9901638795,106214.799377528,146246.232601228,2,0,3.0625,3.95,,,,2.552199999
"1977-04-01",,,50.5862761578188,0.41133262,67724.3374793068,106031.115068699,147010.270499347,2,3.5,3.25,3.93,,,,2.525099999
"1977-05-01",,,50.5482030402585,0.39457142,67307.8410685578,107677.675756307,148391.577223078,2,1.5,4,4.44,,,,2.519599999
"1977-06-01",,,50.7888401294023,0.37303545,67851.487725933,109470.164512304,150046.521229319,2,1,3.25,4.49,,,,2.4896
"1977-07-01",,,50.8405157621174,0.36216122,67744.2888682906,110680.322110436,151327.673832792,1.5,1,2.875,4.22,,,,2.4121
"1977-08-01",,,50.8125484144592,0.3578161,68101.8537402845,111275.194304055,152225.035141776,1.5,0.5,2.125,4.08,,,,2.406099999
"1977-09-01",,,50.8423744154676,0.33744877,68534.1981396222,112511.778895523,153706.69362562,1.5,0,2.5,3.94,,,,2.376099999
"1977-10-01",,,50.9754526694834,0.34489676,68565.5435104173,112662.70219614,154533.785794888,1.5,0,2,3.85,,,,2.278399999
"1977-11-01",,,50.8932848567246,0.35335052,68804.9683605261,112192.169084317,154589.469422133,1.5,0,2.75,3.84,,,,2.198699999
"1977-12-01",,,50.9915020798976,0.33604067,69846.5668522629,111647.567185093,155419.98711404,1.5,0,1.375,3.78,,,,2.0766
"1978-01-01",,,50.9756822030177,0.3670248,71822.708729924,112009.310109456,156244.634879624,1.5,0,0.75,3.65,,,,1.987499999
"1978-02-01",,,51.0406233547951,0.37258225,74036.315299762,113227.291195085,157848.812959716,1,0,0.3125,3.45,,,,1.904299999
"1978-03-01",,,51.1599974968536,0.32272947,78190.7529732154,116301.659171912,160442.499274577,1,0,0.5625,3.49,,,,1.896199999
"1978-04-01",,,51.2908733187098,0.30794766,78632.6464757113,116442.205658055,161547.080558436,1,0,0.875,3.4,,,,1.9023
"1978-05-01",,,51.3485315170474,0.31043587,79222.0363560043,117747.162680795,162929.147199338,1,0,1.3125,3.48,,,,1.962899999
"1978-06-01",,,51.3340421610344,0.31994969,77977.3656301062,117158.935235236,163509.560965693,1,0.25,1.5,3.39,,,,1.8836
"1978-07-01",,,51.3580381883041,0.3251457,76636.2697473623,115489.246499208,163249.064776382,1,0.25,1.6875,3.37,,,,1.800999999
"1978-08-01",,,51.3262489472455,0.33768293,79775.2966954485,118347.999939918,165578.784729158,1,0,0.6875,3.31,,,,1.663199999
"1978-09-01",,,51.2414248190502,0.34481733,80427.3414381828,118050.706970158,166089.58430414,1,-1.25,0.9375,3.25,,,,1.5714
"1978-10-01",,,51.2220211912763,0.35960252,83327.5898262624,120588.162721337,168382.593734083,1,-0.375,0.0625,3.07,,,,1.536999999
"1978-11-01",,,51.2455740616951,0.37461441,85100.6927062659,122671.755255439,170883.599322161,1,-0.5,0.3125,3.03,,,,1.669599999
"1978-12-01",,,51.4128445920794,0.38785304,86065.3091954378,123434.51496408,171619.439010309,1,-0.375,0.0625,3.03,,,,1.677299999
"1979-01-01",,,51.5624237988796,0.42751735,88461.965880865,124296.296884464,172707.791264844,1,-0.0625,0.0625,3.11,,,,1.672299999
"1979-02-01",,,52.1146427919357,0.36357933,89400.9315154827,124572.358587527,173604.55230885,1,-0.25,0.125,3.08,,,,1.673899999
"1979-03-01",,,52.4208342040568,0.36117815,90201.2071659565,123955.550891347,174144.230255857,1,-0.125,0.375,3.22,,,,1.679799999
"1979-04-01",,,52.5927648947387,0.35493575,87199.2928337141,125366.435881153,175841.322571721,1,0.25,1.625,3.21,,,,1.7139
"1979-05-01",,,52.7367160989114,0.35820833,85249.5832340038,126111.671331876,177019.922217324,1,1.25,2,3.18,,,,1.726399999
"1979-06-01",,,53.3947275709734,0.35201083,85037.0512774684,128208.069704296,178635.478065583,1,0,1,3.45,,,,1.698999999
"1979-07-01",,,53.5355425487955,0.34869519,87596.9611477269,130653.407356548,180938.306638335,1,0.25,1.4375,3.49,,,,1.645599999
"1979-08-01",,,53.3552214521879,0.33724946,86472.6994486054,130767.784556678,181509.032579428,1,0,2.0625,3.51,,,,1.655599999
"1979-09-01",,,53.6882343282658,0.32664257,84969.037578505,130951.715120719,182219.892099265,1,0,1.5625,3.5,,,,1.613199999
"1979-10-01",,,53.80522514852,0.304987,84698.0690062582,133251.562349939,183915.663409356,1,0.3125,3.625,3.6,,,,1.626999999
"1979-11-01",,,53.9338347933742,0.27639335,83468.8989445769,135900.087478699,185394.876105908,2,0,4.0625,4.04,,,,1.647199999
"1979-12-01",,,54.1222856465605,0.25515689,80041.1947769916,138657.657783504,186808.161182841,2,0.125,5.5,4.04,,,,1.598799999
"1980-01-01",,,54.2375017847124,0.23814069,79431.625749873,145088.008376782,189537.234768385,2,0,5.4375,4.48,,,,1.5929
"1980-02-01",,,54.2740693661749,0.18675685,79145.7469424131,148744.301512425,190976.218797539,3,2.25,5.625,4.72,,,,1.636299999
"1980-03-01",,,54.4301913687895,0.21195119,77574.7586685498,151911.350935077,191774.010285257,3,0,6.9375,5.1,,,,1.758399999
"1980-04-01",,,54.7232641949903,0.20711129,76600.5102375641,152397.418572945,191028.66802817,3,3.25,6,4.97,,,,1.755699999
"1980-05-01",,,54.9885328953339,0.20071597,76991.107437439,152022.55569798,189828.660717019,3,0.125,5.5,4.82,,,,1.662599999
"1980-06-01",,,55.1101828602614,0.20854058,77860.3293935304,151115.945785535,189207.497061541,3,1.375,5.625,4.72,,,,1.633199999
"1980-07-01",,,55.3362626447774,0.21826613,77662.8991095656,151139.544390082,189259.606038129,3,2.875,5.375,4.6,,,,1.606999999
"1980-08-01",,,55.6058932522848,0.22174707,77879.3339368109,151386.066303804,189554.475620112,3,2.25,5.8125,4.87,,,,1.6514
"1980-09-01",,,55.713788158245,0.22335944,78982.1418649609,153588.846697305,191358.804207901,3,0,5.9375,4.87,,,,1.6388
"1980-10-01",,,55.7907716317183,0.20610222,78626.0546831528,154859.540769121,192013.525662482,3,2.5,5.4375,4.69,,,,1.659999999
"1980-11-01",,,56.2137514763329,0.18783022,78670.2651783489,155669.032947536,193295.000933214,3,1,6.0625,4.68,,,,1.726999999
"1980-12-01",,,56.5277402985474,0.16447939,79810.230494989,157964.351712339,194885.488864445,3,0,5.5,4.73,,,,1.785199999
"1981-01-01",,,57.0189520008103,0.14919226,78067.2680418282,158249.176481027,195349.564612235,3,0.625,6.0625,4.79,,,,1.8208
"1981-02-01",,,57.5293254772011,0.10683836,76936.5720950397,160585.542411759,196467.832738119,4,6.75,8.875,5.2,,,,1.946599999
"1981-03-01",,,57.8599117752029,0.1424147,76630.3195582351,163353.725952427,197672.297632471,4,1,7.625,5.47,,,,1.924499999
"1981-04-01",,,57.7759298957806,0.15100284,76761.931860945,166327.31174873,198775.801662499,4,5.375,9.375,5.48,,,,1.970399999
"1981-05-01",,,58.2490804064679,0.16043357,75527.6121084954,169648.188800432,200392.689015441,5,0.3125,9.875,5.85,,,,2.0622
"1981-06-01",,,58.5586405037687,0.18047832,75872.5069959536,173118.945729965,201933.892715471,5,1.875,9.875,5.62,,,,2.0705
"1981-07-01",,,59.0024508882026,0.20146001,75867.9757572166,177535.860203968,203932.885875843,5,0.625,9.125,5.51,,,,2.096099999
"1981-08-01",,,59.7646279111284,0.21960087,75085.597732283,178567.30750079,204373.543418885,5,0.5,9.875,5.84,,,,2.167699999
"1981-09-01",,,59.9033801285926,0.23445974,74827.2188613013,179142.209762462,204067.022292281,6,3.5,11.25,6.13,,,,2.027199999
"1981-10-01",,,59.8855380671946,0.24001277,73077.5821308814,180278.814754702,204180.050968148,6,3.1875,10.625,5.99,,,,1.884999999
"1981-11-01",,,60.1389882332696,0.23396695,73140.4359274365,179312.462767886,203469.69907885,6,2.0625,9.5625,5.57,,,,1.785399999
"1981-12-01",,,60.2801528744308,0.24148133,74199.2439679642,178748.9596874,203015.941287491,6,4.75,9.1875,5.4,,,,1.814499999
"1982-01-01",,,60.5059906422895,0.23881569,71485.8356844983,179449.188018317,202855.009003552,6,3.1875,8.5625,5.43,,,,1.843999999
"1982-02-01",,,60.5438421832933,0.20385674,72667.012972361,182035.418064071,204515.726756598,6,4.5,7.6875,5.49,,,,1.891099999
"1982-03-01",,,60.5566757144175,0.26343113,74351.6223307533,181716.859855472,204361.980847965,6,0.25,5.375,5.13,,,,1.887199999
"1982-04-01",,,60.9413027465486,0.29107358,75909.9853596016,182197.95780221,205539.305562851,6,1.875,4.25,5.03,,,,1.959099999
"1982-05-01",,,61.7009449676218,0.34136819,77153.381150951,177448.268962621,204754.578089269,6,0.25,4.3125,4.9,,,,1.944699999
"1982-06-01",,,62.1807992669829,0.37704496,78192.8188660582,178341.94975783,206483.408160791,6,0,5.0625,5.22,,,,2.078099999
"1982-07-01",,,62.5605107489013,0.4168382,78185.5376412819,177365.297975228,207015.743604476,6,0.5625,4.25,4.9,,,,2.0947
"1982-08-01",,,62.9338501037229,0.47666119,78797.7531667858,178474.307452138,208887.164921405,5,0,3.9375,4.64,,,,2.107799999
"1982-09-01",,,63.2714535472419,0.52385905,80253.8633586408,178503.055440978,210890.206088105,5,0.75,4.375,4.43,,,,2.135299999
"1982-10-01",,,63.5856139015547,0.59214048,81496.1121834694,179695.055708491,213663.906835959,5,1,3.5625,4.31,,,,2.170299999
"1982-11-01",,,63.5861511422387,0.65642535,82156.492851499,179083.418790791,215268.271304498,5,1.125,4,4.29,,,,2.196899999
"1982-12-01",,,63.5601992577633,0.69012972,82500.1696451278,173232.476852761,213867.467208239,4.5,0,3.1875,4.22,,,,2.054099999
"1983-01-01",,,63.3808675688809,0.7828818,83018.5138544477,170974.036184765,215177.762565734,4.5,1.5,2.75,4.23,,,,1.967799999
"1983-02-01",,,63.4086672324244,0.82294873,83814.2494408964,169750.347245704,216651.744180362,4.5,0.6875,2.8125,4.23,,,,2.014999999
"1983-03-01",,,63.398723856707,0.82462502,84946.3258750724,170063.503438071,218604.873268562,4,3.0625,3.875,4.46,,,,2.062299999
"1983-04-01",,,63.6412308689775,0.85204769,83683.6076806933,168786.17244957,219367.858749589,4,0.125,4.375,4.42,,,,2.0555
"1983-05-01",,,63.7132144511471,0.90629839,83928.3622214764,171104.955887156,221492.476650972,4,2.6875,4.75,4.51,,,,2.059699999
"1983-06-01",,,63.918910821585,0.89882839,83484.1334911077,174672.988646931,223127.912776323,4,2.1875,4.625,4.59,,,,2.110899999
"1983-07-01",,,63.9899620109474,0.87968622,82888.4998886274,174597.558257796,223689.560737632,4,2.625,4.8125,4.53,,,,2.116699999
"1983-08-01",,,64.0701991303655,0.91163611,83458.199273908,175933.109515632,225263.590275429,4,1.375,4.4375,4.73,,,,2.163199999
"1983-09-01",,,64.233549817135,0.93094353,83675.561207233,176290.845656387,225788.543291873,4,0.375,4.125,4.71,,,,2.163399999
"1983-10-01",,,64.4901746524011,0.95376389,83770.5381335653,174421.824022893,225020.541282831,4,0.25,4.125,4.61,,,,2.110099999
"1983-11-01",,,64.719288819417,0.99109321,84111.3881215385,176086.833164905,227685.427274784,4,0.5,4.0625,4.63,,,,2.169099999
"1983-12-01",,,64.9023035383966,0.95638274,83818.4367950723,175608.099950479,228647.809588316,4,0.9375,3.75,4.54,,,,2.195999999
"1984-01-01",,,65.0311711805514,1.01821148,84460.9133970216,177108.326634967,230648.270074524,4,0.875,3.375,4.5,,,,2.236799999
"1984-02-01",,,65.1924822684723,1.06675124,85176.7709542908,178215.724683575,232337.316157461,4,0.9375,3.625,4.56,,,,2.207599999
"1984-03-01",,,65.4752469372967,1.09712577,85994.0457894391,178628.595299609,232919.724595031,4,0.9375,3.625,4.55,,,,2.148099999
"1984-04-01",,,65.6124931058882,1.13273728,85815.3857112516,180391.123822126,234097.011958971,4,2.75,3.625,4.64,,,,2.187299999
"1984-05-01",,,65.5575044349441,1.14389182,86327.1948012614,183115.459132155,236149.481192463,4,0.875,4,4.77,,,,2.267599999
"1984-06-01",,,65.7261739547864,1.15498618,86541.6768683924,183685.188626787,236419.078352097,4,0.5,4.4375,4.69,,,,2.2827
"1984-07-01",,,65.8363901756824,1.15198819,86936.1828926628,187743.954002883,238932.799756302,4,1.9375,4.875,4.81,,,,2.4071
"1984-08-01",,,65.9929361481308,1.14802973,86222.7305898752,189118.344692772,240692.266233443,4,0.8125,4.6875,4.75,,,,2.4167
"1984-09-01",,,66.0276678365083,1.12774549,85508.8322499753,191973.139344241,242621.206450324,4,0.5625,5.125,4.79,,,,2.4988
"1984-10-01",,,66.498462209213,1.14225406,85657.0564749437,195392.120742588,244588.4906634,4,1.5,5.0625,4.89,,,,2.524199999
"1984-11-01",,,66.6638044161365,1.14582949,85750.5625245453,195839.105437955,245455.909096901,4,0.5,4.9375,4.78,,,,2.4633
"1984-12-01",,,66.7633947904654,1.13084409,91291.3353159904,202649.725257051,250661.095824342,4,6.625,4.6875,4.78,,,,2.556
"1985-01-01",,,67.2902117253861,1.11351205,90566.1186522502,201310.825735123,251960.625126131,4,1.1875,5.375,4.74,,,,2.658
"1985-02-01",,,67.7536154198006,1.07494806,89813.6826900525,200389.299713174,253061.67893156,4,1.625,5.75,4.91,,,,2.7963
"1985-03-01",,,67.9913247425016,1.04046574,89935.3348246267,200208.471519019,255122.160418124,4,0,5.5,4.93,,,,2.8124
"1985-04-01",,,67.9436747408838,1.01093132,90290.773613269,199491.005423566,255608.387570003,4,0.6875,5.1875,4.8,,,,2.5877
"1985-05-01",,,68.0444274046749,0.9755813,91877.6190983424,201130.854154369,257423.020263299,4,0.75,5.125,4.79,,,,2.6198
"1985-06-01",,,67.9905478118028,0.93976956,91305.52208832,201180.152434556,257695.685265976,4,1,5.1875,4.83,,,,2.5704
"1985-07-01",,,68.0911040698893,0.9363299,92326.8323840237,201365.567305115,258276.201106294,4,0.6875,4.75,4.86,,,,2.4161
"1985-08-01",,,67.9967235304575,0.9238632,92673.8545132122,201649.974835305,258528.605023184,4,0.75,4.5625,4.77,,,,2.2918
"1985-09-01",,,68.2735987831329,0.90492744,93165.7820725612,202875.784112101,260879.218290324,4,0.0625,4.5625,4.73,,,,2.3309
"1985-10-01",,,68.4624469292696,0.89791295,93487.7978433603,202762.579039893,262058.979234653,4,0,4.5,4.66,,,,2.168
"1985-11-01",,,68.7717517249522,0.88882648,94105.6852242369,205639.84678825,263073.373339765,4,0.6875,4,4.63,,,,2.1292
"1985-12-01",,,68.909653162842,0.88389084,95638.9753292624,209849.753585962,265367.199906073,4,1.25,4,4.53,,,,2.1049
"1986-01-01",,,68.7294991949274,0.85977741,95558.886483963,210180.361266385,266824.649546869,4,0.75,4.0625,4.45,,,,2.0691
"1986-02-01",,,68.6074272032187,0.85375814,96173.1355612936,211742.672545346,267763.833038762,4,2.125,3.75,4.32,,,,1.9552
"1986-03-01",,,68.5857755113436,0.84729405,95987.4577185736,211909.969836154,266975.364545595,4,1.8125,3.9375,4.22,,,,1.9073
"1986-04-01",,,68.5657665454384,0.8338316,97237.4054615737,213243.832739265,270305.981558219,4,1,4.125,4.29,,,,1.905899999
"1986-05-01",,,68.5531660396848,0.82534633,97559.2014389694,214184.453488028,271669.704630859,4,0.8125,4.625,4.42,,,,1.8543
"1986-06-01",,,68.5507537562257,0.80803943,98018.5595256013,214753.93561891,275103.402891716,4,0.9375,5.0625,4.45,,,,1.841899999
"1986-07-01",,,68.4706855102597,0.80496239,98081.7564737154,214523.359212364,277337.528351987,4,0.75,4.625,4.38,,,,1.7457
"1986-08-01",,,68.5138564325707,0.80471964,99165.1853293217,216172.954241749,277990.136744731,4,1.5625,4.125,4.27,,,,1.6622
"1986-09-01",,,68.6946917522285,0.79914285,99683.1241421218,217431.175153751,279459.440697119,4,0,4.0625,4.25,,,,1.6526
"1986-10-01",,,68.7238532461933,0.798681,100921.977447928,218953.407164628,281578.068250518,4,0.25,3.75,4.19,,,,1.6418
"1986-11-01",,,68.7082435851996,0.79395405,100488.564554584,220312.634175435,282581.779986634,4,0.5,3.875,4.16,,,,1.6863
"1986-12-01",,,68.9260943176719,0.7906049,101073.764262574,222041.909271121,285289.427705413,4,2.5,3.9375,4.17,,,,1.6647
"1987-01-01",,,69.1524459787788,0.80349128,102934.761144399,224133.058803881,286718.192759404,3.5,2.5,3.5,4.02,,,,1.5567
"1987-02-01",,,69.2405877602075,0.79959703,103391.490282031,225413.878126464,288134.029990891,3.5,2.875,3.9375,4.08,,,,1.5423
"1987-03-01",,,69.2686985301988,0.79486985,104130.49559591,226692.209042823,291809.323952199,3.5,0.875,3.625,4.11,,,,1.5371
"1987-04-01",,,69.3637900721648,0.7915717,105293.53839555,228830.982069163,293820.701202732,3.5,2,3.75,4.12,,,,1.4972
"1987-05-01",,,69.1816642158605,0.79820875,105891.311078666,230388.977380902,294840.267026835,3.5,1.5625,3.875,4.12,,,,1.4681
"1987-06-01",,,69.4438078570316,0.80160681,106649.012778698,232310.256297943,298442.020354354,3.5,2.8125,3.8125,4.1,,,,1.509
"1987-07-01",,,69.7129477109779,0.79361807,108190.305834396,234986.364424542,301717.880052114,3.5,2.3125,3.6875,4.08,,,,1.5354
"1987-08-01",,,69.8775246027134,0.7833905,109864.441292354,237549.183914023,304941.532598041,3.5,1.5625,3.625,4.14,,,,1.5388
"1987-09-01",,,69.7647607174678,0.77883875,109553.472643694,237699.283096896,307808.913163711,3.5,0.75,4.3125,4.34,,,,1.5021
"1987-10-01",,,70.0852038844173,0.77047848,111148.62058221,239496.603066061,311287.83196293,3.5,1.1875,3.75,4.35,,,,1.4958
"1987-11-01",,,70.1498045965815,0.75823669,113287.713743148,242407.598522013,314064.781179442,3,1.25,4,3.99,,,,1.3824
"1987-12-01",,,70.225182105088,0.75139267,113944.280037211,244597.254164827,316547.072926579,2.5,0,2.8125,4.03,,,,1.3294
"1988-01-01",,,70.2170264869098,0.7384105,118560.265907129,251175.991952018,318613.571246898,2.5,0.5625,1.75,4.092,,,,1.3453
"1988-02-01",,,70.4347458349548,0.74462361,121530.687916082,256505.695156219,321283.770130654,2.5,0.5625,1.6875,4.098,,,,1.3922
"1988-03-01",,,70.5823853641478,0.74661059,122422.911547517,259493.946795009,322908.265259799,2.5,1.375,1.8125,3.998,,,,1.3868
"1988-04-01",,,70.7007011414895,0.74512505,123971.398891251,263056.619867146,327048.257216972,2.5,1.75,2.25,3.965,,,,1.3839
"1988-05-01",,,70.7079971808291,0.7376882,124507.266537472,265342.683848318,329333.8273125,2.5,2.75,2.875,4.127,,,,1.4108
"1988-06-01",,,70.8829871631291,0.73075479,123582.352631768,264876.658315258,329366.051981139,2.5,3.25,3.4375,4.155,,,,1.4598
"1988-07-01",,,70.97535886686,0.72344735,124144.297940638,266356.122332373,333348.09169559,2.5,2.6875,3.9375,4.222,,,,1.5321
"1988-08-01",,,71.1051668344036,0.70893999,123227.472850913,265185.73269834,334600.296965389,3,3.0625,3.0625,4.292,,,,1.5844
"1988-09-01",,,71.1861417679277,0.6902591,123031.570190841,264636.466354182,334856.573652152,3,2.25,3.5625,4.257,,,,1.576
"1988-10-01",,,71.3212226190819,0.67423552,122974.425335766,264835.203988748,334668.387352599,3,3.4375,3.8125,4.014,,,,1.5421
"1988-11-01",,,71.3682461182161,0.65062881,123404.343260613,264528.368497855,335875.438513483,3,4.5,4.6875,4.042,,,,1.4679
"1988-12-01",,,71.6005756794542,0.62787501,119354.384546014,259091.20747109,334376.348037583,3.5,4.6875,4.75,4.107,,,,1.4783
"1989-01-01",,,71.8069794713689,0.56905869,119703.252062208,256960.027171702,338953.941868736,4,5,5.75,4.517,1489.90952380952,966.014285714286,,1.559
"1989-02-01",,,72.0196116397559,0.56825842,119272.392372837,255120.830176988,341637.989028985,4,4.875,6,4.719,1479.31,969.02,,1.5754
"1989-03-01",,,72.2317129244626,0.55608416,120452.929771192,254926.261283384,344638.98623913,4,4.75,5.75,4.798,1503.72380952381,985.166666666667,,1.6059
"1989-04-01",,,72.5967227023803,0.56492665,118297.695685888,251637.037928937,345056.079704703,4.5,6.125,6.5625,5.054,1564.775,1023.305,,1.6472
"1989-05-01",,,72.7809358135446,0.55917891,117442.777192012,248418.914726999,348339.442859031,4.5,8.1875,8.0625,5.242,1525.705,1010.005,,1.7322
"1989-06-01",,,72.9792183082817,0.55994865,117532.271924603,245267.865045475,350294.610409979,5.5,7.5,7.3125,5.105,1622.34090909091,1072.63636363636,,1.7107
"1989-07-01",,,73.0798882097414,0.56174187,117065.090694276,244472.159024246,350760.050941699,5.5,7,6.875,5.173,1724.51904761905,1128.93333333333,,1.6313
"1989-08-01",,,73.1985760703446,0.56534867,117361.874428977,244459.463350074,352673.885593291,5.5,7.0625,7.3125,5.195,1859.25,1203.97272727273,,1.6622
"1989-09-01",,,73.5924431147776,0.56638309,117372.386207578,243760.417710413,353955.82564284,5.5,7,7.75,5.311,1849.34761904762,1198.29523809524,,1.6883
"1989-10-01",,,73.9174851918507,0.55986243,115706.416198511,241223.469072138,354086.294069988,6,7.375,7.875,5.31,1756.16818181818,1149.11363636364,,1.6312
"1989-11-01",,,74.5193710345341,0.54131989,115992.612606663,240354.749580456,355220.377512825,6,7.375,7.8125,5.437,1704.85909090909,1105.60454545455,,1.6183
"1989-12-01",,,75.2141910626238,0.52034642,114418.566427537,239304.064823399,354682.643983632,6,9.6875,8.9375,5.618,1763.26111111111,1132.01666666667,,1.5694
"1990-01-01",,,75.4681275381999,0.40185094,112430.066272566,232629.694324347,354764.989998216,6,8.625,9.5625,6.04,1762.95238095238,1127.07142857143,,1.515
"1990-02-01",,,75.5375915565615,0.41217458,111190.464816436,228803.825970326,354143.831446524,6,8.6875,9.1875,6.292,1741.005,1116.68,,1.4879
"1990-03-01",,,75.835655264168,0.41022731,111452.878668343,227466.59886171,353535.582457825,6,8.5,8.875,6.475,1672.88636363636,1092.13636363636,,1.5117
"1990-04-01",,,75.9789198711673,0.42052568,110016.090366081,225663.716785457,352388.966723259,6,8.625,9.25,6.629,1620.93888888889,1068.10555555556,,1.4878
"1990-05-01",,,76.436933358099,0.43469,110872.284328127,226118.100765661,352500.851805508,6,8.875,8.6875,6.3,1692.99047619048,1119.1380952381,,1.4176
"1990-06-01",,,76.62900005387,0.4665336,112331.371800878,227435.283116755,353427.194136337,6,8.9375,8.875,6.147,1791.2,1185.175,,1.4252
"1990-07-01",,,76.9352126058721,0.48682935,111038.261988445,226525.348904181,353216.110865831,6,8.5625,8.8125,6.078,1817.08636363636,1207.89090909091,,1.3935
"1990-08-01",,,77.6281090996357,0.51211559,110604.388970585,225167.979001409,355899.685571899,6,7.125,8.5,6.484,1565.24545454545,1054.29545454545,,1.308
"1990-09-01",,,78.0960112594923,0.54665414,111504.494945772,226550.807115655,360351.963487174,6,7.25,8.125,6.509,1464.295,970.315,,1.3068
"1990-10-01",,,78.6275742832655,0.5780684,111492.039028096,226206.967995878,359301.318876309,6,7.625,8.1875,6.491,1445.03913043478,937.765217391304,,1.2816
"1990-11-01",,,79.0146493882657,0.61781113,111789.384830583,226854.046722452,360440.885093175,6,7.3125,8.8125,6.563,1390.03181818182,903.781818181818,,1.257
"1990-12-01",,,79.2004663905215,0.65660005,114262.697154668,230905.995205567,363355.001300573,6,8.75,8.5625,6.601,1404.77777777778,918.316666666667,,1.2778
"1991-01-01",,,79.6590041966294,0.66822577,112388.851288031,227496.307266066,362534.000370162,6,7.625,8,6.415,1357.60476190476,881.861904761905,,1.2724
"1991-02-01",,,80.2391360653504,0.75081494,112244.34032627,227505.185410802,362054.561608434,6,8.1875,8.125,6.221,1530.94,983.785,,1.2665
"1991-03-01",,,80.282871892175,0.8039552,111475.587186965,227651.55228593,362513.197684517,6,8.6875,8.5,6.155,1611.51,1040.33,,1.3844
"1991-04-01",,,80.4884802325689,0.86814063,112408.05593183,228815.866532863,362516.288114636,6,8.4375,8.5,6.016,1675.00952380952,1078.12857142857,,1.4403
"1991-05-01",,,81.2328279863496,0.94604673,114083.421145632,230699.533045968,364076.443927866,6,7.375,7.875,5.813,1679.88,1092.395,,1.454
"1991-06-01",,,81.6526486319159,1.00920591,113842.902937287,232013.270102895,364594.833850123,6,7.5,7.875,5.971,1707.56,1111.695,,1.531
"1991-07-01",,,81.9506192582579,1.081701,114591.683065454,232654.589503381,366137.077472067,6,7.5,7.8125,5.996,1710.50434782609,1114.7652173913,,1.5502
"1991-08-01",,,82.236079192651,1.14696469,114728.15353299,233336.384644727,366793.510429035,7,7.75,7.9375,6.107,1712.42380952381,1112.07619047619,,1.5203
"1991-09-01",,,82.511737122875,1.23095631,113999.467125566,232526.970192528,367105.510345556,7,8.3125,8.125,6.198,1700.34761904762,1099.51904761905,,1.485
"1991-10-01",,,82.6577006520515,1.32469857,114592.999973284,233261.381059064,368732.423129026,7,6.5,8.25,6.698,1689.30434782609,1086.86086956522,,1.4787
"1991-11-01",,,83.3465770313479,1.43559041,115022.853649576,234044.722496507,368284.87525499,7,7.0625,8,6.637,1683.79523809524,1077.60952380952,,1.437
"1991-12-01",,,83.3571549248246,1.56352937,116108.087622106,237268.539759652,372155.130631709,7,7.5625,8,6.37,1617.23157894737,1029.1,,1.3881
"1992-01-01",,,83.5710692206005,1.70153057,114952.444931932,234931.577275501,368675.438857357,7,7.125,7.375,6.175,1739.56666666667,1097.9619047619,,1.4037
"1992-02-01",,,83.9245179205585,1.8806956,115970.169528105,236044.104554668,369696.914254956,7,7.5,7.5625,6.132,1793.475,1127.15,,1.4569
"1992-03-01",,,84.1813991681073,1.9716206,115214.975531316,235325.751897327,368768.593214881,7,9,8.8125,6.676,1825.36363636364,1136.25454545455,,1.5079
"1992-04-01",,,84.3432449373409,2.09825382,115789.558566938,235710.622151007,371693.255312634,7,8.625,8.8125,6.545,1854.47894736842,1148.26315789474,,1.5168
"1992-05-01",,,84.6504595614154,2.22620029,114745.662293411,235376.341656966,373136.555521352,7,9.625,9.3125,6.861,1933.18421052632,1200.19473684211,,1.4904
"1992-06-01",,,85.058119688912,2.36274221,115094.549440238,235394.039101174,373882.748630172,7,8.75,9.125,6.924,1876.32857142857,1182.97619047619,,1.4239
"1992-07-01",,,85.0541424941527,2.52369471,113982.625322651,233883.964311612,373576.603966711,7,8.25,8.5625,6.867,1816.09565217391,1146.57826086957,,1.3344
"1992-08-01",,,85.1239975953669,2.6612918,114262.201789238,235069.583468379,374403.805515993,7,7.375,7.75,6.854,1775.50952380952,1111.8380952381,,1.2992
"1992-09-01",,,85.3486234033943,2.88831875,117107.973942471,237723.212146114,375248.207273936,6,7,6.8125,6.292,1843.50454545455,1133.15909090909,,1.2758
"1992-10-01",,,85.555512455243,3.05528907,117491.33475578,240634.298471052,374066.457648961,6,6.25,6.3125,6.092,1888.35454545455,1143.3,,1.31447
"1992-11-01",,,86.1234017898337,3.29413161,118151.352262876,244523.224873374,377586.821199917,6,6.5,6.5625,6.063,1919.29047619048,1147.19047619048,,1.42955
"1992-12-01",,,86.2168620144224,3.49350437,119859.01885691,250525.121365996,379140.88691763,6,6.375,5.875,5.68,2008.525,1190.735,,1.4216
"1993-01-01",,,86.4930324983391,3.61384677,121396.544447741,254773.351147815,379481.878049088,5.5,5.25,5.375,5.539,2086.745,1248.375,,1.4781
"1993-02-01",,,86.777715545659,3.78028603,122669.703348931,259347.548434689,380683.464787216,5.5,5.75,5.375,4.907,2114.24,1286.335,,1.5188
"1993-03-01",,,87.2221538306106,3.97526553,126282.187831662,266683.685793736,384176.919127475,5,5.625,5,4.688,2152.59565217391,1318.27391304348,,1.5209
"1993-04-01",,,87.5338724944359,4.17086651,126444.013032579,269231.668744554,383984.476143417,5,5.25,5,4.845,2165.675,1336.695,,1.4593
"1993-05-01",,,87.733269546613,4.33913946,127240.099472568,272950.066139673,383097.29657207,5,4.875,5,4.846,2204.69473684211,1372.04736842105,,1.44813
"1993-06-01",,,87.7407197323603,4.50257527,128246.33990202,275893.993354738,384725.218397791,5,5.375,4.9375,4.566,2313.24545454545,1452.69818181818,,1.4724
"1993-07-01",,,87.9135462819269,4.63053046,128673.720288552,279361.835251485,388281.038484305,4.5,4.75,4.625,4.546,2382.59545454545,1504.23727272727,,1.51496
"1993-08-01",,,88.1844351618482,4.72471234,129923.585925483,282196.421770315,390292.204920773,4.5,5,4.625,4.479,2454.07272727273,1554.35772727273,,1.4972
"1993-09-01",,,88.2441888181766,4.88067238,129703.098717286,282972.176967537,390972.995458008,4.5,4.625,4.625,4.455,2419.99545454545,1532.79454545455,,1.41991
"1993-10-01",,,88.3957039182431,4.8540835,133306.975265394,288907.690717285,395092.352956394,4.25,4.625,4.4375,4.208,2613.80952380952,1638.64952380952,,1.44028
"1993-11-01",,,88.1070860623787,4.89957341,132685.949507538,289943.623982288,397154.902957507,4.25,4.5,4.375,4.247,2719.54545454545,1719.34590909091,,1.49755
"1993-12-01",,,88.3574111283372,4.89168877,132769.042009685,294188.563077633,398502.08165043,4,4.125,4,4.136,2880.9380952381,1817.51523809524,,1.46387
"1994-01-01",,,88.2995887403132,4.87239516,134299.665292232,298478.600020493,402120.465302894,4,4.25,3.802,4.206,3040.39047619048,1928.51285714286,91.3942028748641,1.47149
"1994-02-01",,,88.386701136457,4.85896638,135356.291757835,301413.979674845,406036.393988558,4,4.25,3.855,4.465,3036.415,1930.179,91.6491652433992,1.45855
"1994-03-01",,,88.3545736253031,4.81199155,134678.367875669,301453.731831,405299.322747992,4,4.125,3.903,4.634,2848.70869565217,1832.01695652174,92.0119963063144,1.42984
"1994-04-01",,,88.4361333018335,4.77412943,134213.136437472,302351.772247736,406419.487495083,3.5,3.75,3.818,5.062,2824.65789473684,1820.68736842105,91.4236216096951,1.43863
"1994-05-01",,,88.1066688374003,4.75471541,134560.298984241,303982.877001863,406832.069940599,3.5,4.25,4.109,5.046,2696.385,1767.7575,90.7862156883575,1.41358
"1994-06-01",,,88.2367952145802,4.72014206,135345.298631769,305017.211394565,408034.678542408,3.5,4,4.182,5.334,2675.55454545455,1762.92409090909,92.1688962254129,1.37588
"1994-07-01",,,88.4219637552974,4.66042751,135009.941333386,305287.509264544,407105.972418284,3.5,4,4.226,5.273,2562.82857142857,1699.75095238095,93.3260331287642,1.32548
"1994-08-01",,,88.5988942439554,4.60799907,134911.289293366,305147.853479062,407274.282562361,3.5,3.875,4.182,5.492,2590.08181818182,1720.36863636364,93.7673141512286,1.31796
"1994-09-01",,,88.7195610614437,4.58841306,136008.610688877,306174.474810676,408894.457932772,3.5,3.875,3.879,5.636,2619.57272727273,1732.30681818182,94.5910387264957,1.29169
"1994-10-01",,,88.7268721280822,4.46823645,135390.800766495,306680.928626798,409813.972082201,3.5,3.625,3.911,5.594,2523.29047619048,1673.87571428571,94.9930947691855,1.26466
"1994-11-01",,,88.6498158069136,4.39870706,137492.069554544,308656.89786849,411904.730957455,3.5,3.375,3.798,5.368,2572.59090909091,1696.46136363636,93.2966143939332,1.29532
"1994-12-01",,,88.7160665661121,4.34749898,138382.510835519,309817.361757405,413939.858252466,3.5,3.5,4.061,5.304,2606.185,1710.271,92.2277336950748,1.32923
"1995-01-01",,,89.1858541630808,4.29813016,139342.446031032,305773.941567743,412160.54234159,3.5,3.625,3.891,5.322,2580.93333333333,1691.28666666667,94.2870451332424,1.28795
"1995-02-01",,,89.7295736633195,4.24279777,138348.438797327,304961.31748694,411196.678674394,3.5,3.5,3.673,5.325,2613.475,1705.3755,95.0323197489601,1.271
"1995-03-01",,,89.7553395641005,4.2117785,138839.387963443,304955.35708537,409355.21711067,3,3.4375,3.436,5.179,2514.28695652174,1647.22434782609,99.4353237286612,1.17136
"1995-04-01",,,89.8528549430727,4.20022121,139315.225924895,307513.07070211,409162.747107188,3,3.375,3.299,5.033,2553.85555555556,1665.29555555556,100.288467038759,1.13707
"1995-05-01",,,89.9591051542338,4.17220832,141818.676866078,312323.158044349,413824.35884645,3,3.125,3.074,4.873,2711.97142857143,1776.58857142857,98.248768090479,1.16741
"1995-06-01",,,90.0936360076125,4.14261811,143299.850212199,316004.321523028,414628.404872281,3,3,2.905,4.936,2814.80476190476,1852.17952380952,98.4056680095774,1.15811
"1995-07-01",,,90.2093517937253,4.14605333,144568.703418122,320924.38977122,416718.406744277,2.5,2.5,2.436,4.859,2845.21428571429,1877.54095238095,98.0134182118312,1.15627
"1995-08-01",,,90.3104363252494,4.13111649,147218.12987721,325182.447117627,419846.568405033,2.5,2.875,2.688,4.73,2855.98636363636,1887.785,97.2779498410571,1.19802
"1995-09-01",,,90.4454420235717,4.13412576,147351.202310974,326354.98795723,421005.420498554,2,2,2.291,4.555,3001.95238095238,1960.01619047619,98.6312116432815,1.18996
"1995-10-01",,,90.4111578884511,4.13234533,150427.620699718,332852.281748203,423137.469915137,2,1.875,1.924,4.38,3075.43181818182,1996.38,100.435560712914,1.14612
"1995-11-01",,,90.362487540233,4.13994272,153015.301443436,337527.624036626,424005.988550643,2,2,1.884,4.057,3168.82272727273,2040.88454545455,100.582654387069,1.14257
"1995-12-01",,,90.4285515065469,4.13750445,152888.30907015,339913.589001579,426334.464368733,1.5,1.75,1.711,4.09,3268.92777777778,2102.86722222222,99.7098985870836,1.16379
"1996-01-01",,,90.5308502545505,4.18611628,154390.592661175,346260.21782291,432259.914559753,1.5,1.5,1.501,4.437,3274.91428571429,2130.40714285714,99.29803629945,1.18097
"1996-02-01",,,90.4527752816062,4.23760373,156350.047278721,349725.673142087,434317.54286912,1.5,1.25,1.441,4.358,3274.27142857143,2135.89761904762,97.9153557623947,1.1954
"1996-03-01",,,90.6065693493535,4.31687534,161254.416357534,354820.483521167,439093.186898673,1.5,1.375,1.581,4.406,3563.02857142857,2280.1580952381,97.9741932320566,1.19598
"1996-04-01",,,90.6865630030598,4.39142852,160952.338485385,357903.04249235,440943.644939136,1.5,1.625,1.541,4.329,3627.56,2323.8035,96.6895751444378,1.21991
"1996-05-01",,,90.6491728343996,4.46317183,158488.805040068,354354.41975321,441641.13351468,1.5,2.625,2.012,4.682,3570.4,2305.717,94.2576263984114,1.254
"1996-06-01",,,90.765165035279,4.53277607,159726.342068233,355398.07251422,444896.157691409,1.5,2.125,2.508,4.627,3627.345,2347.013,93.9830515399891,1.25698
"1996-07-01",,,90.7985798864261,4.58933721,160918.756389,356446.813837269,447232.332345225,1.5,2.25,2.344,4.561,3665.22173913043,2357.15956521739,94.895032319749,1.234
"1996-08-01",,,90.8450471273152,4.65020439,161005.397639499,356713.440120265,448525.82888766,1.5,1.75,1.94,4.467,3665.70476190476,2349.76333333333,96.8464750635363,1.20332
"1996-09-01",,,90.916948286484,4.77203272,164816.891597108,362606.731441603,452332.972714456,1,1.125,1.457,4.256,3678.98571428571,2359.17,94.9832885242419,1.2316
"1996-10-01",,,91.1133311757545,4.89498011,165432.676261567,364808.511033787,453386.797421627,1,1.5,1.374,4.166,3778.20434782609,2421.66565217391,93.4633205579754,1.25836
"1996-11-01",,,91.0204168106367,4.98471825,167519.394808623,365205.034372302,456839.851922874,1,1.625,1.25,4.191,3845.55714285714,2459.29619047619,90.943115607456,1.27455
"1996-12-01",,,91.111024934039,5.05691133,168279.344354265,366541.184151069,455323.498643945,1,1.5,1.687,4.125,3884.86,2480.258,88.4817481265986,1.32705
"1997-01-01",,,91.2824243382757,5.27035279,171336.171631135,371291.199091095,463167.977134927,1,1.5,1.561,3.959,4047.90952380952,2591.64714285714,86.1478618300087,1.39359
"1997-02-01",,,91.2406731069762,5.30998062,172859.215073031,373096.983291433,467566.510694017,1,1.625,1.521,3.517,4439.365,2824.769,84.8436312525026,1.45349
"1997-03-01",,,91.1305539284419,5.3134239,172364.07518611,371246.519697451,463807.970938889,1,1.625,1.748,3.853,4575.26842105263,2901.57736842105,84.7946000277844,1.46497
"1997-04-01",,,91.1886620897772,5.3047235,173764.497745324,375894.579253986,466423.489206016,1,1.375,1.645,3.769,4664.09545454545,2952.02409090909,85.1378186008123,1.4619
"1997-05-01",,,91.1880890990034,5.29021012,177542.550450004,382178.008211746,469256.953091247,1,0.5,1.23,3.586,5098.04736842105,3221.52210526316,86.1282493401214,1.43216
"1997-06-01",,,91.1978067694957,5.23625368,178493.46626684,383457.104219159,468800.246890417,1,1.25,1.194,3.522,5426.56666666667,3435.01523809524,85.7654182772062,1.44215
"1997-07-01",,,91.2637396127986,5.1742626,181429.742365928,384905.149925559,469412.117692263,1,1.25,1.302,3.585,5836.91304347826,3688.1552173913,85.0005311716011,1.48171
"1997-08-01",,,91.2944987498263,5.1351514,181692.430234505,386002.32689253,468671.609710863,1,1,1.238,3.692,5601.525,3597.3715,85.2554935401362,1.51448
"1997-09-01",,,91.2575729474301,5.05972326,181132.499255119,386001.414697568,469976.041502911,1,1.125,1.264,3.704,5523.88181818182,3546.16227272727,86.3243742389945,1.47323
"1997-10-01",,,91.3089196724892,4.87973975,180594.821715004,384750.999590747,471306.708937084,1,1.5,1.589,3.719,5714.14347826087,3645.82,86.5793366075296,1.45255
"1997-11-01",,,91.3627696030473,4.7910972,179296.493167605,382678.014502794,469177.842934929,1,1.1875,1.72,3.692,5581.78,3530.455,88.5798105760352,1.40733
"1997-12-01",,,91.438295606827,4.70987165,183669.111549452,389417.803856544,470754.315789563,1,1,1.382,3.445,6055.35238095238,3778.18142857143,88.9426416389504,1.43819
"1998-01-01",,,91.3094428281134,4.65722836,185999.52795757,389764.055329887,470737.355217396,1,0.625,1.182,3.084,6344.075,3940.42,88.5209731063732,1.47572
"1998-02-01",,,91.2519260235688,4.52149325,192576.66165507,396624.300188798,472361.823038365,1,0.625,0.88,2.964,6909.625,4283.252,88.5601980861479,1.46376
"1998-03-01",,,91.2151126243661,4.35846869,194123.06684017,396133.76628508,474789.610394671,1,1.375,1.19,3.109,7300.31818181818,4544.14545454545,86.9029426906702,1.48858
"1998-04-01",,,91.188240323919,4.1645474,190754.35778784,393447.578606775,473872.063474663,1,1.375,1.127,3.344,7477.505,4678.7215,85.37316847946,1.5064
"1998-05-01",,,91.2344666539569,3.97628379,188350.730950473,390681.165427696,470335.979429728,1,1.5,1.469,3.179,7584.48421052632,4778.77578947368,86.1184430951778,1.4792
"1998-06-01",,,91.2664820395173,3.74585253,189217.561131876,389864.78949413,472843.13545606,1,2.125,1.86,3.308,7639.78571428571,4792.68523809524,86.1184430951778,1.49386
"1998-07-01",,,91.3387033578473,3.61257514,190598.871005685,391593.902613068,474783.677743349,1,1.5,1.888,3.19,8185.1347826087,5110.03,85.1378186008123,1.51362
"1998-08-01",,,91.4636048685357,3.50905953,192645.041140943,393823.039349387,475651.899182172,1,1.375,1.481,2.988,7551.18571428571,4731.15,86.6283678322478,1.4950097
"1998-09-01",,,91.29190461991,3.37875951,193104.908666246,393223.890842121,473217.862146073,1,1,1.29,3.086,6443.04545454545,4074.29136363636,89.4623726209641,1.40267
"1998-10-01",,,91.3156745336608,3.27674675,197064.288096736,398388.525565297,474527.674295569,1,0.75,0.952,2.914,5910.86818181818,3759.18227272727,91.0117593220616,1.33561
"1998-11-01",,,91.2224529411752,3.2143036,195533.288518175,395732.114735389,478178.191492516,1,1.5,1.246,2.659,6861.34285714286,4325.01476190476,88.981866618725,1.38421
"1998-12-01",,,91.259324114173,3.17249306,193894.405486261,392333.092781677,472640.591777016,1,0.875,1.25,2.71,6920.64,4364.259,90.0997785423017,1.35912
"1999-01-01",,,91.3971792816398,3.11763729,198673.676463814,395851.476378634,474863.149008564,1,1,0.952,2.555,7280.015,4569.4075,89.3643101715276,1.38365
"1999-02-01",,,91.5758764503873,3.04361615,202945.344068143,400740.489968106,479609.921073317,1,1.125,1.071,2.55,7066.56,4462.417,89.0897353131052,1.42598
"1999-03-01",,,91.694923635364,2.9596038,203324.461862508,401888.478337006,478642.656471321,1,1,1.003,2.604,7132.88260869565,4524.18086956522,88.3346544524438,1.46595
"1999-04-01",,,91.7304967521431,2.86556151,208337.601985145,407765.617939071,479292.624072326,0.5,0.875,0.753,2.534,7259.835,4629.011,87.1480988142616,1.49738
"1999-05-01",,,91.6990994144413,2.78040453,209199.441955662,408979.327859845,479660.355014952,0.5,0.875,0.829,2.72,7081.27368421053,4582.16473684211,86.5499178726986,1.50726
"1999-06-01",,,91.7441668800647,2.6978376,211049.100979968,409503.201616411,479794.350602811,0.5,2.5,1.055,2.937,7075.03636363636,4607.11590909091,86.1772805648397,1.53725
"1999-07-01",,,92.0204378010463,2.64138269,213662.007013701,412830.564805241,481444.620191246,0.5,0.65,0.999,3.044,7029.29090909091,4611.41818181818,85.5790996232768,1.5499
"1999-08-01",,,92.384429978752,2.56075914,213456.175707254,411647.849126995,481772.859424533,0.5,0.662654,0.928,3.169,6947.54090909091,4568.12727272727,86.6185615873042,1.50908
"1999-09-01",,,92.4084186468806,2.48883763,212080.927825896,410649.200638809,482628.433273321,0.5,1.603778,1.039,3.427,7056.99090909091,4650.83590909091,85.8928994614737,1.52532
"1999-10-01",,,92.4155827613654,2.4213615,211972.690886118,408961.724163364,480381.8477706,0.5,0.823193,1.952,3.625,6941.91904761905,4591.92571428571,86.6773990569661,1.489
"1999-11-01",,,92.3706142295682,2.33484105,210398.801009477,405601.16700203,479803.314221447,0.5,1.078627,1.589,3.69,7335.51428571429,4819.67761904762,84.7553750480098,1.55187
"1999-12-01",,,92.7688965007827,2.27253834,206339.482477911,400304.585151047,479189.796381371,0.5,1.437788,1.912,3.617,7388.73333333333,4899.83,84.1670003513905,1.58322
"2000-01-01",,,92.8738824499305,2.02899747,210345.432578618,400728.362697466,477474.31402963,1.75,2.28,1.7,3.784,7262.05,4898.0715,83.7453318188133,1.5878
"2000-02-01",,,93.1398323029026,1.97274106,207011.197653389,395436.730990912,474289.285624251,2.25,1.342026,2.231,3.868,7019.52380952381,4802.95761904762,83.2648258165742,1.63354
"2000-03-01",,,93.1002880400625,1.9116651,206719.165374878,392596.012204066,472516.539306315,3,2.361749,2.729,4.155,7139.59130434783,4909.18347826087,82.3822637716452,1.66404
"2000-04-01",,,92.9895411161665,1.87521262,205261.271503287,390131.944732043,471275.260701266,3,2.547827,2.753,4.076,7452.75555555556,5061.04277777778,83.3138570412925,1.66252
"2000-05-01",,,93.0578783431235,1.82617454,205365.28465409,388563.425226603,473306.480804848,3,3.047974,2.889,4.19,7700.15,5235.72227272727,83.2157945918559,1.71813
"2000-06-01",,,93.3681432525647,1.81298792,203193.554051636,385262.52120315,467910.952777641,3.5,3.054887,3.19,4.008,7771.655,5302.7745,84.4808001895874,1.64322
"2000-07-01",,,93.7838662152764,1.79501477,202059.505944522,382537.413743875,470461.881107393,3.5,2.778948,3.247,3.976,7930.8380952381,5446.64952380952,84.7455688030661,1.64974
"2000-08-01",,,93.4893228533166,1.75759475,203062.426275967,382373.083683442,472853.429596487,3.5,3.125945,3.279,3.84,8256.03636363636,5682.895,83.1961821019686,1.71514
"2000-09-01",,,93.7675149756448,1.72542206,201653.38395489,379155.347690235,471236.513378272,3.5,2.991287,3.291,3.954,8008.95714285714,5563.88571428571,83.3236632862361,1.75696
"2000-10-01",,,93.6186064520994,1.67625085,202636.72019611,377520.173134681,471655.339312636,3.5,2.967391,3.319,3.927,7804.47272727273,5463.74227272727,83.5884318997148,1.7694
"2000-11-01",,,94.1085546813821,1.6152938,204451.568217431,378089.59753685,473340.768601573,3.5,2.955805,3.319,3.771,8080.07727272727,5625.32863636364,83.6080443896021,1.77727
"2000-12-01",,,94.1384941701872,1.56666802,202081.435768345,377331.268038296,474016.638952486,3.5,3.490226,3.202,3.552,8029.65789473684,5550.82421052632,85.5202621536148,1.68835
"2001-01-01",,,94.1095332832107,1.51991846,204189.450969279,377350.576187884,478398.554169776,3.5,3.308556,3.202,3.497,7958.3,5505.19619047619,86.4224366884311,1.63026
"2001-02-01",,,93.9441565873062,1.50157856,201700.960704833,373558.863352147,479501.536819733,3.5,3.282052,3.271,3.492,7830.72,5423.429,85.2554935401362,1.66688
"2001-03-01",,,94.0522006555866,1.52503774,199812.478412937,369756.413390544,478493.363599893,3.25,3.250111,3.102,3.327,7225.44545454545,4994.81227272727,85.1083998659813,1.68832
"2001-04-01",,,94.0259654119494,1.5507658,201960.829799751,372247.566014015,482950.916051021,3.25,3.085493,2.901,3.529,7154.7052631579,4948.28736842105,84.9220812120519,1.71441
"2001-05-01",,,94.6034974597728,1.60549709,205284.476804846,375754.746307427,486751.410063605,3.25,3.275508,2.949,3.556,7536.9,5209.25333333333,83.9120379828554,1.7534
"2001-06-01",,,94.7633058623802,1.64936169,205145.850942629,374684.574885494,486762.992196956,3.25,3.283814,3.042,3.383,7336.375,5081.002,83.9218442277991,1.78407
"2001-07-01",,,95.087283254906,1.67442565,204698.753357637,373681.863160138,486001.613616558,3.25,3.226346,2.993,3.357,6930.57272727273,4798.19454545455,84.9514999468828,1.75937
"2001-08-01",,,94.5327669279988,1.69472522,204793.344367824,373776.60135123,486748.793346679,3.25,3.123531,3.03,3.317,6734.73913043478,4654.13260869565,85.7359995423753,1.68071
"2001-09-01",,,94.4583208862819,1.71755901,208613.679757256,378312.295306828,489059.660179839,2.25,2.027698,2.032,3.302,5885.97,4057.6825,87.2853862434727,1.63648
"2001-10-01",,,94.1610058452514,1.80568585,210054.144036956,381461.121003966,495406.302431282,2.25,2.118133,1.992,3.005,6054.32173913043,4118.81130434783,87.873760940092,1.63362
"2001-11-01",,,94.3565099499049,1.90953935,212639.802408308,385508.309517174,499766.255632678,2.25,1.960142,1.948,3.261,6368.14545454545,4332.98818181818,88.0993045737961,1.6516
"2001-12-01",,,94.4287743016862,1.97425783,219254.414630054,394611.764812001,501066.919659104,1.75,1.469348,1.653,3.555,6334.20588235294,4324.51117647059,87.6384110614443,1.65226
"2002-01-01",,,94.6491839798959,2.05151138,213501.420200266,389568.932242812,496033.14936312,1.75,1.203506,1.589,3.59,6326.77272727273,4325.85909090909,87.4324799176275,1.66676
"2002-02-01",,,94.6381020561932,2.11625724,214957.619302785,392887.568744718,497693.372796677,1.75,1.571053,1.553,3.61,6259.665,4273.5605,86.6773990569661,1.69866
"2002-03-01",,,94.5736853455419,2.18793238,216882.979808909,397954.148639305,500054.574869322,1.75,1.202675,1.529,3.636,6537.705,4466.4265,86.9715864052758,1.67636
"2002-04-01",,,94.9919488621748,2.27532183,215466.006586068,397814.525217443,500122.43834962,1.75,1.418686,1.441,3.528,6639.56666666667,4562.68904761905,87.6678297962753,1.65495
"2002-05-01",,,95.1186590829528,2.35318102,214924.039671443,398952.0547862,500509.267152649,1.25,0.974746,1.151,3.465,6590,4548.31,89.0799290681616,1.58883
"2002-06-01",,,94.9929715773634,2.43839314,222254.928688985,406215.34202671,505482.755276403,1.25,0.937309,1.079,3.299,6061.575,4208.746,89.325085191753,1.53907
"2002-07-01",,,95.074826453781,2.51036342,226500.407178111,412211.433813015,511436.695742788,0.75,0.703175,0.553,3.248,5391.36956521739,3759.86956521739,90.4724158501606,1.47416
"2002-08-01",,,95.0296402803978,2.58224589,228985.572825618,416687.349968927,511875.893275302,0.75,0.603556,0.57,3.192,5288.60454545455,3681.39954545455,89.9919098479215,1.4979
"2002-09-01",,,94.9932083419905,2.70146394,232353.118306379,421340.976499442,515342.403164202,0.75,0.50856,0.549,2.761,4904.25714285714,3423.59047619048,89.9428786232032,1.49377
"2002-10-01",,,95.2830612970263,2.84585003,232451.860918394,423838.776167133,516036.076464556,0.75,0.517184,0.495,2.863,4796.86086956522,3337.3847826087,90.4822220951042,1.49427
"2002-11-01",,,95.2044237519162,2.98639951,235605.082691796,427437.750377604,518811.892854485,0.75,0.506908,0.44,2.799,5010.90476190476,3486.3219047619,90.4822220951042,1.4767
"2002-12-01",,,95.2543126460746,3.0623369,239127.423269871,436137.455833232,525239.475665085,0.75,0.362647,0.276,2.396,4866.41111111111,3397.26555555556,90.5900907894844,1.44186
"2003-01-01",,,95.5046108835004,3.17572874,237933.232495194,436392.139106682,527015.781575981,0.75,0.486557,0.239,2.396,4677.6619047619,3268.84238095238,92.1394774905819,1.37638
"2003-02-01",,,95.5922176960865,3.29703485,240181.999603591,440864.351018674,533473.680794491,0.75,0.562408,0.4,2.375,4230.23,2964.0095,92.1002525108073,1.36204
"2003-03-01",,,95.8938956222123,3.41037328,264156.073913331,468439.191583636,542087.09626865,0.375,0.177559,0.17,2.537,4071.57619047619,2865.43238095238,92.08064002092,1.36181
"2003-04-01",,,95.5686443899147,3.51182698,271584.302848347,478643.098942322,549395.284396282,0.375,0.094747,0.132,2.659,4463.68,3160.343,90.5018345849916,1.37993
"2003-05-01",,,95.4257370721545,3.60950584,272155.301434325,481387.375602849,549179.543921768,0.375,0.13474,0.14,2.358,4555.905,3252.245,90.9627280973433,1.31086
"2003-06-01",,,95.4490123466394,3.68915763,273793.636774898,483523.750826766,551387.861061174,0.375,0.14823,0.119,2.607,4835.49,3450.7435,89.5898538052316,1.32107
"2003-07-01",,,95.3547717805556,3.7428471,277831.18386721,488457.733863349,553418.879320563,0.375,0.111008,0.099,2.666,4913.95652173913,3506.42260869565,87.8639546951484,1.36105
"2003-08-01",,,95.5645299308609,3.75845823,283618.094653957,495202.388604311,558567.401907156,0.375,0.053337,0.119,2.875,5102.87142857143,3646.62047619048,87.7953109805428,1.38532
"2003-09-01",,,95.5640798740607,3.82229709,286638.005454306,499630.622279264,565480.071379363,0.375,0.145845,0.12,2.777,5268.84545454545,3777.56363636364,87.1186800794306,1.37872
"2003-10-01",,,95.6709153084712,3.86235157,293290.217941295,506366.325921506,567602.469945036,0.375,0.113241,0.119,2.882,5191.21304347826,3741.05608695652,88.2562044928946,1.32355
"2003-11-01",,,95.6775570907495,3.87729991,292963.298666533,506739.496478978,563516.813558889,0.375,0.117566,0.135,2.993,5272.79,3810.557,87.4815111423458,1.33252
"2003-12-01",,,95.7981796837609,3.88009852,288848.565459118,501970.81224466,564718.530530086,0.375,0.126631,0.106,2.78,5400.95789473684,3898.46315789474,88.8936104142321,1.26656
"2004-01-01",,,95.7381857441868,3.90639647,295172.781410152,509077.33834825,569219.758392731,0.375,0.098549,0.115,2.852,5666.965,4095.096,88.4621356367113,1.24172
"2004-02-01",,,95.7223761883292,3.91207169,296815.359108285,512150.895964723,571209.72882196,0.375,0.100093,0.15,2.681,5828.74,4225.2815,87.7953109805428,1.2447
"2004-03-01",,,95.8567454708064,3.918811,294551.115420608,508776.042961304,568789.952393985,0.375,0.110365,0.135,2.632,5704.11739130435,4155.83869565217,87.0304238749377,1.2768
"2004-04-01",,,96.0408876413113,3.91075423,295984.104801283,512240.155505941,569546.017443528,0.375,0.108065,0.182,2.809,5795.01,4240.7185,87.334417468191,1.29838
"2004-05-01",,,96.2604237226716,3.90766326,297813.128273913,514307.298742335,572488.274349782,0.375,0.112946,0.17,2.888,5712.73684210526,4209.84736842105,88.6288418007534,1.28366
"2004-06-01",,,96.4596584329736,3.90816998,291818.377101882,507747.509305305,571887.955877571,0.5,0.360676,0.329,3.04,5679.42727272727,4204.27772727273,90.0311348276961,1.25206
"2004-07-01",,,96.1757475873299,3.88894012,287789.241695597,503916.035761065,570123.243343949,0.5,0.1953,0.42,2.957,5527.26818181818,4094.56636363636,88.9132229041195,1.245
"2004-08-01",,,96.5308202692236,3.87875514,286739.584031056,503057.101341055,574565.655750452,0.5,0.173508,0.448,2.825,5409.55909090909,4002.42909090909,88.3052357176128,1.26351
"2004-09-01",,,96.4386258189141,3.86773408,281709.779591845,498281.136938647,573445.77204118,0.75,0.53447,0.586,2.75,5523.82272727273,4088.72272727273,88.0012421243595,1.26341
"2004-10-01",,,96.8913156547615,3.84320905,279502.772777815,495689.313132878,574443.306611377,0.75,0.63083,0.59,2.623,5440.40476190476,4040.53952380952,89.011285353556,1.23574
"2004-11-01",,,97.1116251763528,3.82354849,278597.621423999,494701.595215294,578629.789086351,0.75,0.503354,0.634,2.443,5576.13636363636,4137.37090909091,91.0607905467799,1.17015
"2004-12-01",,,97.0431726145407,3.78858512,274478.352699003,491413.834496464,579143.80764591,0.75,0.497394,0.634,2.382,5620.28571428571,4176.62333333333,90.4528033602733,1.14682
"2005-01-01",,,96.9562027829468,3.76818982,282027.159028764,497640.97985021,586251.565420772,0.75,0.654176,0.666,2.249,5741.75714285714,4276.67047619048,88.952447883894,1.1678
"2005-02-01",,,97.0947077622097,3.77756406,281583.5670086,497424.867386782,584921.043200571,0.75,0.67587,0.709,2.381,5880.18,4394.9215,88.187560778289,1.19102
"2005-03-01",,,97.2990197284189,3.79507108,280065.138697715,495609.932426018,584900.625734157,0.75,0.809343,0.694,2.355,5958.43714285714,4475.90428571429,88.3542669423311,1.17332
"2005-04-01",,,97.3827598350168,3.80340655,274813.201526638,491475.889177781,585707.032545839,0.75,0.646173,0.602,2.074,5948.47666666667,4481.97095238095,88.3836856771621,1.196
"2005-05-01",,,97.2520678800201,3.81673316,277109.197375891,494158.525720852,590917.730802559,0.75,0.665846,0.682,2.014,6020.0525,4563.5145,87.7168610209935,1.22057
"2005-06-01",,,97.0702995120434,3.81959611,284108.339538843,500912.936724578,599904.204058461,0.75,0.631008,0.662,1.999,6242.50590909091,4737.04,86.5793366075296,1.26463
"2005-07-01",,,97.2840689624306,3.80127834,286793.046527811,503728.598718657,609102.902398331,0.75,0.678098,0.65,1.955,6426.04142857143,4890.26619047619,84.9809186817138,1.29396
"2005-08-01",,,97.4645141393678,3.78721699,286189.985747976,502938.222812769,605502.080433258,0.75,0.677405,0.678,1.928,6595.67434782609,5027.60956521739,85.4908434187839,1.26348
"2005-09-01",,,97.8218549548921,3.77315563,289657.305166459,507046.54512792,607570.817658887,0.75,0.674366,0.686,1.95,6741.70227272727,5148.24909090909,85.402587214291,1.26535
"2005-10-01",,,98.1887290533015,3.73674812,289358.707591811,506099.277087647,607045.755168604,0.75,0.673334,0.745,2.097,6932.24095238095,5276.21619047619,85.6771620727133,1.28918
"2005-11-01",,,98.0190162789661,3.68491113,289698.969905491,506481.435553449,612613.386839307,0.75,0.68404,0.868,2.184,7332.14136363636,5549.74363636364,85.4123934592346,1.31076
"2005-12-01",,,97.9971196305163,3.62489068,288227.720288482,504290.131853923,607448.510926035,1,0.609864,0.9,1.96,7551.02047619048,5708.00238095238,85.0201436614884,1.30605
"2006-01-01",,,98.2760834733186,3.57480185,286504.468903194,501387.252779558,604607.357808109,1,0.828563,0.916,2.153,7739.5180952381,5868.60904761905,85.088787376094,1.27867
"2006-02-01",,,98.4510712466369,3.5324151,285022.512987363,499539.317232523,605061.280025684,1,0.895374,1,2.252,7895.9295,6000.124,84.2062253311651,1.30554
"2006-03-01",,,98.3416741051949,3.49365136,283754.981248417,496647.507905724,609237.61828565,1.25,1.05294,1.091,2.517,7985.18434782609,6116.33956521739,83.470756960391,1.30577
"2006-04-01",,,98.4058482307883,3.44140899,283201.991009221,495859.544260394,610830.893416769,1.25,1.187275,1.147,2.752,8057.16277777778,6220.87555555556,83.8433942682498,1.28407
"2006-05-01",,,98.5383595845014,3.39864221,281899.690926573,493213.33372867,609935.850304375,1.25,1.11309,1.26,2.7,7812.29523809524,6088.72904761905,85.5790996232768,1.21867
"2006-06-01",,,98.5458341890478,3.3484267,280898.176903819,491415.929177254,608717.063500915,1.5,1.242492,1.326,2.848,7430.44428571429,5787.3119047619,85.4614246839529,1.23334
"2006-07-01",,,98.6212625393471,3.30859886,282884.385331442,492279.289386226,617027.309285254,1.5,1.345125,1.334,2.742,7695.80571428571,5990.63761904762,84.4709939446438,1.23635
"2006-08-01",,,98.8841510941747,3.27482627,284122.553467023,491683.576536133,618047.742084679,1.5,1.370228,1.417,2.547,8004.41409090909,6226.62045454545,84.0493254120666,1.23097
"2006-09-01",,,98.6260232548832,3.2315781,283225.66576468,490011.766719115,619072.644739077,1.75,1.682963,1.569,2.369,8258.88952380952,6433.85095238095,83.3726945109544,1.24478
"2006-10-01",,,98.4772561896847,3.18186931,282417.575537374,488277.61345845,622635.231433265,1.75,1.627171,1.681,2.495,8594.39909090909,6700.04772727273,83.0588946727574,1.26082
"2006-11-01",,,98.4943268065731,3.11966999,278547.223536561,482639.896841153,621202.742553114,1.75,1.768215,1.712,2.341,8700.92545454546,6810.19272727273,83.1765696120813,1.23828
"2006-12-01",,,98.6154198694301,3.06816236,276133.837304685,478646.559538519,625141.614286817,2,1.897995,1.88,2.489,8671.10894736842,6824.73421052632,83.156957122194,1.20886
"2007-01-01",,,98.4037784398929,3.02509154,276815.40945005,478517.132314823,627476.811941302,2,1.905279,1.996,2.619,9038.79333333333,7142.60571428571,81.4310580121107,1.24468
"2007-02-01",,,98.4311855254728,2.96426034,277341.360339476,477904.106861939,627767.308716728,2,1.835111,2.04,2.556,9227.7515,7319.3545,81.1466769087447,1.24175
"2007-03-01",,,98.5313157937976,2.88706224,270960.928916918,468493.660235689,625836.359925528,2.25,1.979335,2.1,2.702,8870.87772727273,7074.59863636364,81.50950797166,1.21877
"2007-04-01",,,98.8559343489712,2.8365427,271192.685383514,468033.756637912,625738.461857861,2.25,2.066636,2.2,2.801,9250.70421052632,7433.98315789474,81.0780331941391,1.21223
"2007-05-01",,,98.9802202959605,2.78592182,270399.440470514,465925.994965728,626828.948079563,2.25,2.165807,2.22,3.032,9403.1485,7630.401,80.2837273537031,1.22204
"2007-06-01",,,99.1561497770942,2.73152591,268574.649276969,461915.505014058,627264.645380512,2.5,2.418879,2.432,3.194,9253.56666666667,7539.71952380952,79.8914775559569,1.23363
"2007-07-01",,,99.289874688487,2.708217,264992.893111478,456655.355337545,625988.663453931,2.5,2.490651,2.476,3.108,9111.73227272727,7454.03681818182,79.6561276773092,1.20891
"2007-08-01",,,99.3076988665719,2.6829319,262120.165958642,451210.974326832,624531.886098795,2.5,2.3134,2.476,3.049,8700.275,7095.91318181818,80.2445023739285,1.20283
"2007-09-01",,,99.3859054499355,2.65640534,263751.330297719,452726.378218391,631018.809761066,2.75,2.209981,2.008,3.056,8831.7305,7177.631,79.9503150256188,1.18291
"2007-10-01",,,99.7607473573897,2.64969136,263616.427440095,451515.426992774,630902.215576066,2.75,2.118889,1.896,2.987,9037.89739130435,7370.74,79.4698090233797,1.17462
"2007-11-01",,,100.234347698183,2.6310949,267282.682563532,453967.481823846,636131.808362731,2.75,2.115592,2.052,2.906,8538.71454545455,6964.63272727273,81.1466769087447,1.12383
"2007-12-01",,,100.608473871256,2.59861444,268877.973656417,454929.821824848,640240.76755148,2.75,1.873853,2.044,3.111,8638.76823529412,7027.22176470588,80.4504335177452,1.13819
"2008-01-01",,,100.80906586859,2.57644563,265228.140740788,449389.78931815,638441.005681833,2.75,2.241335,2.085,2.939,7871.34666666667,6391.32047619048,82.3136200570397,1.09977
"2008-02-01",,,100.745058581931,2.54649875,264543.845215742,448318.78723128,638900.433309944,2.75,2.240998,2.104,3.059,7543.50333333333,6174.19857142857,82.4803262210818,1.09118
"2008-03-01",,,101.104533793542,2.53190534,268565.6384023,451514.82330886,645322.67489113,2.75,1.894609,1.585,3.033,7174.10842105263,5914.56684210526,85.4516184390093,1.01141
"2008-04-01",,,101.120327255112,2.52800363,269714.055923494,452703.272163659,653784.327123624,2.75,1.850478,1.502,3.242,7413.25227272727,6138.57090909091,84.9122749671082,1.01305
"2008-05-01",,,101.79586879679,2.50504942,265336.018069667,448271.592433825,649047.265264713,2.75,1.796851,1.485,3.284,7570.7125,6362.064,83.2452133266869,1.04393
"2008-06-01",,,102.048988927522,2.49595388,261751.054537035,443754.407684788,644293.421851122,2.75,1.860357,1.788,3.29,7222.88666666667,6094.25714285714,83.5197881851092,1.03813
"2008-07-01",,,102.325490049156,2.50076767,258138.735228514,438554.81955298,639087.133441894,2.75,1.955679,1.413,3.166,6860.3347826087,5749.84608695652,82.9608322233209,1.02626
"2008-08-01",,,102.189475265796,2.5131062,260393.23941365,440045.636172347,642583.745617354,2.75,1.933609,1.521,2.942,7170.5645,5998.2665,81.5389267064909,1.08513
"2008-09-01",,,102.295019465996,2.55483422,262253.978609575,441898.122135999,642848.397460612,2.75,1.666335,0.004,2.669,6953.78818181818,5834.06681818182,82.1469138929975,1.11042
"2008-10-01",,,102.390610196323,2.61918709,275440.439949655,455685.019968397,648158.186969478,2.5,0.522862,0,2.764,6052.26347826087,5012.97652173913,85.4123934592346,1.14107
"2008-11-01",,,101.69561761656,2.71014252,297591.682729914,484280.223732534,649418.74563637,1,0.03909,0.348,2.226,5759.5035,4741.9955,84.7455688030661,1.19032
"2008-12-01",,,101.337422186568,2.82410283,325874.792037554,525441.219751833,655324.743815943,0.5,0.019608,0,2.148,5582.47736842105,4595.03578947368,85.2849122749671,1.14641
"2009-01-01",,,100.941135618806,2.96228415,341901.804042354,550568.489843354,661781.18249894,0.5,0.080879,0,2.221,5473.903,4518.349,87.3834486929093,1.13004
"2009-02-01",,,100.967689718695,3.11097982,356483.536273731,572986.490732293,666287.541892126,0.5,0.035864,0,2.174,5000.033,4154.1365,86.9323614255011,1.16563
"2009-03-01",,,100.629243461785,3.27938671,368463.144619207,590488.905117761,670702.328691282,0.375,0.031394,0,2.175,4684.73363636364,3933.97,86.4028241985438,1.17284
"2009-04-01",,,100.801126478328,3.43193341,375489.370761735,602728.648418888,675555.511672628,0.375,0.03359,0,2.196,5090.534,4315.3465,86.196893054727,1.148465
"2009-05-01",,,100.821912500429,3.55752285,375534.919881214,605975.429247824,675001.258312705,0.375,0.034996,0,2.536,5377.78368421053,4629.24894736842,86.7558490165154,1.10831578947368
"2009-06-01",,,101.112473524924,3.81723988,376844.46849242,609505.62036524,682270.756290447,0.375,0.020048,0,2.478,5399.91857142857,4660.2,87.1186800794306,1.08176666666667
"2009-07-01",,,101.12068304569,3.93989037,382881.195389584,618380.097797709,686130.32623893,0.375,0.016977,0,2.192,5548.03217391304,4772.47217391304,86.4616616682057,1.0793347826087
"2009-08-01",,,101.342084572768,4.02846424,384653.90140315,621666.827752743,688804.857616212,0.375,0.018446,0,2.124,6041.23,5197.00380952381,86.255730524389,1.06858571428571
"2009-09-01",,,101.312195657579,4.10376216,386749.391879024,626669.551363671,690791.835585235,0.375,0.024256,0,2.155,6238.64818181818,5383.61363636364,87.1579050592052,1.04064545454545
"2009-10-01",,,101.552983468354,4.12643768,389898.169360316,632527.019475468,695452.3618283,0.375,0.045043,0,2.207,6327.59,5455.50727272727,87.9718233895286,1.02175909090909
"2009-11-01",,,101.744650005386,4.12327071,392952.956594854,636752.418311208,702966.359318127,0.375,0.043573,0,2.002,6334.74666666667,5455.34619047619,88.2169795131199,1.012475
"2009-12-01",,,101.65127609052,4.09410923,393456.75904067,638858.932496264,700673.861760048,0.375,0.031984,0,1.972,6475.963,5563.7705,87.7266672659372,1.02784285714286
"2010-01-01",,,101.974492861711,3.70818287,398189.742453113,645070.94766543,704431.203428856,0.375,0.027068,0,2.01,6551.2135,5657.775,88.3836856771621,1.03455
"2010-02-01",,,101.893770052022,3.70135874,399608.920092979,648583.0182559,708321.730373114,0.375,0.037635,0,1.931,6515.449,5614.6265,87.4520924075149,1.07210555555556
"2010-03-01",,,101.959939111627,3.6919669,404411.421248878,655170.809838297,714169.818787309,0.375,0.052509,0,1.941,6855.68869565217,5963.13739130435,87.6972485311062,1.06711304347826
"2010-04-01",,,102.211180866573,3.65675904,408259.849842193,661415.72109647,717090.880014308,0.375,0.027666,0,1.865,6807.594,6006.876,88.3836856771621,1.069355
"2010-05-01",,,101.979405205011,3.62897676,417338.688133774,672640.298924312,728425.155218173,0.375,0.016089,0,1.573,6372.3352631579,5627.74684210526,87.4226736726839,1.1267
"2010-06-01",,,101.647299826288,3.5916407,423599.938782409,681025.785793828,735415.203155637,0.375,0.059386,0,1.509,6362.58090909091,5595.93136363636,88.7170980052463,1.12828181818182
"2010-07-01",,,101.551768383089,3.53600674,423180.225561646,682593.728533119,735054.454760992,0.375,0.079548,0,1.5,6170.14,5455.00818181818,91.4530403445261,1.05329047619048
"2010-08-01",,,101.616511337251,3.47736554,423436.056023296,683923.407290653,736627.905025442,0.375,0.318768,0.158,1.192,6272.31181818182,5545.34,91.4922653243007,1.04035454545455
"2010-09-01",,,101.521423477785,3.40243897,425122.09907857,687661.517245808,740158.52034286,0.375,0.093595,0.079,1.372,6385.58272727273,5642.69681818182,93.6888641916794,1.00206842105263
"2010-10-01",52680.6185828929,101.966488992096,101.753715106858,3.32172924,426411.667511828,690207.814403187,742790.603366914,0.375,0.058606,0,1.458,6422.49047619048,5705.68523809524,93.0318457804545,0.96801
"2010-11-01",52300.3861842459,102.191472865255,102.013266909181,3.25489909,429222.887914722,694407.605113846,749453.250251414,0.375,0.15866,0.04,1.558,6513.48409090909,5801.21636363636,92.5513397782154,0.982138888888889
"2010-12-01",52797.8554235312,102.130047383136,102.21868623534,3.19979717,429940.61915092,696744.555202031,753692.016583966,0.375,0.050282,0.04,1.674,6517.89904761905,5847.40619047619,95.5618569759175,0.9709
"2011-01-01",52844.5856644252,101.844706401442,102.23969266737,3.12785471,432028.392012751,699528.336632934,756455.994258871,0.375,0.10152,0.079,1.818,6545.32,5869.65714285714,95.6108882006358,0.956265
"2011-02-01",52817.6742386595,101.853278420287,102.407459362915,3.06241252,437010.567852493,706371.148964623,763338.817508925,0.375,0.078858,0.079,1.897,6624.1015,5948.5,94.7577448905378,0.9511
"2011-03-01",52805.5573299953,102.326581937186,102.908258996808,3.00434963,438847.685143718,709781.360964978,765275.103107551,0.375,0.083753,0.079,1.931,6346.51956521739,5760.07434782609,96.2777128568043,0.919165217391304
"2011-04-01",52891.87923459,102.045234023185,102.526661130726,2.84880586,442574.665306275,715136.070225734,769315.903264183,0.375,0.030437,0.119,2.083,6423.32421052632,5879.56894736842,96.0129442433256,0.898205555555556
"2011-05-01",53452.5893006526,101.959623542231,102.402943761388,2.76078622,442751.117760397,716972.979263316,774455.886551867,0.375,0.02816,0.08,1.849,6509.95681818182,5994.28545454545,98.8567552769856,0.875090476190476
"2011-06-01",53095.5779874074,101.997637631105,102.279693917721,2.74563435,441741.264933676,717754.304688878,776014.880123408,0.375,0.07111,0.079,1.739,6187.7735,5689.2245,102.426228436476,0.840257894736842
"2011-07-01",53314.1359817808,101.835576702903,102.029075816018,2.71998027,442399.328845095,720651.100808037,780986.113858232,0.375,0.05025,0,1.436,6029.14714285714,5537.11476190476,104.054065097123,0.82339
"2011-08-01",52200.3080687678,101.872305446228,101.778625780129,2.71831472,464123.58703731,743301.418916163,794987.838888957,0.125,-0.009758,-0.75,1.133,5258.56181818182,4801.20727272727,109.094474998161,0.780840909090909
"2011-09-01",53321.9164538415,101.998464381968,101.919534558111,2.71664917,470836.941357853,752389.567494694,798927.220036864,0.125,0.008339,-0.652,1.003,5426.41545454545,4938.14045454545,100.533623162351,0.877715714285714
"2011-10-01",52841.6298928157,101.941238753186,101.634513284477,2.74452399,474020.319086658,757578.376995365,803653.735444004,0.125,0.002873,-0.051,1.082,5693.60142857143,5157.13047619048,97.9447744972257,0.89639
"2011-11-01",52945.2282524829,101.912514713136,101.502403685246,2.77871401,471936.880823503,756860.113944859,804328.384251924,0.125,0.02014,-0.316,0.945,5578.19363636364,5067.80954545455,97.2779498410571,0.906455
"2011-12-01",53186.1007221515,101.966872615107,101.513480438153,2.80816184,480368.714671952,765503.972703781,811066.7757917,0.125,0.018136,-0.47,0.74,5793.92285714286,5229.23666666667,96.1208129377058,0.931628571428571
"2012-01-01",53323.3362626677,101.899815039511,101.427506312554,2.81732236,482816.463354153,769263.610453965,814688.976469344,0.125,-0.012948,-0.051,0.735,6054.39285714286,5463.38952380952,95.9835255084947,0.937285
"2012-02-01",53436.8277674324,102.043541696573,101.513626476561,2.83048482,483760.962889971,772536.55235305,815819.563029047,0.125,-0.001064,-0.099,0.72,6165.72571428571,5595.82761904762,96.6405439197195,0.912525
"2012-03-01",53350.2842159498,102.515667480269,101.861068576159,2.82382262,484201.55906569,774728.48329737,818373.547555692,0.125,0.007232,-0.099,0.854,6225.69909090909,5702.65545454545,96.6503501646632,0.913572727272727
"2012-04-01",53952.5805556869,102.281465439712,101.575875202434,2.83906702,484797.038848859,777469.98287866,821478.959818436,0.125,-0.017135,-0.158,0.735,6151.18578947368,5679.88578947368,96.5522877152267,0.912963157894737
"2012-05-01",53109.8705161576,102.27032071063,101.423886589733,2.85664782,487007.573338558,781756.295778025,825842.840324868,0.125,0.016374,-0.62,0.61,5921.91,5534.4275,95.8952693040018,0.93817
"2012-06-01",53508.4364077455,101.895408213575,101.234980691553,2.86957896,501839.07365207,800304.422780106,844948.702675396,0.125,0.027838,-0.849,0.678,5917.50238095238,5506.29952380952,95.3068946073825,0.958338095238095
"2012-07-01",53549.2681327887,101.673660543476,101.27464194603,2.89180941,509837.81344912,810917.541262288,855227.233556524,0.125,-0.057817,-0.616,0.561,6227.14136363636,5769.89545454545,94.0222765197637,0.978014285714286
"2012-08-01",53643.1123944601,101.608463453611,101.279627440102,2.91998495,515834.299451092,818856.953666098,862116.588837501,0.125,-0.023866,-0.352,0.569,6468.14,5976.28,93.7182829265104,0.968281818181818
"2012-09-01",54090.5588304212,101.816020654873,101.411282112083,2.94230793,522131.056970903,826812.237567389,870152.186352107,0.125,0.022813,-0.221,0.599,6523.977,6038.449,94.1301452141439,0.939568421052632
"2012-10-01",53912.0674898753,102.173386523947,101.403186257657,2.99104837,524751.814287609,830556.450471079,876209.330907042,0.125,-0.027541,-0.221,0.597,6661.68043478261,6147.42608695652,94.267432643355,0.932245
"2012-11-01",54071.1282863475,102.055813083105,101.142995495381,3.03194685,526990.232373639,834260.396602394,879975.986391634,0.125,0.04,-0.198,0.53,6691.57545454545,6160.65636363636,94.1203389692002,0.939345
"2012-12-01",53822.9986175272,102.0475937375,101.096408472647,3.06294457,535954.812559088,845461.043087947,891008.252996575,0.125,0.032766,-0.217,0.557,6901.33941176471,6350.94176470588,94.2282076635804,0.921905263157895
"2013-01-01",53551.1943515899,101.978061505443,101.154289240479,3.09322517,535722.308886677,845758.083415658,890206.654944234,0.125,-0.028182,-0.087,0.789,7282.00523809524,6700.18238095238,93.5809954972992,0.924585
"2013-02-01",54306.0552959355,101.957937334956,101.275124259903,3.10472209,539484.040732799,850598.950825026,893956.817761172,0.125,-0.035067,-0.103,0.721,7476.983,6885.622,93.8751828456088,0.920436842105263
"2013-03-01",54400.0479626146,102.003647705068,101.219823470259,3.10546233,541403.090765139,855017.650405433,896731.787789778,0.125,-0.017292,-0.123,0.747,7761.98,7191.1485,92.8357208815814,0.94621052631579
"2013-04-01",54213.2515627881,102.063787474822,100.993884240661,3.13053809,548025.930019613,862039.936927982,904560.912013079,0.125,-0.008163,-0.125,0.612,7757.70380952381,7241.23619047619,93.5221580276373,0.936173684210526
"2013-05-01",54612.9197434693,102.037469547262,100.951813717189,3.15487362,546026.187496038,861450.711990655,904811.91102949,0.125,-0.024285,-0.123,0.76,8132.265,7643.896,91.9531588366525,0.956363157894737
"2013-06-01",54798.5698028526,102.0765259469,101.117140062285,3.16433486,541907.753476475,857322.52192904,901536.471799044,0.125,0.004224,-0.134,1.06,7641.4915,7216.926,93.6104142321302,0.932905555555555
"2013-07-01",54982.1450705838,101.880984833596,101.224364722652,3.18624146,546592.549944145,862946.620518986,908350.560025182,0.125,-0.005746,-0.096,1.097,7873.14565217391,7437.24565217391,93.0514582703418,0.945035
"2013-08-01",54643.1480923699,101.764093433496,101.19944353908,3.17994938,551110.758973677,868247.4185206,913154.453169942,0.125,0.010574,-0.044,1.142,7945.70571428571,7525.85095238095,93.7967328860596,0.92683
"2013-09-01",54753.7260173363,101.832536942583,101.293059080364,3.19054412,550285.301331051,868558.222510139,913532.259664685,0.125,-0.001193,-0.082,1.11,8010.0919047619,7602.36095238095,93.6594454568484,0.92398
"2013-10-01",54249.2748351883,101.868522504976,101.131263044127,3.18987328,552399.846190135,870280.425242145,915882.551812288,0.125,-0.016479,-0.095,1.07,8052.46043478261,7651.98043478261,94.2576263984114,0.902833333333333
"2013-11-01",55209.266243769,101.902176401743,101.25247153146,3.2001673,556342.42579184,874401.22397856,919590.36090616,0.125,-0.033343,-0.103,1.031,8258.22666666667,7857.58238095238,94.1791764388622,0.913463157894737
"2013-12-01",55367.6376251726,101.813720088261,101.199989951425,3.20703768,554405.070120804,872793.77521629,920780.987775023,0.125,0.089315,-0.08,1.253,8020.97444444444,7653.84722222222,95.1107697085094,0.894026315789474
"2014-01-01",55007.1564705708,101.80990131818,101.222809772073,3.07919726,562515.961890956,881425.08271377,927373.668639659,0.125,-0.015391,-0.09,0.983,8329.42047619048,7954.48571428571,94.6008449714393,0.90338
"2014-02-01",55243.4777279507,101.624874771662,101.1440407489,3.06252781,565304.2909703,885424.029811184,932223.208754118,0.125,-0.02602,-0.102,0.951,8363.6025,7996.41,95.3265070972698,0.894463157894737
"2014-03-01",55097.8311976985,101.637951131829,101.19996117088,3.0559624,568743.083834206,890611.548353851,937381.781731908,0.125,-0.000316,-0.103,0.955,8312.96904761905,8057.01666666667,96.0717817129876,0.881268421052632
"2014-04-01",55133.6704938556,101.455046587431,101.079656206832,3.03998287,568514.374832857,891064.010566804,937896.873923251,0.125,-0.038873,-0.092,0.86,8411.25,8218.968,95.6305006905231,0.882319047619048
"2014-05-01",54795.6824061341,101.563792021711,101.203814235191,3.02473778,568368.52402383,892224.225162849,938918.636384834,0.125,-0.022355,-0.108,0.77,8590.6555,8461.0935,95.3461195871571,0.88747
"2014-06-01",56349.6440408703,101.229424319864,101.153032944896,3.03352875,566415.247491832,891735.832485083,937805.259914301,0.125,-0.036625,-0.134,0.714,8651.312,8543.4975,94.8754198298617,0.896142857142857
"2014-07-01",55392.5033458206,101.335954110169,101.208073083089,3.03346198,565699.248488306,891839.758811459,939776.129765273,0.125,-0.034751,-0.127,0.616,8562.85347826087,8472.50043478261,94.7087136658195,0.9092
"2014-08-01",55809.82859574,101.204391571102,101.236567973953,3.02616214,565570.131052169,892754.430258061,943126.112490985,0.125,0.006218,-0.04,0.529,8461.4875,8374.3655,94.3949138276226,0.910075
"2014-09-01",55624.4127649595,101.034178861024,101.173249367198,3.04240873,565509.173860511,893304.875391199,944420.556254095,0.125,0.01231,-0.099,0.589,8802.26272727273,8682.33818181818,93.5515767624682,0.9365
"2014-10-01",55890.6350740979,100.787019654062,101.11884077333,3.04294287,568572.421795383,896071.767338667,947040.457177916,0.125,-0.034484,-0.107,0.558,8502.38173913043,8370.60173913043,93.0906832501165,0.953240909090909
"2014-11-01",55853.9524368908,100.861434349041,101.216065115554,3.03321717,573876.004663681,901192.394164212,951704.176324069,0.125,-0.015032,-0.158,0.413,8944.4115,8798.071,93.5319642725809,0.964605555555555
"2014-12-01",55507.8627798114,100.700290022434,100.905876694996,3.03924844,568149.253931161,895911.44616372,951277.480615119,-0.25,0.003368,-0.356,0.375,9017.78842105263,8871.33105263158,93.3260331287642,0.975147619047619
"2015-01-01",56171.263891282,100.687176318188,100.74210332613,3.0387143,568603.746870612,897159.420279347,953731.715252695,-0.75,-0.678498,-1.101,-0.067,8561.435,8437.225,100.406141978083,0.941210526315789
"2015-02-01",55160.4174242634,100.49210841847,100.301847849218,3.06871487,570131.454555325,898464.473025222,953861.760900503,-0.75,-0.7561,-1.101,0.015,8738.6365,8628.6395,101.828047494913,0.936438888888889
"2015-03-01",55129.2238209547,100.4917877441,100.311846739535,3.10396775,573729.063417721,903766.778035874,957415.051011855,-0.75,-0.730568,-1.042,-0.001,9151.41227272727,9143.16909090909,99.7000923421399,0.980190476190476
"2015-04-01",55631.8398031588,99.9431082377018,99.9706493722154,3.13303358,567683.697578577,898058.899288008,952518.870236801,-0.75,-0.722648,-1.152,0.04,9294.6485,9353.614,100.82781051066,0.961913636363636
"2015-05-01",55905.0160837238,99.8831102716461,100.004968520867,3.15960678,567756.146152532,898996.180237381,953432.362354991,-0.75,-0.726401,-1.101,-0.031,9173.92055555556,9320.53888888889,102.122234843223,0.930184210526316
"2015-06-01",54945.2664578374,100.113791881867,100.089973752307,3.19120975,570399.658496532,901687.815477289,957245.783158926,-0.75,-0.727129,-1.05,0.101,9039.39272727273,9180.19136363636,102.151653578054,0.9322
"2015-07-01",55673.2487550691,99.9028514625342,99.8750656796987,3.20051259,569830.269071745,901622.278963418,957335.755957138,-0.75,-0.738677,-0.908,-0.035,9204.92782608696,9327.28782608696,100.71994181628,0.954122727272727
"2015-08-01",55568.21758359,99.8505392972703,99.7799937355476,3.21584671,569012.402734372,901209.518584937,956567.044547158,-0.75,-0.724588,-0.908,-0.124,9162.26476190476,9300.12523809524,99.2195863399008,0.967990476190476
"2015-09-01",55888.2187089209,99.7061483839139,99.7191285194974,3.23914833,569867.432720356,902433.461404098,957056.042022933,-0.75,-0.719895,-0.841,-0.1,8645.87136363636,8817.36409090909,98.6998553578871,0.972066666666667
"2015-10-01",56231.8573880334,99.5821881065555,99.7504278984811,3.25721989,553882.459135135,905529.094553573,960989.135530153,-0.75,-0.724732,-0.951,-0.272,8730.39636363636,8920.22681818182,98.7194678477744,0.969109523809524
"2015-11-01",56097.4026802976,99.677487986583,99.8336081534744,3.28212392,558083.055011974,908123.39250328,971162.128170051,-0.75,-0.72187,-1.27,-0.311,8918.49428571429,9141.45476190476,97.4642684949866,1.00725789473684
"2015-12-01",55303.352799669,99.6697018911698,99.6203864530285,3.28165655,560604.721000744,908895.163855756,967310.103057036,-0.75,-0.721086,-0.924,-0.039,8704.9152173913,8971.32043478261,98.1408993960988,0.995890909090909
"2016-01-01",55432.3020607231,99.7224562708495,99.478478709958,3.28653053,563463.813410021,911564.255877927,967393.152678061,-0.75,-0.723007,-0.841,-0.299,8325.15857142857,8592.2780952381,98.1016744163241,1.00701578947368
"2016-02-01",56560.8938066858,99.6631658613798,99.466947883935,3.30135276,566653.733936953,914196.46824774,969193.944785353,-0.75,-0.733788,-0.892,-0.453,7865.90142857143,8184.35380952381,97.964386987113,0.994195
"2016-03-01",56301.4906463511,99.6700454982664,99.4413204577799,3.32058161,573807.101642583,922746.017968991,974370.257004857,-0.75,-0.737954,-0.849,-0.387,7901.40217391304,8374.17173913044,98.0232244567749,0.983039130434783
"2016-04-01",56500.3801974318,99.7215792549595,99.6255021554187,3.32574491,574568.835051546,921908.383896701,975672.955732367,-0.75,-0.726368,-0.924,-0.245,7948.51952380952,8520.0180952381,98.533149193845,0.964257142857143
"2016-05-01",56507.2692927275,99.5659710917596,99.5502203009787,3.34297075,575168.61815247,921951.01598253,975303.630169726,-0.75,-0.729792,-0.951,-0.298,7994.8915,8646.114,97.4054310253246,0.977185714285714
"2016-06-01",56456.4586951207,99.6686709849339,99.6994031665406,3.34067843,579151.936163838,925976.131189046,979463.950290319,-0.75,-0.765593,-1.101,-0.508,7929.95227272727,8583.48545454545,98.5723741736196,0.970077272727273
"2016-07-01",56369.6463411207,99.5964094038815,99.6430613685829,3.33722881,583482.633545693,929733.398809731,983158.170657772,-0.75,-0.745432,-1.101,-0.543,8115.70095238095,8783.60095238095,98.2683805803663,0.982035
"2016-08-01",57101.6346007612,99.3837433386728,99.6055588786511,3.34713255,584594.507249677,931006.34374334,984359.775384131,-0.75,-0.731087,-1.12,-0.462,8180.81,8897.28545454545,98.2781868253099,0.970604347826087
"2016-09-01",56812.3813220181,99.2249828796205,99.5509240098883,3.34677646,587337.381725185,934327.490442186,986398.450424704,-0.75,-0.744965,-1.05,-0.522,8223.40090909091,8948.81590909091,97.8172933129581,0.973833333333333
"2016-10-01",56686.6860406165,99.0488110154573,99.5571893679767,3.3330225,589660.685271877,936807.714599027,989735.477487085,-0.75,-0.729412,-1.116,-0.362,8052.46952380952,8797.53476190476,97.6996183736343,0.98739
"2016-11-01",56385.4508736459,98.8817878017128,99.5336309783545,3.31715425,589488.433049389,936990.177726674,989835.557411756,-0.75,-0.728146,-1.05,-0.13,7820.11090909091,8559.87181818182,98.4841179691267,0.9958
"2016-12-01",56610.6210700376,98.8029954679846,99.6421816797984,3.29710194,595810.230472432,943849.888592509,997230.113838802,-0.75,-0.731921,-0.912,-0.135,8107.54380952381,8838.89666666667,97.5231059646485,1.0193
"2017-01-01",57211.6825360164,98.7851679390993,99.8349789658947,3.18722633,598101.852561282,946333.313919816,996810.189043408,-0.75,-0.732656,-0.88,-0.072,8352.26047619048,9113.01047619048,98.2291556005917,1.0086
"2017-02-01",55846.6347178556,99.0479233270765,100.093863853569,3.16753306,600798.99239281,949235.47775396,1000796.21340402,-0.75,-0.72986,-0.892,-0.213,8455.424,9256.3985,98.5233429489013,1.0017
"2017-03-01",56564.470968768,98.7360050298935,99.996355329223,3.15756778,603183.664895456,952714.573741729,1003501.78633352,-0.75,-0.737014,-0.912,-0.1,8649.10304347826,9562.09173913044,98.1310931511551,1.0021
"2017-04-01",56290.8831385951,98.6890088652726,100.058545650331,3.14522983,606342.065976557,955258.958214867,1007176.61854583,-0.75,-0.738899,-0.943,-0.096,8661.07611111111,9732.38111111111,97.650587148916,1.0008
"2017-05-01",56815.901952925,98.6212128449413,100.013252844979,3.13274088,613351.125909915,962071.312990374,1013740.27012243,-0.75,-0.734836,-0.9,-0.145,9031.75238095238,10251.4866666667,97.5427184545358,0.9867
"2017-06-01",56698.4813695099,98.7083154130404,99.8906648835636,3.11682233,617285.055502127,965673.388021455,1018601.2557897,-0.75,-0.734155,-0.939,-0.025,8957.01857142857,10195.849047619,98.160511885986,0.9682
"2017-07-01",57499.4153947657,99.0388553631809,99.9444989887854,3.10351373,619509.902642301,968521.375388186,1021154.94909473,-0.75,-0.732636,-0.9,0.06,8976.32142857143,10214.399047619,97.3760122904937,0.9607
"2017-08-01",57394.9150595123,99.3304876707729,100.033763076886,3.07769461,623362.796666418,972760.425829049,1024512.85580354,-0.75,-0.732305,-0.916,-0.114,8983.04772727273,10236.2977272727,95.1009634635657,0.9648
"2017-09-01",56939.598739912,99.5857656640977,100.216317084113,3.03820021,627639.526813639,976267.358284754,1028154.24075675,-0.75,-0.742996,-0.92,0.017,9032.04285714286,10307.5223809524,94.4635575422281,0.9622
"2017-10-01",56925.1200711989,99.4527729054586,100.231881911791,3.01020254,631885.521857048,978877.649977233,1030093.27757167,-0.75,-0.737404,-0.967,-0.029,9244.49,10568.6609090909,93.5613830074119,0.9817
"2017-11-01",57446.6146988476,99.3660819036229,100.364272904724,2.96762365,635777.40804843,980841.144037336,1031528.01194292,-0.75,-0.736376,-1.01,-0.053,9244.48090909091,10603.5454545455,92.6886272074266,0.9919
"2017-12-01",59262.2691123935,99.1564987192826,100.511641347194,2.93319816,637681.491302462,980835.434738969,1032486.82040134,-0.75,-0.746149,-1.05,-0.095,9360.20315789474,10720.6905263158,92.1688962254129,0.9869
"2018-01-01",57985.7501492739,99.1608476908247,100.57190771429,2.88885054,642556.149074003,986458.433184418,1035816.84400754,-0.75,-0.740278,-0.884,0.103,9501.43857142857,10908.7304761905,92.619983492821,0.9616
"2018-02-01",58622.779030825,99.179259541995,100.695404123774,2.84448135,645119.379357567,988699.650183853,1037152.87140136,-0.75,-0.759249,-0.892,0.116,8948.3465,10305.912,94.296851378186,0.9341
"2018-03-01",58557.2709007111,99.3593084004246,100.771531859962,2.70240072,644894.0470916,989173.753964282,1036031.87560196,-0.75,-0.73834,-0.92,0.054,8780.23,10200.9628571429,93.1299082298911,0.9471
"2018-04-01",58789.8871756991,99.6616106892768,100.858631980141,2.57311102,647427.46257239,990033.630898429,1039622.51569372,-0.75,-0.729806,-0.849,0.12,8761.4265,10315.6835,91.4334278546388,0.96756
"2018-05-01",59603.9765801063,99.8616186880908,101.009396675306,2.45063739,648254.548816343,991140.847308853,1042531.99381251,-0.75,-0.728226,-0.853,-0.008,8857.5325,10564.368,91.286334180484,0.99689
"2018-06-01",59838.2285399046,99.9024419878114,101.044145628226,2.48745713,648251.434078092,991051.929651367,1041352.32265226,-0.75,-0.730086,-0.864,-0.012,8559.91666666667,10290.5533333333,92.8553333714687,0.98954
"2018-07-01",59473.1679791335,99.9735331716075,101.15170897432,2.46306163,651330.039162825,994466.568041236,1045294.6009021,-0.75,-0.730823,-0.854,0.042,8875.10636363636,10608.9081818182,92.8063021467505,0.99462
"2018-08-01",59413.53071661,99.9688802674567,101.17672565449,2.44994715,655034.266245214,998733.125041403,1049768.61218678,-0.75,-0.731997,-0.849,-0.032,9060.54863636364,10806.4627272727,94.3066576231297,0.98857
"2018-09-01",59055.1132844464,100.047576400842,101.217888213597,2.42941265,658287.086701361,1001209.43337234,1051303.04002836,-0.75,-0.785767,-0.841,0.113,8962.912,10687.834,95.7089506500723,0.9679
"2018-10-01",59699.7305888186,100.166418683261,101.365602428971,2.40609564,663003.024664767,1006100.19303497,1055440.96154074,-0.75,-0.73731,-0.951,0.071,8863.7047826087,10472.8373913043,93.9536328051581,0.99346
"2018-11-01",59182.969200088,100.213127926193,101.333276735622,2.3929596,667436.321482074,1010213.69333421,1060395.98941837,-0.75,-0.732697,-0.987,-0.015,8942.20181818182,10494.6181818182,93.8947953354962,1.00105
"2018-12-01",59638.5412158333,100.084686439071,101.237250286232,2.3949656,671835.817811879,1014807.27221219,1065178.74392376,-0.75,-0.730971,-0.979,-0.154,8665.64411764706,10116.5164705882,94.4733637871718,0.99231
"2019-01-01",59491.5492616016,99.9915534851833,101.126989578431,2.39123401,674000.360043846,1017273.24759947,1070138.14295873,-0.75,-0.731819,-0.766,-0.21,8829.43285714286,10312.7523809524,94.2870451332424,0.9892
"2019-02-01",59573.8185406772,100.007484377796,101.244905573238,2.35984987,678136.989511396,1021771.0090145,1074176.72020996,-0.75,-0.738785,-0.781,-0.236,9209.6755,10766.1275,93.2279706793276,1.00153
"2019-03-01",59355.6086960912,100.078526144633,101.483493625989,2.326848,677901.005771676,1024025.37020679,1074516.6940914,-0.75,-0.737656,-0.778,-0.352,9402.64380952381,11124.9819047619,93.5123517826936,1.00062
"2019-04-01",59573.4119147346,99.8761658509427,101.583753869614,2.29837579,679877.672723009,1025984.4641404,1077289.38651906,-0.75,-0.73173,-0.801,-0.267,9597.8355,11473.6371428571,92.904364596187,1.00654
"2019-05-01",59463.904438083,99.7821148826848,101.659585619457,2.27234098,681632.755181913,1028045.09029238,1079424.68836982,-0.75,-0.73687,-0.806,-0.445,9598.06590909091,11604.1472727273,93.4535143130317,1.01077
"2019-06-01",60067.5701118724,99.6499356318459,101.658841161981,2.26589159,681923.138620041,1028796.19714231,1080481.29894759,-0.75,-0.74023,-0.801,-0.482,9826.041,11872.292,94.8558073399743,0.9889
"2019-07-01",59540.4367161848,99.5019474186802,101.441482817276,2.26269925,682491.051323424,1028685.78047871,1079934.89505786,-0.75,-0.74512,-0.918,-0.654,9915.1347826087,12011.2352173913,94.8263886051434,0.98737
"2019-08-01",59665.9257249924,99.5449161217062,101.449847131196,2.26181489,682926.846833385,1029069.04862343,1080114.86486999,-0.75,-0.74726,-0.951,-0.975,9747.45681818182,11863.4122727273,96.5915126950013,0.97886
"2019-09-01",60244.6225882228,99.5017365073973,101.384259453139,2.26423071,682072.335461776,1027209.91471932,1079421.55095287,-0.75,-0.74627,-0.801,-0.7,10008.450952381,12157.799047619,95.7089506500723,0.9905
"2019-10-01",60460.1765288553,99.3360138866482,101.134656042434,2.28372986,678743.223577786,1023266.64309859,1075192.13718774,-0.75,-0.73297,-0.924,-0.511,9999.8452173913,12132.2913043478,94.5714262366083,0.99361
"2019-11-01",60230.7650475743,99.4708231394617,101.236295236088,2.31062747,676091.34228858,1018765.01178005,1075622.85973411,-0.75,-0.7065,-0.829,-0.58,10361.2423809524,12507.1004761905,94.2772388882987,0.99306
"2019-12-01",59657.9826062303,99.6386453826466,101.425714720738,2.34520394,675297.141956527,1015497.18284114,1073375.78507245,-0.75,-0.65925,-0.751,-0.456,10489.8844444444,12689.0215789474,94.6694886860449,0.98355
"2020-01-01",60317.3845395622,99.320307585318,101.317564345068,2.36269046,673023.349001583,1011807.59839627,1070811.20879674,-0.75,-0.70191,-0.762,-0.698,10739.1185714286,13000.1157142857,95.8560443242272,0.97017
"2020-02-01",59598.3035832838,99.0834963912874,101.144598425856,2.34585434,677293.470985383,1014513.96411597,1074802.05698035,-0.75,-0.70741,-0.762,-0.832,10856.9625,13089.6255,96.3365503264662,0.97608
"2020-03-01",57117.084886494,98.9940158818735,100.940359638559,2.82553147,690307.950352199,1026031.61067819,1088914.12723874,-0.75,-0.66619,-0.75,-0.368,9086.47727272727,11064.23,98.7194678477744,0.95701
"2020-04-01",55312.4475256617,98.6615120114012,100.518488161444,3.31517106,698596.912028532,1035495.60421798,1098987.1091997,-0.75,-0.65946,-0.719,-0.487,9540.695,11722.0835,98.5919866635069,0.97097
"2020-05-01",53912.024122845,98.6548563129105,100.330522896138,3.51085288,704724.476630818,1042582.02246861,1106716.25806816,-0.75,-0.65962,-0.734,-0.471,9676.72736842105,12049.6926315789,98.5723741736196,0.97072
"2020-06-01",55481.9476266432,98.7054077010084,100.36694525228,3.5220117,712349.738958358,1050470.9594159,1114218.30576256,-0.75,-0.66239,-0.734,-0.439,10080.9523809524,12466.9857142857,97.9153557623947,0.95106
"2020-07-01",57781.3573274574,98.8947680860527,100.489250616869,3.47961688,715073.151407201,1053654.30315175,1120915.25246254,-0.75,-0.7037,-0.738,-0.529,10267.6426086957,12707.082173913,98.3762492747465,0.93462
"2020-08-01",59087.6280441688,98.9945203871229,100.521847707583,3.45547205,718618.29365429,1057588.9943445,1123609.43916934,-0.75,-0.70568,-0.746,-0.41,10195.9880952381,12674.839047619,99.101911400577,0.91007
"2020-09-01",59782.9253682638,99.0925817208427,100.586116624366,3.42143003,720750.982797513,1059848.80810871,1124702.10331351,-0.75,-0.71371,-0.746,-0.5,10340.0459090909,12851.5463636364,98.5919866635069,0.91437
"2020-10-01",59126.5115039684,99.1653658779665,100.58326158114,3.38512579,727445.352342458,1068391.07859707,1134186.06367153,-0.75,-0.71804,-0.79,-0.518,10094.5577272727,12605.5059090909,98.7390803376617,0.91277
"2020-11-01",59721.8139114434,99.1208398216006,100.571756771376,3.3555647,730801.046796136,1071459.81048698,1137848.60301054,-0.75,-0.72109,-0.805,-0.509,10411.0857142857,12921.9171428571,97.9153557623947,0.91087
"2020-12-01",58803.8241577482,99.3052537165394,100.631913592699,3.32689544,735202.963919003,1075993.79143448,1142631.71508204,-0.75,-0.726264,-0.782,-0.525,10446.199,13000.395,98.0428369466622,0.88887
"2021-01-01",59452.5799153304,99.4116003434674,100.756203869991,3.32515527,740088.983814203,1080812.8977995,1146090.29566527,-0.75,-0.725018,-0.774,-0.454,10843.3205,13468.5785,97.7388433534089,0.88663
"2021-02-01",59073.3062279145,99.4552151381642,100.590087431868,3.33398662,743851.16322231,1083819.23808552,1147438.81443626,-0.75,-0.725267,-0.758,-0.229,10768.6475,13444.9055,96.571900205114,0.89725
"2021-03-01",60501.3580192451,99.6972450379781,100.688528710685,3.30799287,746652.873016779,1087791.81044147,1150917.25931234,-0.75,-0.72334,-0.766,-0.267,10927.6230434783,13752.7834782609,94.3164638680733,0.92945
"2021-04-01",61952.9436028151,100.12895425521,100.864600060576,3.26738172,749097.49540426,1089851.6449398,1152408.63101869,-0.75,-0.725071,-0.778,-0.21,11158.9495,14288.643,94.6302637062703,0.92125
"2021-05-01",61368.4885079093,100.455707231987,100.900151153742,3.20045053,751655.436476784,1090156.99704069,1153906.26868363,-0.75,-0.725578,-0.774,-0.134,11170.2878947368,14365.5973684211,95.4834070163683,0.90282
"2021-06-01",61665.0239083155,100.541317952311,100.969170839808,3.08968888,754986.256148455,1091321.11897867,1156597.6976464,-0.75,-0.722566,-0.77,-0.2,11831.2472727273,15205.6422727273,95.1401884433403,0.9079
"2021-07-01",63208.4157981779,100.426699521968,101.148584064513,2.98408247,762318.337485173,1091697.29324711,1158258.51699898,-0.75,-0.721564,-0.782,-0.373,12016.3013636364,15453.6318181818,95.1892196680586,0.91801
"2021-08-01",63289.9660229203,100.479948457746,101.363571641247,2.87910688,761258.688354364,1090386.32602068,1159804.39902864,-0.75,-0.72305,-0.77,-0.347,12367.1836363636,15865.0122727273,95.7775943646779,0.91421
"2021-09-01",63030.5061220118,100.509020278497,101.547977154333,2.7623634,765231.519699016,1093824.36591632,1161674.95646891,-0.75,-0.672877,-0.75,-0.166,12004.6054545455,15521.005,94.551813746721,0.92233
"2021-10-01",62581.3175118317,100.647587520646,101.855582916335,2.64812141,766962.005382743,1095955.16199954,1162642.35572896,-0.75,-0.693678,-0.801,-0.046,11886.5357142857,15323.8438095238,94.9244510545799,0.92356
"2021-11-01",65107.3542554704,100.697576916736,102.137444705832,2.55158563,763954.407452078,1091919.36521957,1158692.12219187,-0.75,-0.680889,-0.849,-0.234,12399.1040909091,15938.7577272727,95.689338160185,0.92184
"2021-12-01",63278.4596031679,101.151429090592,102.200441010554,2.47582309,767392.312365727,1091723.1926866,1158373.12466047,-0.75,-0.68483,-0.813,-0.127,12606.3323809524,16088.089047619,96.1012004478185,0.9209
"2022-01-01",63860.8556294623,101.74616242478,102.414703147614,2.40425871,772890.317736166,1093988.87967064,1158577.50567977,-0.75,-0.696923,-0.79,0.045,12499.92,15874.7595238095,95.6697256702977,0.91868
"2022-02-01",65319.4412195075,102.195033254923,102.706866318817,2.35292377,772767.891694828,1093631.21375879,1158383.70224994,-0.75,-0.698075,-0.765,0.263,12112.308,15318.911,94.9734822792982,0.92266
"2022-03-01",64705.7944577301,102.842901862611,103.100872295018,2.29954414,777845.918632739,1095493.03498493,1158888.71799732,-0.75,-0.701726,-0.782,0.677,11846.69,15074.4273913043,95.3265070972698,0.92967
"2022-04-01",65275.1396766921,103.185660032542,103.441338327067,2.25521338,776101.712341034,1093376.42628322,1153458.02266688,-0.75,-0.701592,-0.75,0.824,12277.7142105263,15716.7310526316,94.5125887669464,0.94391
"2022-05-01",65864.1605807104,103.490956654341,103.875205440281,2.20390019,777777.533087203,1093971.56157937,1157469.38856342,-0.75,-0.692302,-0.75,0.779,11628.3038095238,14932.619047619,92.9141708411307,0.98024
"2022-06-01",67016.1097135575,103.687685697981,104.384917668469,2.16111383,777636.364703645,1092808.88609958,1155555.9714647,-0.25,-0.195447,-0.245,1.149,10920.36,14046.5004761905,93.8065391310033,0.96962
"2022-07-01",65339.9189913636,103.759477856753,104.606642447872,2.11919755,780530.752132982,1094285.48790596,1156325.75903655,-0.25,-0.18865,-0.079,0.52,10996.2466666667,14189.1285714286,95.8364318343398,0.96954
"2022-08-01",66619.5594059853,103.688639664184,104.8290282903,2.08124015,782598.582678016,1094611.69788137,1158037.96201281,-0.25,-0.200623,0,0.786,11081.2977272727,14336.8227272727,97.3269810657754,0.95717
"2022-09-01",67206.4050468911,103.652950691121,104.86031859425,2.05039568,777665.117253392,1088198.12096748,1162243.48687797,0.5,0.43653,0.495,1.163,10566.88,13557.7240909091,96.9347312680292,0.97293
"2022-10-01",66710.7590150092,103.905452143247,104.926443098754,2.02398864,766318.667182367,1077002.56862959,1161164.37259198,0.5,0.470718,0.432,1.12,10487.2661904762,13408.5552380952,94.9440635444672,0.99564
"2022-11-01",66543.46722877,104.153113045479,105.178810321287,1.99980032,767500.22566793,1076473.36938734,1168499.25831249,0.5,0.459251,0.491,1.055,10985.935,14043.1881818182,95.43437579165,0.96588
"2022-12-01",66637.9722416408,103.913414863964,105.125806104534,1.98072373,749543.224960757,1057262.10824927,1159614.29214699,1,0.942118,0.868,1.565,10947.6452380952,13980.4252380952,96.0423629781566,0.93205
"2023-01-01",66356.7138354225,104.248505850544,105.782339684997,1.97750442,733912.634809218,1042953.21573098,1157824.02988017,1,0.946142,1.131,1.257,11276.7323809524,14466.009047619,95.6108882006358,0.92411
"2023-02-01",66757.1108772208,104.312338427845,106.127066084521,1.96845555,723297.289952904,1035889.35658553,1160831.04513508,1,0.937929,1.186,1.446,11232.119,14469.2175,96.2973253466916,0.92427
"2023-03-01",67806.0323960467,104.106577946541,106.150675760651,1.95697045,702861.752779696,1014645.84172149,1152039.75448184,1.5,1.418617,1.091,1.227,10863.4104347826,14146.6460869565,96.1012004478185,0.92552
"2023-04-01",66428.8211126639,104.120915764918,106.09988162455,1.9632568,696560.65832275,1006065.48824145,1151278.11585032,1.5,1.419656,1.306,1.08,11313.5322222222,14842.5622222222,97.140662411846,0.89768
"2023-05-01",66805.4852234487,104.075878714796,106.115788712312,1.97841801,682208.689078911,990575.831470872,1143587.04864204,1.5,1.441883,1.441,0.848,11470.226,15120.2995,98.1310931511551,0.89699
"2023-06-01",67043.8669227573,104.093702689041,106.164769247317,1.99310067,669515.108354764,978178.367833462,1140292.97109318,1.75,1.706544,1.649,0.966,11279.5445454545,14856.0040909091,98.1507056410424,0.90083
"2023-07-01",66070.9631073067,104.287706025779,106.273168898782,2.02257476,654051.743095374,964393.513168339,1138788.38171025,1.75,1.702332,1.696,0.979,11129.9638095238,14695.2538095238,99.8373797713511,0.87398
"2023-08-01",67372.5369352207,104.293658542066,106.438542822536,2.0443921,643166.931327669,950904.035391991,1132868.4719883,1.75,1.705343,1.728,0.952,11030.6481818182,14550.2290909091,100.249242058985,0.87859
"2023-09-01",67585.3155187225,104.334768446869,106.606910944661,2.07440999,635313.075060271,941797.769917608,1129236.55149067,1.75,1.714893,1.792,1.087,11015.7295238095,14476.889047619,99.1901676050698,0.89823
"2023-10-01",67162.5210510518,104.309451139409,106.717118064955,2.10766894,630213.062704828,936367.951234344,1131673.01090813,1.75,1.704967,1.569,1.046,10658.9081818182,13950.9463636364,99.4745487084358,0.90385
"2023-11-01",66931.867609717,104.338940033631,106.707880694922,2.14327711,625131.454693674,931333.412412469,1131810.90197732,1.75,1.701526,1.609,0.822,10697.1881818182,14042.6459090909,99.1509426252952,0.8918
"2023-12-01",67707.7882526213,104.713164801085,106.939183545402,2.18071246,618402.410483135,925632.943632245,1136611.51782995,1.75,1.695237,1.677,0.656,11092.6605263158,14502.9289473684,101.072966634252,0.86603
"2024-01-01",67875.5232888535,105.295499590232,107.142442207485,2.22247648,608952.680617035,916602.646834528,1134202.49062718,1.75,1.698236,1.625,0.83,11240.1733333333,14645.5376190476,102.190878557828,0.85893
"2024-02-01",68296.3073686186,105.650035212282,107.340420888223,2.24923155,603080.74086091,912757.836648944,1130299.15275012,1.75,1.697838,1.573,0.828,11307.5204761905,14767.6771428571,100.876841735378,0.87667
"2024-03-01",68410.4310124278,105.560601199446,107.26421980891,2.28847233,600339.250838208,912582.955583526,1134792.93787292,1.5,1.464207,1.589,0.639,11638.4115,15235.5685,98.78811156238,0.8879
"2024-04-01",68734.9891868046,105.615468493026,107.555087326327,2.32703879,600657.37987639,916276.512821791,1140929.00200695,1.5,1.444518,1.307,0.693,11405.2142857143,15116.8442857143,97.4838809848739,0.90975
"2024-05-01",68663.7970647445,105.558037679326,107.590294013194,2.37826496,596133.244485649,914134.900783016,1136232.07305561,1.5,1.450122,1.298,0.915,11772.668,15718.0665,97.0720186972404,0.90912
"2024-06-01",68445.7069374409,105.559549026463,107.56691735679,2.43823548,603996.754133252,924983.261531401,1142635.88771908,1.25,1.215794,1.234,0.559,12084.485,16051.7085,99.0332676859714,0.89391
"2024-07-01",70311.8347843136,105.593950695891,107.642399341091,2.48719944,599966.027834462,925298.912739812,1142782.0260244,1.25,1.21096,1.079,0.45,12184.8230434783,16190.7386956522,98.3860555196901,0.89181
"2024-08-01",68403.9377706406,105.741539519324,107.558472945537,2.53033384,603476.732218215,929663.122414422,1146405.34051922,,1.217226,0.888,0.451,12094.1571428571,16075.8652380952,,
"2024-09-01",68247.7477380158,105.74543160978,107.509486614411,2.57955882,609493.83529016,936130.297603446,1148891.87084763,,0.957401,0.84,0.41,12076.2542857143,16065.0380952381,,
"2024-10-01",,,107.390549235775,2.61808177,611475.635335526,940481.231507253,1147637.96747486,,0.949059,0.678,0.451,12127.1047826087,16157.6365217391,,
"2024-11-01",,,107.491727159388,2.64250937,617940.655437633,949413.445650257,1152231.42040638,,0.942743,0.559,0.289,11737.1323809524,15632.4733333333,,
"2024-12-01",,,107.614525101257,2.65645246,632762.837996525,968944.754792616,1158509.0016607,,0.451195,0.352,0.317,11670.7827777778,15553.3877777778,,
"2025-01-01",,,107.572831404285,2.67739973,634142.871115238,971583.007567287,1153742.35148087,,0.430306,0.157,0.383,12065.3523809524,16073.1085714286,,
"2025-02-01",,,107.674140767993,2.71996857,637616.423572642,977621.921037403,1156521.21665543,,0.428856,0.2,0.396,12797.592,16958.072,,
"2025-03-01",,,,,,,,,0.206315,0.178,0.514,12971.937,17130.086,,
