"date","pce_nom","gdp_nom","pce_defl","gdp_defl","cpi","ur","m1","m2","m4","m4_ex","policy","sonia_1d","gov_10y","gov_20y","ukx","asx","reer","rrppi","xr_usd","hfwh"
"1709-04-01",,,,,,,,,,,,,,,,1.78302072014587,,,,
"1709-07-01",,,,,,,,,,,,,,,,1.84696184510712,,,,
"1709-10-01",,,,,,,,,,,,,,,,1.74485477646917,,,,
"1710-01-01",,,,,,,,,,,,,,,,1.82942805776951,,,,
"1710-04-01",,,,,,,,,,,,,,,,1.82668673033596,,,,
"1710-07-01",,,,,,,,,,,,,,,,1.67655282118208,,,,
"1710-10-01",,,,,,,,,,,,,,,,1.5583152021478,,,,
"1711-01-01",,,,,,,,,,,,,,,,1.58794175127336,,,,
"1711-04-01",,,,,,,,,,,,,,,,1.5855275850731,,,,
"1711-07-01",,,,,,,,,,,,,,,,1.56846752696196,,,,
"1711-10-01",,,,,,,,,,,,,,,,1.68983768442658,,,,
"1712-01-01",,,,,,,,,,,,,,,,1.64308689758872,,,,
"1712-04-01",,,,,,,,,,,,,,,,1.67685767802736,,,,
"1712-07-01",,,,,,,,,,,,,,,,1.66273187674198,,,,
"1712-10-01",,,,,,,,,,,,,,,,1.75384049741508,,,,
"1713-01-01",,,,,,,,,,,,,,,,1.8098472441118,,,,
"1713-04-01",,,,,,,,,,,,,,,,1.87637430212138,,,,
"1713-07-01",,,,,,,,,,,,,,,,1.90336526349833,,,,
"1713-10-01",,,,,,,,,,,,,,,,1.87693076231017,,,,
"1714-01-01",,,,,,,,,,,,,,,,1.77953801648468,,,,
"1714-04-01",,,,,,,,,,,,,,,,1.82590371027487,,,,
"1714-07-01",,,,,,,,,,,,,,,,1.93858484724577,,,,
"1714-10-01",,,,,,,,,,,,,,,,1.98889683534431,,,,
"1715-01-01",,,,,,,,,,,,,,,,1.98951437664454,,,,
"1715-04-01",,,,,,,,,,,,,,,,2.04961917185562,,,,
"1715-07-01",,,,,,,,,,,,,,,,1.97254754160571,,,,
"1715-10-01",,,,,,,,,,,,,,,,1.92276055443265,,,,
"1716-01-01",,,,,,,,,,,,,,,,1.97794595264284,,,,
"1716-04-01",,,,,,,,,,,,,,,,2.08124142548344,,,,
"1716-07-01",,,,,,,,,,,,,,,,2.13317771424052,,,,
"1716-10-01",,,,,,,,,,,,,,,,2.2592503936591,,,,
"1717-01-01",,,,,,,,,,,,,,,,2.21364176114524,,,,
"1717-04-01",,,,,,,,,,,,,,,,2.34925936018813,,,,
"1717-07-01",,,,,,,,,,,,,,,,2.48753454362299,,,,
"1717-10-01",,,,,,,,,,,,,,,,2.5274032218661,,,,
"1718-01-01",,,,,,,,,,,,,,,,2.62890809424474,,,,
"1718-04-01",,,,,,,,,,,,,,,,2.57395561975312,,,,
"1718-07-01",,,,,,,,,,,,,,,,2.47313068447684,,,,
"1718-10-01",,,,,,,,,,,,,,,,2.49630653990752,,,,
"1719-01-01",,,,,,,,,,,,,,,,2.58288017849585,,,,
"1719-04-01",,,,,,,,,,,,,,,,2.52742324666273,,,,
"1719-07-01",,,,,,,,,,,,,,,,2.4767418703375,,,,
"1719-10-01",,,,,,,,,,,,,,,,2.57475713749083,,,,
"1720-01-01",,,,,,,,,,,,,,,,3.19638352584042,,,,
"1720-04-01",,,,,,,,,,,,,,,,6.06642124271016,,,,
"1720-07-01",,,,,,,,,,,,,,,,6.35315184139781,,,,
"1720-10-01",,,,,,,,,,,,,,,,3.31558552502595,,,,
"1721-01-01",,,,,,,,,,,,,,,,2.97247687374317,,,,
"1721-04-01",,,,,,,,,,,,,,,,2.63898582494991,,,,
"1721-07-01",,,,,,,,,,,,,,,,2.69782843003088,,,,
"1721-10-01",,,,,,,,,,,,,,,,2.41126075974371,,,,
"1722-01-01",,,,,,,,,,,,,,,,2.35522822384628,,,,
"1722-04-01",,,,,,,,,,,,,,,,2.29146854139143,,,,
"1722-07-01",,,,,,,,,,,,,,,,2.24249162090532,,,,
"1722-10-01",,,,,,,,,,,,,,,,2.29950993683999,,,,
"1723-01-01",,,,,,,,,,,,,,,,2.29365777487128,,,,
"1723-04-01",,,,,,,,,,,,,,,,2.33526232323011,,,,
"1723-07-01",,,,,,,,,,,,,,,,2.42866309007281,,,,
"1723-10-01",,,,,,,,,,,,,,,,2.5229092472787,,,,
"1724-01-01",,,,,,,,,,,,,,,,2.63037635751208,,,,
"1724-04-01",,,,,,,,,,,,,,,,2.6654410760627,,,,
"1724-07-01",,,,,,,,,,,,,,,,2.65374642674955,,,,
"1724-10-01",,,,,,,,,,,,,,,,2.71302329371896,,,,
"1725-01-01",,,,,,,,,,,,,,,,2.68822422602256,,,,
"1725-04-01",,,,,,,,,,,,,,,,2.81501644855594,,,,
"1725-07-01",,,,,,,,,,,,,,,,2.86382705669104,,,,
"1725-10-01",,,,,,,,,,,,,,,,2.78073830963936,,,,
"1726-01-01",,,,,,,,,,,,,,,,2.53112651378081,,,,
"1726-04-01",,,,,,,,,,,,,,,,2.5326851872523,,,,
"1726-07-01",,,,,,,,,,,,,,,,2.53651927289464,,,,
"1726-10-01",,,,,,,,,,,,,,,,2.34658547371334,,,,
"1727-01-01",,,,,,,,,,,,,,,,2.44585258026208,,,,
"1727-04-01",,,,,,,,,,,,,,,,2.69807529469341,,,,
"1727-07-01",,,,,,,,,,,,,,,,2.71862901687023,,,,
"1727-10-01",,,,,,,,,,,,,,,,2.66332566321179,,,,
"1728-01-01",,,,,,,,,,,,,,,,2.77970077067302,,,,
"1728-04-01",,,,,,,,,,,,,,,,2.75101549177275,,,,
"1728-07-01",,,,,,,,,,,,,,,,2.69843800259268,,,,
"1728-10-01",,,,,,,,,,,,,,,,2.66275506880525,,,,
"1729-01-01",,,,,,,,,,,,,,,,2.64639696803024,,,,
"1729-04-01",,,,,,,,,,,,,,,,2.71021793395583,,,,
"1729-07-01",,,,,,,,,,,,,,,,2.76590761636539,,,,
"1729-10-01",,,,,,,,,,,,,,,,2.80640552650276,,,,
"1730-01-01",,,,,,,,,,,,,,,,2.82672187442351,,,,
"1730-04-01",,,,,,,,,,,,,,,,2.86635367242214,,,,
"1730-07-01",,,,,,,,,,,,,,,,2.85524391244847,,,,
"1730-10-01",,,,,,,,,,,,,,,,2.88280418626053,,,,
"1731-01-01",,,,,,,,,,,,,,,,2.89628157528163,,,,
"1731-04-01",,,,,,,,,,,,,,,,2.92777222987579,,,,
"1731-07-01",,,,,,,,,,,,,,,,2.91810109592086,,,,
"1731-10-01",,,,,,,,,,,,,,,,2.84103556259243,,,,
"1732-01-01",,,,,,,,,,,,,,,,2.83758141739814,,,,
"1732-04-01",,,,,,,,,,,,,,,,2.78955792166681,,,,
"1732-07-01",,,,,,,,,,,,,,,,2.79443196176595,,,,
"1732-10-01",,,,,,,,,,,,,,,,2.77352224853759,,,,
"1733-01-01",,,,,,,,,,,,,,,,2.81804269695164,,,,
"1733-04-01",,,,,,,,,,,,,,,,2.80986005301912,,,,
"1733-07-01",,,,,,,,,,,,,,,,2.59482077033635,,,,
"1733-10-01",,,,,,,,,,,,,,,,2.29727343127814,,,,
"1734-01-01",,,,,,,,,,,,,,,,2.28756102354646,,,,
"1734-04-01",,,,,,,,,,,,,,,,2.34928871086424,,,,
"1734-07-01",,,,,,,,,,,,,,,,2.41168776823531,,,,
"1734-10-01",,,,,,,,,,,,,,,,2.4256875148608,,,,
"1735-01-01",,,,,,,,,,,,,,,,2.47512501641577,,,,
"1735-04-01",,,,,,,,,,,,,,,,2.4500924732299,,,,
"1735-07-01",,,,,,,,,,,,,,,,2.46940045438605,,,,
"1735-10-01",,,,,,,,,,,,,,,,2.67752544259021,,,,
"1736-01-01",,,,,,,,,,,,,,,,2.79807779623618,,,,
"1736-04-01",,,,,,,,,,,,,,,,2.83195288669267,,,,
"1736-07-01",,,,,,,,,,,,,,,,2.88360280015953,,,,
"1736-10-01",,,,,,,,,,,,,,,,2.86502848640457,,,,
"1737-01-01",,,,,,,,,,,,,,,,2.86156606594372,,,,
"1737-04-01",,,,,,,,,,,,,,,,2.90093364935227,,,,
"1737-07-01",,,,,,,,,,,,,,,,2.849198719381,,,,
"1737-10-01",,,,,,,,,,,,,,,,2.83889447146401,,,,
"1738-01-01",,,,,,,,,,,,,,,,2.81560027937854,,,,
"1738-04-01",,,,,,,,,,,,,,,,2.77738931203403,,,,
"1738-07-01",,,,,,,,,,,,,,,,2.77495961430236,,,,
"1738-10-01",,,,,,,,,,,,,,,,2.83357967761107,,,,
"1739-01-01",,,,,,,,,,,,,,,,2.79729119769803,,,,
"1739-04-01",,,,,,,,,,,,,,,,2.71579722849093,,,,
"1739-07-01",,,,,,,,,,,,,,,,2.60506683560869,,,,
"1739-10-01",,,,,,,,,,,,,,,,2.63426136101469,,,,
"1740-01-01",,,,,,,,,,,,,,,,2.65918636444536,,,,
"1740-04-01",,,,,,,,,,,,,,,,2.73074314935642,,,,
"1740-07-01",,,,,,,,,,,,,,,,2.70676406322467,,,,
"1740-10-01",,,,,,,,,,,,,,,,2.65110460004184,,,,
"1741-01-01",,,,,,,,,,,,,,,,2.71273668053097,,,,
"1741-04-01",,,,,,,,,,,,,,,,2.75477249517783,,,,
"1741-07-01",,,,,,,,,,,,,,,,2.74966077371987,,,,
"1741-10-01",,,,,,,,,,,,,,,,2.76213299281234,,,,
"1742-01-01",,,,,,,,,,,,,,,,2.74495593523242,,,,
"1742-04-01",,,,,,,,,,,,,,,,2.82777601898908,,,,
"1742-07-01",,,,,,,,,,,,,,,,2.88792597402179,,,,
"1742-10-01",,,,,,,,,,,,,,,,2.93559289900547,,,,
"1743-01-01",,,,,,,,,,,,,,,,2.96189570383678,,,,
"1743-04-01",,,,,,,,,,,,,,,,3.0505343322134,,,,
"1743-07-01",,,,,,,,,,,,,,,,3.04125591385464,,,,
"1743-10-01",,,,,,,,,,,,,,,,3.07820997503968,,,,
"1744-01-01",,,,,,,,,,,,,,,,2.95022718090423,,,,
"1744-04-01",,,,,,,,,,,,,,,,2.87966044218128,,,,
"1744-07-01",,,,,,,,,,,,,,,,2.95515460868845,,,,
"1744-10-01",,,,,,,,,,,,,,,,2.98826623766457,,,,
"1745-01-01",,,,,,,,,,,,,,,,2.95534675759936,,,,
"1745-04-01",,,,,,,,,,,,,,,,3.00776116885866,,,,
"1745-07-01",,,,,,,,,,,,,,,,2.85810932072061,,,,
"1745-10-01",,,,,,,,,,,,,,,,2.69459591750011,,,,
"1746-01-01",,,,,,,,,,,,,,,,2.51568785208817,,,,
"1746-04-01",,,,,,,,,,,,,,,,2.67403727465677,,,,
"1746-07-01",,,,,,,,,,,,,,,,2.87233176651566,,,,
"1746-10-01",,,,,,,,,,,,,,,,2.75494932113295,,,,
"1747-01-01",,,,,,,,,,,,,,,,2.75555049312956,,,,
"1747-04-01",,,,,,,,,,,,,,,,2.67683787805254,,,,
"1747-07-01",,,,,,,,,,,,,,,,2.67110753790057,,,,
"1747-10-01",,,,,,,,,,,,,,,,2.6312709402771,,,,
"1748-01-01",,,,,,,,,,,,,,,,2.56552834382509,,,,
"1748-04-01",,,,,,,,,,,,,,,,2.83518236503996,,,,
"1748-07-01",,,,,,,,,,,,,,,,2.85573751971192,,,,
"1748-10-01",,,,,,,,,,,,,,,,2.81750664404674,,,,
"1749-01-01",,,,,,,,,,,,,,,,2.83753166415871,,,,
"1749-04-01",,,,,,,,,,,,,,,,2.95971179883,,,,
"1749-07-01",,,,,,,,,,,,,,,,3.0643706690097,,,,
"1749-10-01",,,,,,,,,,,,,,,,2.98825384246625,,,,
"1750-01-01",,,,,,,,,,,,,,,,2.96382069233485,,,,
"1750-04-01",,,,,,,,,,,,,,,,2.95758036336445,,,,
"1750-07-01",,,,,,,,,,,,,,,,2.97727249555212,,,,
"1750-10-01",,,,,,,,,,,,,,,,2.99852018304227,,,,
"1751-01-01",,,,,,,,,,,,,,,,2.99038181613417,,,,
"1751-04-01",,,,,,,,,,,,,,,,3.06588107920814,,,,
"1751-07-01",,,,,,,,,,,,,,,,3.04686028291851,,,,
"1751-10-01",,,,,,,,,,,,,,,,3.08275213604188,,,,
"1752-01-01",,,,,,,,,,,,,,,,3.09728011453261,,,,
"1752-04-01",,,,,,,,,,,,,,,,3.15274417943264,,,,
"1752-07-01",,,,,,,,,,,,,,,,3.17537656114288,,,,
"1752-10-01",,,,,,,,,,,,,,,,3.18510018975882,,,,
"1753-01-01",,,,,,,,,,,,,,,,3.16778671025458,,,,
"1753-04-01",,,,,,,,,,,,,,,,3.14926725884916,,,,
"1753-07-01",,,,,,,,,,,,,,2.85885367743253,,3.11977707495119,,,,
"1753-10-01",,,,,,,,,,,,,,2.88001750023762,,3.10259736845288,,,,
"1754-01-01",,,,,,,,,,,,,,2.91743464138533,,3.05016038550733,,,,
"1754-04-01",,,,,,,,,,,,,,2.88469341537324,,3.06867631374745,,,,
"1754-07-01",,,,,,,,,,,,,,2.88705244425083,,3.0378930119351,,,,
"1754-10-01",,,,,,,,,,,,,,2.90561334809382,,2.99831872753358,,,,
"1755-01-01",,,,,,,,,,,,,,2.99184008962906,,2.89969098353626,,,,
"1755-04-01",,,,,,,,,,,,,,3.03810106891023,,2.85073071675687,,,,
"1755-07-01",,,,,,,,,,,,,,3.22882590242985,,2.72320299648389,,,,
"1755-10-01",,,,,,,,,,,,,,3.27750580272394,,2.65287300572259,,,,
"1756-01-01",,,,,,,,,,,,,,3.36294242374601,,2.55853744086234,,,,
"1756-04-01",,,,,,,,,,,,,,3.33969498968155,,2.50758521901932,,,,
"1756-07-01",,,,,,,,,,,,,,3.36452717840618,,2.46259897277257,,,,
"1756-10-01",,,,,,,,,,,,,,3.39142873125085,,2.46058205689051,,,,
"1757-01-01",,,,,,,,,,,,,,3.4019089333714,,2.48715856274668,,,,
"1757-04-01",,,,,,,,,,,,,,3.34424185756584,,2.51401039065246,,,,
"1757-07-01",,,,,,,,,,,,,,3.33383209515951,,2.52532905680158,,,,
"1757-10-01",,,,,,,,,,,,,,3.29671988451565,,2.54664794248593,,,,
"1758-01-01",,,,,,,,,,,,,,3.24988324400573,,2.60181613089403,,,,
"1758-04-01",,,,,,,,,,,,,,3.14317315248712,,2.62820071960002,,,,
"1758-07-01",,,,,,,,,,,,,,3.26853086470827,,2.52580664322202,,,,
"1758-10-01",,,,,,,,,,,,,,3.33034063092305,,2.48290983004292,,,,
"1759-01-01",,,,,,,,,,,,,,3.47671110573251,,2.44535019887848,,,,
"1759-04-01",,,,,,,,,,,,,,3.75030131766738,,2.34116973751668,,,,
"1759-07-01",,,,,,,,,,,,,,3.72500675166832,,2.32118977695116,,,,
"1759-10-01",,,,,,,,,,,,,,3.56946424055121,,2.41470245873261,,,,
"1760-01-01",,,,,,,,,,,,,,3.71376193117968,,2.36804355942533,,,,
"1760-04-01",,,,,,,,,,,,,,3.61118604442047,,2.39227279480181,,,,
"1760-07-01",,,,,,,,,,,,,,3.59830371397723,,2.4090139100717,,,,
"1760-10-01",,,,,,,,,,,,,,3.79697459653648,,2.3763870283425,,,,
"1761-01-01",,,,,,,,,,,,,,4.01166677523218,,2.29403064519336,,,,
"1761-04-01",,,,,,,,,,,,,,3.43890803074477,,2.49508230607505,,,,
"1761-07-01",,,,,,,,,,,,,,3.91337192917587,,2.39292490156576,,,,
"1761-10-01",,,,,,,,,,,,,,4.31602289374684,,2.15608924481787,,,,
"1762-01-01",,,,,,,,,,,,,,4.51532128002716,,2.00385761817486,,,,
"1762-04-01",,,,,,,,,,,,,,4.20704815457979,,2.06757270076149,,,,
"1762-07-01",,,,,,,,,,,,,,3.6926892029217,,2.29150667166536,,,,
"1762-10-01",,,,,,,,,,,,,,3.47316701038145,,2.55985054515183,,,,
"1763-01-01",,,,,,,,,,,,,,3.22781611303138,,2.80039642738591,,,,
"1763-04-01",,,,,,,,,,,,,,3.19721215330112,,2.80185617619081,,,,
"1763-07-01",,,,,,,,,,,,,,3.4811589111855,,2.62736940993945,,,,
"1763-10-01",,,,,,,,,,,,,,3.53167869424714,,2.53461588178656,,,,
"1764-01-01",,,,,,,,,,,,,,3.54001392540077,,2.56082718837312,,,,
"1764-04-01",,,,,,,,,,,,,,3.46506813038664,,2.54123043681538,,,,
"1764-07-01",,,,,,,,,,,,,,3.58784179427578,,2.5056512353786,,,,
"1764-10-01",,,,,,,,,,,,,,3.50865451013516,,2.61023388625527,,,,
"1765-01-01",,,,,,,,,,,,,,3.45202303168666,,2.6662795251056,,,,
"1765-04-01",,,,,,,,,,,,,,3.41406873888125,,2.72347924309908,,,,
"1765-07-01",,,,,,,,,,,,,,3.33619705359061,,2.84351454570068,,,,
"1765-10-01",,,,,,,,,,,,,,3.26976692316271,,2.86216871429898,,,,
"1766-01-01",,,,,,,,,,,,,,3.37404523014542,,2.83662009433093,,,,
"1766-04-01",,,,,,,,,,,,,,3.33190808583836,,2.9474536460634,,,,
"1766-07-01",,,,,,,,,,,,,,3.36951767154534,,3.12736097245684,,,,
"1766-10-01",,,,,,,,,,,,,,3.35204666610797,,3.17006453965775,,,,
"1767-01-01",,,,,,,,,,,,,,3.3692194936098,,3.27533653914827,,,,
"1767-04-01",,,,,,,,,,,,,,3.37396492939601,,3.38697791984396,,,,
"1767-07-01",,,,,,,,,,,,,,3.40928313171284,,3.47570586033358,,,,
"1767-10-01",,,,,,,,,,,,,,3.31129863253676,,3.58769914595335,,,,
"1768-01-01",,,,,,,,,,,,,,3.27451156662842,,3.65089479459623,,,,
"1768-04-01",,,,,,,,,,,,,,3.18447037387435,,3.72408907611136,,,,
"1768-07-01",,,,,,,,,,,,,,3.35378109473206,,3.64011128650296,,,,
"1768-10-01",,,,,,,,,,,,,,3.37906203914666,,3.63569791593449,,,,
"1769-01-01",,,,,,,,,,,,,,3.3914917545883,,3.63567320459765,,,,
"1769-04-01",,,,,,,,,,,,,,3.35831602814413,,3.54120313026449,,,,
"1769-07-01",,,,,,,,,,,,,,3.37101794376905,,3.44929951744123,,,,
"1769-10-01",,,,,,,,,,,,,,3.45887477119147,,3.31960092740281,,,,
"1770-01-01",,,,,,,,,,,,,,3.52495793219679,,3.24189591963641,,,,
"1770-04-01",,,,,,,,,,,,,,3.47518356737694,,3.31300019772487,,,,
"1770-07-01",,,,,,,,,,,,,,3.64256478085357,,3.18341860134484,,,,
"1770-10-01",,,,,,,,,,,,,,3.8256660423278,,2.88233226111952,,,,
"1771-01-01",,,,,,,,,,,,,,3.49113946482368,,3.21364066586922,,,,
"1771-04-01",,,,,,,,,,,,,,3.3932132118554,,3.32802277940226,,,,
"1771-07-01",,,,,,,,,,,,,,3.44502509117534,,3.27854125529091,,,,
"1771-10-01",,,,,,,,,,,,,,3.4320461496481,,3.28998946889429,,,,
"1772-01-01",,,,,,,,,,,,,,3.40434178832993,,3.28351731168424,,,,
"1772-04-01",,,,,,,,,,,,,,3.35044918220892,,3.25304247892074,,,,
"1772-07-01",,,,,,,,,,,,,,3.39771136470297,,3.15718155891748,,,,
"1772-10-01",,,,,,,,,,,,,,3.40441971338636,,2.93302877974809,,,,
"1773-01-01",,,,,,,,,,,,,,3.42055434112657,,2.84595139311661,,,,
"1773-04-01",,,,,,,,,,,,,,3.56016894910713,,2.73665769305228,,,,
"1773-07-01",,,,,,,,,,,,,,3.42092130159671,,2.79807580024931,,,,
"1773-10-01",,,,,,,,,,,,,,3.42532935982225,,2.73051097232101,,,,
"1774-01-01",,,,,,,,,,,,,,3.46322269340728,,2.70914614010016,,,,
"1774-04-01",,,,,,,,,,,,,,3.40268077855776,,2.80125711379813,,,,
"1774-07-01",,,,,,,,,,,,,,3.37873273683708,,2.81557641839258,,,,
"1774-10-01",,,,,,,,,,,,,,3.33679867808533,,2.82931210328499,,,,
"1775-01-01",,,,,,,,,,,,,,3.40766318929391,,2.90453825680764,,,,
"1775-04-01",,,,,,,,,,,,,,3.37395600744402,,2.86273136077272,,,,
"1775-07-01",,,,,,,,,,,,,,3.38678392360132,,2.84588606151678,,,,
"1775-10-01",,,,,,,,,,,,,,3.35512006950587,,2.9096824542004,,,,
"1776-01-01",,,,,,,,,,,,,,3.47497288226057,,2.88188883762863,,,,
"1776-04-01",,,,,,,,,,,,,,3.53121554578158,,2.84404634385914,,,,
"1776-07-01",,,,,,,,,,,,,,3.57855178030781,,2.85460477861272,,,,
"1776-10-01",,,,,,,,,,,,,,3.66040410377961,,2.86023830104178,,,,
"1777-01-01",,,,,,,,,,,,,,3.77199682076214,,2.8199134894297,,,,
"1777-04-01",,,,,,,,,,,,,,3.78352363565692,,2.81997734916644,,,,
"1777-07-01",,,,,,,,,,,,,,3.88177145839299,,2.72456748334074,,,,
"1777-10-01",,,,,,,,,,,,,,3.87285465885312,,2.71612318730206,,,,
"1778-01-01",,,,,,,,,,,,,,4.50305369324871,,2.40249972061979,,,,
"1778-04-01",,,,,,,,,,,,,,4.89127777959798,,2.24693414808047,,,,
"1778-07-01",,,,,,,,,,,,,,4.70627783881817,,2.31196318684911,,,,
"1778-10-01",,,,,,,,,,,,,,4.75858330997103,,2.31092092639573,,,,
"1779-01-01",,,,,,,,,,,,,,4.92010013726719,,2.31309301332859,,,,
"1779-04-01",,,,,,,,,,,,,,4.80825702523241,,2.39755872379986,,,,
"1779-07-01",,,,,,,,,,,,,,4.93531154793206,,2.30071541205821,,,,
"1779-10-01",,,,,,,,,,,,,,4.86498948541151,,2.32771697317669,,,,
"1780-01-01",,,,,,,,,,,,,,4.94139468923175,,2.38520774316166,,,,
"1780-04-01",,,,,,,,,,,,,,4.85332770743671,,2.38927208264829,,,,
"1780-07-01",,,,,,,,,,,,,,4.86513557559048,,2.41388830262634,,,,
"1780-10-01",,,,,,,,,,,,,,4.9317346774262,,2.37762275389091,,,,
"1781-01-01",,,,,,,,,,,,,,5.13200600645258,,2.29637942197185,,,,
"1781-04-01",,,,,,,,,,,,,,5.09921651310206,,2.33298807390307,,,,
"1781-07-01",,,,,,,,,,,,,,5.00204894204591,,2.2708922898806,,,,
"1781-10-01",,,,,,,,,,,,,,5.26044133864385,,2.32053560695686,,,,
"1782-01-01",,,,,,,,,,,,,,5.43055524185305,,2.22245189193584,,,,
"1782-04-01",,,,,,,,,,,,,,5.02445857405864,,2.2929784532569,,,,
"1782-07-01",,,,,,,,,,,,,,5.22546791767109,,2.23442296585399,,,,
"1782-10-01",,,,,,,,,,,,,,4.9359244020603,,2.33310923312554,,,,
"1783-01-01",,,,,,,,,,,,,,4.41177464447181,,2.55383800876186,,,,
"1783-04-01",,,,,,,,,,,,,,4.46128595507568,,2.53039462384283,,,,
"1783-07-01",,,,,,,,,,,,,,4.81559371952047,,2.45934930959248,,,,
"1783-10-01",,,,,,,,,,,,,,5.17703769637139,,2.29041022980328,,,,
"1784-01-01",,,,,,,,,,,,,,5.25627205607814,,2.25201938993399,,,,
"1784-04-01",,,,,,,,,,,,,,5.13577546929105,,2.23818001541866,,,,
"1784-07-01",,,,,,,,,,,,,,4.8121171940292,,2.22778077332315,,,,
"1784-10-01",,,,,,,,,,,,,,5.11131089774348,,2.23018364369476,,,,
"1785-01-01",,,,,,,,,,,,,,5.40182867045169,,2.2780667677978,,,,
"1785-04-01",,,,,,,,,,,,,,4.9206111091405,,2.31416148926274,,,,
"1785-07-01",,,,,,,,,,,,,,5.09270390488841,,2.39810029831853,,,,
"1785-10-01",,,,,,,,,,,,,,4.35436869831672,,2.69154201157511,,,,
"1786-01-01",,,,,,,,,,,,,,4.28850799304842,,2.79489246455125,,,,
"1786-04-01",,,,,,,,,,,,,,4.12246617444976,,2.80744093438308,,,,
"1786-07-01",,,,,,,,,,,,,,3.89637250508386,,2.97821808981715,,,,
"1786-10-01",,,,,,,,,,,,,,3.99179554476885,,2.92939579181573,,,,
"1787-01-01",,,,,,,,,,,,,,4.00056897233816,,2.95088071559744,,,,
"1787-04-01",,,,,,,,,,,,,,3.95124359339693,,2.99254191427715,,,,
"1787-07-01",,,,,,,,,,,,,,4.17932259335011,,2.90544647530383,,,,
"1787-10-01",,,,,,,,,,,,,,3.91772342762745,,3.05488474918661,,,,
"1788-01-01",,,,,,,,,,,,,,3.9757210153301,,3.08336142978101,,,,
"1788-04-01",,,,,,,,,,,,,,3.98276978588862,,3.15311473709501,,,,
"1788-07-01",,,,,,,,,,,,,,4.03364382861112,,3.10843675998646,,,,
"1788-10-01",,,,,,,,,,,,,,4.02730330279938,,3.08719126526169,,,,
"1789-01-01",,,,,,,,,,,,,,4.09188092114921,,3.08573882038905,,,,
"1789-04-01",,,,,,,,,,,,,,3.94355866752894,,3.1768252629059,,,,
"1789-07-01",,,,,,,,,,,,,,3.77576441510614,,3.30665180772353,,,,
"1789-10-01",,,,,,,,,,,,,,3.81777348388989,,3.26971860171659,,,,
"1790-01-01",,,,,,,,,,,,,,3.82007847103032,,3.27024278785334,,,,
"1790-04-01",,,,,,,,,,,,,,3.94306248878962,,3.07959869138558,,,,
"1790-07-01",,,,,,,,,,,,,,3.9678751668302,,3.10116499554452,,,,
"1790-10-01",,,,,,,,,,,,,,3.83930950593169,,3.15781543963916,,,,
"1791-01-01",,,,,,,,,,,,,,3.79095238735632,,3.18986118231593,,,,
"1791-04-01",,,,,,,,,,,,,,4.07721369234348,,3.15570103153674,,,,
"1791-07-01",,,,,,,,,,,,,,3.45044326510026,,3.49160874341201,,,,
"1791-10-01",,,,,,,,,,,,,,3.38585595389785,,3.53597231021836,,,,
"1792-01-01",,,,,,,,,,,,,,3.14753199222073,,3.85601929448644,,,,
"1792-04-01",,,,,,,,,,,,,,3.22583360059454,,3.7924423806372,,,,
"1792-07-01",,,,,,,,,,,,,,3.29497926508002,,3.764785751567,,,,
"1792-10-01",,,,,,,,,,,,,,3.64417080451038,,3.43868613509165,,,,
"1793-01-01",,,,,,,,,,,,,,3.99250926899556,,3.33610365177396,,,,
"1793-04-01",,,,,,,,,,,,,,3.87935317344603,,3.49243531690103,,,,
"1793-07-01",,,,,,,,,,,,,,3.93957691010026,,3.5052633065146,,,,
"1793-10-01",,,,,,,,,,,,,,4.03400664222603,,3.43609055218957,,,,
"1794-01-01",,,,,,,,,,,,,,4.47812463920201,,3.32745195452309,,,,
"1794-04-01",,,,,,,,,,,,,,4.29000616249254,,3.40665648931068,,,,
"1794-07-01",,,,,,,,,,,,,,4.5241561505228,,3.3295235461781,,,,
"1794-10-01",,,,,,,,,,,,,,4.47313287057403,,3.25462531716953,,,,
"1795-01-01",,,,,,,,,,,,,,4.80333511103997,,3.11285849695307,,,,
"1795-04-01",,,,,,,,,,,,,,4.49858582052583,,3.29771130683811,,,,
"1795-07-01",,,,,,,,,,,,,,4.43097991934852,,3.38190558221902,,,,
"1795-10-01",,,,,,,,,,,,,,4.34842132045604,,3.45500988472284,,,,
"1796-01-01",,,,,,,,,,,,,,4.38765618647784,,3.57320261029494,,,,
"1796-04-01",,,,,,,,,,,,,,4.62271757492023,,3.29477915279711,,,,
"1796-07-01",,,,,,,,,,,,,,4.93413126174236,,2.98635266736097,,,,
"1796-10-01",,,,,,,,,,,,,,5.33078280269111,,2.91786032442081,,,,
"1797-01-01",,,,,,,,,,,,,,5.14076127938226,,2.72632456974405,,,,
"1797-04-01",,,,,,,,,,,,,,6.00039216582675,,2.5216781442695,,,,
"1797-07-01",,,,,,,,,,,,,,5.8163023489272,,2.67006311696204,,,,
"1797-10-01",,,,,,,,,,,,,,6.08070353397644,,2.4983970268371,,,,
"1798-01-01",,,,,,,,,,,,,,6.10976259546504,,2.4861375413373,,,,
"1798-04-01",,,,,,,,,,,,,,6.11912474515357,,2.46159440453553,,,,
"1798-07-01",,,,,,,,,,,,,,5.98019801980198,,2.56629152119567,,,,
"1798-10-01",,,,,,,,,,,,,,5.51263833901577,,2.77006329074903,,,,
"1799-01-01",,,,,,,,,,,,,,5.61226368543927,,2.79672956309042,,,,
"1799-04-01",,,,,,,,,,,,,,5.2036777036777,,2.9486122507299,,,,
"1799-07-01",,,,,,,,,,,,,,4.72833189260338,,3.37638474318996,,,,
"1799-10-01",,,,,,,,,,,,,,4.81130139249797,,3.27352220690426,,,,
"1800-01-01",,,,,,,,,,,,,,4.81838238585151,,3.34752956308088,,,,
"1800-04-01",,,,,,,,,,,,,,4.68495348686666,,3.42948723817679,,,,
"1800-07-01",,,,,,,,,,,,,,4.57452560114157,,3.4976285513602,,,,
"1800-10-01",,,,,,,,,,,,,,4.73388785704793,,3.4200157324538,,,,
"1801-01-01",,,,,,,,,,,,,,5.25292886088832,,3.19599717327435,,,,
"1801-04-01",,,,,,,,,,,,,,4.88480649742701,,3.40698092687424,,,,
"1801-07-01",,,,,,,,,,,,,,5.06442193095965,,3.3701521936664,,,,
"1801-10-01",,,,,,,,,,,,,,4.40127701587266,,3.76190132898712,,,,
"1802-01-01",,,,,,,,,,,,,,4.31977871456925,,3.7745183558142,,,,
"1802-04-01",,,,,,,,,,,,,,3.94767382900722,,3.81928079753173,,,,
"1802-07-01",,,,,,,,,,,,,,4.3221585120216,,3.65729208081807,,,,
"1802-10-01",,,,,,,,,,,,,,4.31227150201994,,3.63003599719486,,,,
"1803-01-01",,,,,,,,,,,,,,4.42886115544004,,3.66092131855691,,,,
"1803-04-01",,,,,,,,,,,,,,4.73781393009189,,3.17017497697772,,,,
"1803-07-01",,,,,,,,,,,,,,5.67080219031637,,2.81168444079471,,,,
"1803-10-01",,,,,,,,,,,,,,5.48140144388688,,2.90315472126002,,,,
"1804-01-01",,,,,,,,,,,,,,5.36106460035759,,3.03480023743882,,,,
"1804-04-01",,,,,,,,,,,,,,5.32197561738043,,3.02150681365608,,,,
"1804-07-01",,,,,,,,,,,,,,5.2068677853795,,3.15700366144213,,,,
"1804-10-01",,,,,,,,,,,,,,5.12273971341343,,3.24704545830025,,,,
"1805-01-01",,,,,,,,,,,,,,5.08391230085645,,3.39414524240795,,,,
"1805-04-01",,,,,,,,,,,,,,5.08183398797107,,3.32705122070734,,,,
"1805-07-01",,,,,,,,,,,,,,5.12462278663689,,3.42305411767257,,,,
"1805-10-01",,,,,,,,,,,,,,4.98685901271965,,3.58529386392377,,,,
"1806-01-01",,,,,,,,,,,,,,4.96234114614879,,3.61983990695868,,,,
"1806-04-01",,,,,,,,,,,,,,4.87355723342618,,3.70400919138049,,,,
"1806-07-01",,,,,,,,,,,,,,4.73711567230282,,3.78371185870455,,,,
"1806-10-01",,,,,,,,,,,,,,4.97673147409762,,3.67401984723696,,,,
"1807-01-01",,,,,,,,,,,,,,4.82576758631822,,3.80234411863757,,,,
"1807-04-01",,,,,,,,,,,,,,4.71517623395,,3.91829729547977,,,,
"1807-07-01",,,,,,,,,,,,,,4.80652872381442,,3.79018109419533,,,,
"1807-10-01",,,,,,,,,,,,,,4.71557895208594,,3.74781752601839,,,,
"1808-01-01",,,,,,,,,,,,,,4.68774966097892,,3.74403627270959,,,,
"1808-04-01",,,,,,,,,,,,,,4.40251975083322,,3.898883481539,,,,
"1808-07-01",,,,,,,,,,,,,,4.50665229797415,,3.92749500157247,,,,
"1808-10-01",,,,,,,,,,,,,,4.49167635424247,,3.89615051823595,,,,
"1809-01-01",,,,,,,,,,,,,,4.46116037429691,,3.99915430989785,,,,
"1809-04-01",,,,,,,,,,,,,,4.38792644301257,,4.11188550322689,,,,
"1809-07-01",,,,,,,,,,,,,,4.40099116569705,,4.19685895748621,,,,
"1809-10-01",,,,,,,,,,,,,,4.28604231170853,,4.38350870196023,,,,
"1810-01-01",,,,,,,,,,,,,,4.39847692226991,,4.27088662140552,,,,
"1810-04-01",,,,,,,,,,,,,,4.25049287479105,,4.21113023599739,,,,
"1810-07-01",,,,,,,,,,,,,,4.48493536280233,,4.09094907193509,,,,
"1810-10-01",,,,,,,,,,,,,,4.50023653229417,,4.00986760875289,,,,
"1811-01-01",,,,,,,,,,,,,,4.58036493187588,,3.91034017254925,,,,
"1811-04-01",,,,,,,,,,,,,,4.66642705363436,,3.77983781044401,,,,
"1811-07-01",,,,,,,,,,,,,,4.740821372511,,3.48453798150306,,,,
"1811-10-01",,,,,,,,,,,,,,4.70906049024574,,3.44412853122693,,,,
"1812-01-01",,,,,,,,,,,,,,4.82929970585668,,3.45500799860897,,,,
"1812-04-01",,,,,,,,,,,,,,4.92127093115921,,3.42392380608887,,,,
"1812-07-01",,,,,,,,,,,,,,5.21916142749008,,3.26228600498436,,,,
"1812-10-01",,,,,,,,,,,,,,5.0818564247422,,3.15815396004203,,,,
"1813-01-01",,,,,,,,,,,,,,5.09208067671917,,3.13173239639994,,,,
"1813-04-01",,,,,,,,,,,,,,5.11827465215199,,3.17835868518009,,,,
"1813-07-01",,,,,,,,,,,,,,4.92903413428284,,3.12862397714793,,,,
"1813-10-01",,,,,,,,,,,,,,5.05055563504555,,3.13794923490396,,,,
"1814-01-01",,,,,,,,,,,,,,4.50767908365569,,3.28404493974843,,,,
"1814-04-01",,,,,,,,,,,,,,4.44225290379136,,3.38506856543874,,,,
"1814-07-01",,,,,,,,,,,,,,4.5521229472005,,3.30269545526048,,,,
"1814-10-01",,,,,,,,,,,,,,4.58385908320813,,3.22343076433423,,,,
"1815-01-01",,,,,,,,,,,,,,4.81433346857223,,3.21721392583021,,,,
"1815-04-01",,,,,,,,,,,,,,5.12967282650494,,3.11152767126188,,,,
"1815-07-01",,,,,,,,,,,,,,5.28649750357418,,2.97631143379945,,,,
"1815-10-01",,,,,,,,,,,,,,4.91132790237688,,2.94833566053136,,,,
"1816-01-01",,,,,,,,,,,,,,4.9020680599628,,2.92813093539329,,,,
"1816-04-01",,,,,,,,,,,,,,4.71604687975172,,2.82555310007697,,,,
"1816-07-01",,,,,,,,,,,,,,4.82712234409915,,2.67013213747648,,,,
"1816-10-01",,,,,,,,,,,,,,4.79076479076479,,2.60485533318427,,,,
"1817-01-01",,,,,,,,,,,,,,4.45519376372915,,2.64371057383439,,,,
"1817-04-01",,,,,,,,,,,,,,4.12384748275517,,2.81311942306893,,,,
"1817-07-01",,,,,,,,,,,,,,3.78656431948521,,3.06334717285572,,,,
"1817-10-01",,,,,,,,,,,,,,3.61276114598239,,3.33067122852857,,,,
"1818-01-01",,,,,,,,,,,,,,3.791431396799,,3.55292320504728,,,,
"1818-04-01",,,,,,,,,,,,,,3.78950720484038,,3.61353738046147,,,,
"1818-07-01",,,,,,,,,,,,,,3.98588323406589,,3.58400739756738,,,,
"1818-10-01",,,,,,,,,,,,,,3.82985980674296,,3.64306736335557,,,,
"1819-01-01",,,,,,,,,,,,,,3.98892899154323,,3.67415155587566,,,,
"1819-04-01",,,,,,,,,,,,,,4.04609903479723,,3.64462157298157,,,,
"1819-07-01",,,,,,,,,,,,,,4.2360602674186,,3.54981478579527,,,,
"1819-10-01",,,,,,,,,,,,,,4.47503978032094,,3.44879116010494,,,,
"1820-01-01",,,,,,,,,,,,,,4.39567116023412,,3.37263488843071,,,,
"1820-04-01",,,,,,,,,,,,,,4.30624164254186,,3.41770696758485,,,,
"1820-07-01",,,,,,,,,,,,,,4.4486413912675,,3.43014064459288,,,,
"1820-10-01",,,,,,,,,,,,,,4.35100365151844,,3.45500799860897,,,,
"1821-01-01",,,,,,,,,,,,,,4.16016508548623,,3.48764640075507,,,,
"1821-04-01",,,,,,,,,,,,,,3.98968126574158,,3.56069425317731,,,,
"1821-07-01",,,,,,,,,,,,,,3.9696562577137,,3.59954949382743,,,,
"1821-10-01",,,,,,,,,,,,,,3.87514354316734,,3.62597105746951,,,,
"1822-01-01",,,,,,,,,,,,,,3.84333337446324,,3.70523574839576,,,,
"1822-04-01",,,,,,,,,,,,,,3.79158950522364,,3.84511461473621,,,,
"1822-07-01",,,,,,,,,,,,,,3.71721457358341,,3.88707827463834,,,,
"1822-10-01",,,,,,,,,,,,,,3.7024973835775,,3.98343927145065,,,,
"1823-01-01",,,,,,,,,,,,,,4.07228262984804,,3.9383671922965,,,,
"1823-04-01",,,,,,,,,,,,,,3.80377229409835,,3.95390928855655,,,,
"1823-07-01",,,,,,,,,,,,,,3.64245098067221,,4.11399288003506,,,,
"1823-10-01",,,,,,,,,,,,,,3.60245066730359,,4.29583540627763,,,,
"1824-01-01",,,,,,,,,,,,,,3.25796842784097,,4.64086994325073,,,,
"1824-04-01",,,,,,,,,,,,,,3.18239465328434,,4.90819399892358,,,,
"1824-07-01",,,,,,,,,,,,,,3.22670245522369,,5.02786814012596,,,,
"1824-10-01",,,,,,,,,,,,,,3.17791045273951,,4.95482028770373,,,,
"1825-01-01",,,,,,,,,,,,,,3.22235181420354,,4.6315446854947,,,,
"1825-04-01",,,,,,,,,,,,,,3.34050603660392,,4.61711851174612,,,,
"1825-07-01",,,,,,,,,,,,,,3.38803468171149,,4.60773730244355,,,,
"1825-10-01",,,,,,,,,,,,,,3.59778221630037,,4.45920148848626,,,,
"1826-01-01",,,,,,,,,,,,,,3.81793668268367,,4.14805804661783,,,,
"1826-04-01",,,,,,,,,,,,,,3.86037243321894,,3.9291631628913,,,,
"1826-07-01",,,,,,,,,,,,,,3.83096622498158,,3.86349469777334,,,,
"1826-10-01",,,,,,,,,,,,,,3.72077727315265,,3.99795869777678,,,,
"1827-01-01",,,,,,,,,,,,,,3.703590464652,,4.01515758149815,,,,
"1827-04-01",,,,,,,,,,,,,,3.60743954690945,,4.04642827917337,,,,
"1827-07-01",,,,,,,,,,,,,,3.47107805434644,,4.07144483731355,,,,
"1827-10-01",,,,,,,,,,,,,,3.55704275286037,,4.12147795359389,,,,
"1828-01-01",,,,,,,,,,,,,,3.5839387850943,,4.07613544196483,,,,
"1828-04-01",,,,,,,,,,,,,,3.49949403966069,,4.13867683731526,,,,
"1828-07-01",,,,,,,,,,,,,,3.45541998742305,,4.12773209312894,,,,
"1828-10-01",,,,,,,,,,,,,,3.50359310683297,,4.14024037219903,,,,
"1829-01-01",,,,,,,,,,,,,,3.45900779406819,,4.07144483731354,,,,
"1829-04-01",,,,,,,,,,,,,,3.44361175497292,,4.03548353498704,,,,
"1829-07-01",,,,,,,,,,,,,,3.3972530050678,,4.0730083721973,,,,
"1829-10-01",,,,,,,,,,,,,,3.25871065457847,,4.19652762801442,,,,
"1830-01-01",,,,,,,,,,,,,,3.26890087912363,,4.14649451173407,,,,
"1830-04-01",,,,,,,,,,,,,,3.28687044186619,,4.3012844652264,,,,
"1830-07-01",,,,,,,,,,,,,,3.34882879176103,,4.32161041871529,,,,
"1830-10-01",,,,,,,,,,,,,,3.67260366043018,,4.08238958149987,,,,
"1831-01-01",,,,,,,,,,,,,,3.80866891057037,,3.91509134893744,,,,
"1831-04-01",,,,,,,,,,,,,,3.72222495484052,,3.86974883730838,,,,
"1831-07-01",,,,,,,,,,,,,,3.67869567669262,,3.81815218614427,,,,
"1831-10-01",,,,,,,,,,,,,,3.65195032538827,,3.81502511637674,,,,
"1832-01-01",,,,,,,,,,,,,,3.64624038380375,,3.88225711637846,,,,
"1832-04-01",,,,,,,,,,,,,,3.57985597191159,,3.95887032568275,,,,
"1832-07-01",,,,,,,,,,,,,,3.59769991094963,,3.99483162800925,,,,
"1832-10-01",,,,,,,,,,,,,,3.61464037429221,,4.04173767452208,,,,
"1833-01-01",,,,,,,,,,,,,,3.45498260552977,,4.07613544196482,,,,
"1833-04-01",,,,,,,,,,,,,,3.42420958892489,,4.24656074429476,,,,
"1833-07-01",,,,,,,,,,,,,,3.40851324768288,,4.34975404662299,,,,
"1833-10-01",,,,,,,,,,,,,,3.45055961184148,,4.35757172104179,,,,
"1834-01-01",,,,,,,,,,,,,,3.34083292912853,,4.39509655825206,,,,
"1834-04-01",,,,,,,,,,,,,,3.30287625409301,,4.4294943256948,,,,
"1834-07-01",,,,,,,,,,,,,,3.33866445760428,,4.47640037220763,,,,
"1834-10-01",,,,,,,,,,,,,,3.32144433061136,,4.47483683732387,,,,
"1835-01-01",,,,,,,,,,,,,,3.28866022022521,,4.49985339546404,,,,
"1835-04-01",,,,,,,,,,,,,,3.31865030337347,,4.54363237220935,,,,
"1835-07-01",,,,,,,,,,,,,,3.33892765737823,,4.62493618616492,,,,
"1835-10-01",,,,,,,,,,,,,,3.32662244610806,,4.77503553500597,,,,
"1836-01-01",,,,,,,,,,,,,,3.29625211570105,,5.06116241873423,,,,
"1836-04-01",,,,,,,,,,,,,,3.30825621332793,,5.3066373954847,,,,
"1836-07-01",,,,,,,,,,,,,,3.33634713536994,,5.31289153501974,,,,
"1836-10-01",,,,,,,,,,,,,,3.44001830986222,,5.30351032571718,,,,
"1837-01-01",,,,,,,,,,,,,,3.35258046823688,,5.30351032571718,,,,
"1837-04-01",,,,,,,,,,,,,,3.33723088839285,,5.33321748850864,,,,
"1837-07-01",,,,,,,,,,,,,,3.28682416443438,,5.52553227921123,,,,
"1837-10-01",,,,,,,,,,,,,,3.27323033656614,,5.6068360931668,,,,
"1838-01-01",,,,,,,,,,,,,,3.25529434331242,,6.00397395364208,,,,
"1838-04-01",,,,,,,,,,,,,,3.22150776641618,,6.16032744201818,,,,
"1838-07-01",,,,,,,,,,,,,,3.21101011770739,,6.20254288387973,,,,
"1838-10-01",,,,,,,,,,,,,,3.23674165973883,,6.32137153504556,,,,
"1839-01-01",,,,,,,,,,,,,,3.25492559892065,,6.40267534900113,,,,
"1839-04-01",,,,,,,,,,,,,,3.25634352639254,,6.38078586062848,,,,
"1839-07-01",,,,,,,,,,,,,,3.31454534524719,,6.37922232574471,,,,
"1839-10-01",,,,,,,,,,,,,,3.34016924251787,,6.27759255830025,,,,
"1840-01-01",,,,,,,,,,,,,,3.32068104446041,,6.50899572109687,,,,
"1840-04-01",,,,,,,,,,,,,,3.30189211367606,,6.94991255831746,,,,
"1840-07-01",,,,,,,,,,,,,,3.38160767861319,,6.95929376762003,,,,
"1840-10-01",,,,,,,,,,,,,,3.40835577613842,,6.75290716296359,,,,
"1841-01-01",,,,,,,,,,,,,,3.39213616170402,,6.80919441877898,,,,
"1841-04-01",,,,,,,,,,,,,,3.36677134723286,,6.84828279087301,,,,
"1841-07-01",,,,,,,,,,,,,,3.36981376939649,,6.66847627924049,,,,
"1841-10-01",,,,,,,,,,,,,,3.40721274251562,,6.64189618621656,,,,
"1842-01-01",,,,,,,,,,,,,,3.39006640916923,,6.84671925598924,,,,
"1842-04-01",,,,,,,,,,,,,,3.28155917705755,,6.98900093041149,,,,
"1842-07-01",,,,,,,,,,,,,,3.27081842079337,,6.8764264187807,,,,
"1842-10-01",,,,,,,,,,,,,,3.21022408771897,,6.94365841878242,,,,
"1843-01-01",,,,,,,,,,,,,,3.14617635446497,,7.22196762809187,,,,
"1843-04-01",,,,,,,,,,,,,,3.16614825033208,,7.38770232577053,,,,
"1843-07-01",,,,,,,,,,,,,,3.1963885558167,,7.48620502344747,,,,
"1843-10-01",,,,,,,,,,,,,,3.14565706268236,,7.90054176764412,,,,
"1844-01-01",,,,,,,,,,,,,,3.07982616413987,,8.37741990719121,,,,
"1844-04-01",,,,,,,,,,,,,,3.04391840431103,,8.66041972115195,,,,
"1844-07-01",,,,,,,,,,,,,,3.03491526357752,,8.92465711650755,,,,
"1844-10-01",,,,,,,,,,,,,,3.00973430934248,,9.04504930255715,,,,
"1845-01-01",,,,,,,,,,,,,,3.01856825582094,,10.0050597211864,,,,
"1845-04-01",,,,,,,,,,,,,,3.04663772386227,,10.8790757212088,,,,
"1845-07-01",,,,,,,,,,,,,,3.055228475174,,11.4591471630841,,,,
"1845-10-01",,,,,,,,,,,,,,3.16755382135404,,10.982269023537,,,,
"1846-01-01",,,,,,,,,,,,,,3.14904337444641,,11.2089815816823,,,,
"1846-04-01",,,,,,,,,,,,,,3.15689369950191,,11.1386225119131,,,,
"1846-07-01",,,,,,,,,,,,,,3.14771868718249,,11.4700919072704,,,,
"1846-10-01",,,,,,,,,,,,,,3.19906284679453,,11.3700256747097,,,,
"1847-01-01",,,,,,,,,,,,,,3.33742324659008,,11.1558213956344,,,,
"1847-04-01",,,,,,,,,,,,,,3.44162564909691,,10.7758824188805,,,,
"1847-07-01",,,,,,,,,,,,,,3.45280951257438,,10.5132085584087,,,,
"1847-10-01",,,,,,,,,,,,,,3.61775424081225,,9.58915944210596,,,,
"1848-01-01",,,,,,,,,,,,,,3.50062683915557,,9.44218716303242,,,,
"1848-04-01",,,,,,,,,,,,,,3.61215839632424,,8.98250790720671,,,,
"1848-07-01",,,,,,,,,,,,,,3.49936350146499,,9.07006586069732,,,,
"1848-10-01",,,,,,,,,,,,,,3.47205450788248,,8.84178976766822,,,,
"1849-01-01",,,,,,,,,,,,,,3.26875167247128,,10.119197767701,,,,
"1849-04-01",,,,,,,,,,,,,,3.30138603476136,,9.89092167467182,,,,
"1849-07-01",,,,,,,,,,,,,,3.25019721114768,,9.76427534908717,,,,
"1849-10-01",,,,,,,,,,,,,,3.19280568803123,,9.12322604674519,,,,
"1850-01-01",,,,,,,,,,,,,,3.151,,9.2389276281435,,,,
"1850-04-01",,,,,,,,,,,,,,3.14533333333333,,8.97312669790414,,,,
"1850-07-01",,,,,,,,,,,,,,3.12066666666667,,9.48440260489397,,,,
"1850-10-01",,,,,,,,,,,,,,3.12233333333333,,10.4365953491044,,,,
"1851-01-01",,,,,,,,,,,,,,3.12433333333333,,11.5107438142481,,,,
"1851-04-01",,,,,,,,,,,,,,3.10633333333333,,11.596738232855,,,,
"1851-07-01",,,,,,,,,,,,,,3.12733333333333,,10.9541253956293,,,,
"1851-10-01",,,,,,,,,,,,,,3.09,,11.4403847444789,,,,
"1852-01-01",,,,,,,,,,,,,,3.09466666666667,,11.871920372397,,,,
"1852-04-01",,,,,,,,,,,,,,3.02033333333333,,12.8929086514929,,,,
"1852-07-01",,,,,,,,,,,,,,3.00966666666667,,13.5683557212776,,,,
"1852-10-01",,,,,,,,,,,,,,3,,14.4705153492077,,,,
"1853-01-01",,,,,,,,,,,,,,3.02566666666667,,14.7785317213086,,,,
"1853-04-01",,,,,,,,,,,,,,3.03166666666667,,14.8082388841,,,,
"1853-07-01",,,,,,,,,,,,,,3.12466666666667,,14.2438027910623,,,,
"1853-10-01",,,,,,,,,,,,,,3.22433333333333,,13.6074440933717,,,,
"1854-01-01",,,,,,,,,,,,,,3.37233333333333,,13.4323281863904,,,,
"1854-04-01",,,,,,,,,,,,,,3.352,,13.5167590701135,,,,
"1854-07-01",,,,,,,,,,,,,,3.21266666666667,,14.1640625119905,,,,
"1854-10-01",,,,,,,,,,,,,,3.26266666666667,,14.0467973957085,,,,
"1855-01-01",,,,,,3.88453075036009,,,,,,,,3.29033333333333,,14.5643274422333,,,,
"1855-04-01",,,,,,3.94948042515758,,,,,,,,3.34666666666667,,14.7144267910744,,,,
"1855-07-01",,,,,,3.777661140217,,,,,,,,3.34733333333333,,14.8144930236351,,,,
"1855-10-01",,,,,,3.3083276842653,,,,,,,,3.417,,14.5096037213017,,,,
"1856-01-01",,,,,,3.4597897688515,,,,,,,,3.29933333333333,,15.2257026980642,,,,
"1856-04-01",,,,,,3.37127600253725,,,,,,,,3.212,,16.0590667911088,,,,
"1856-07-01",,,,,,3.54851587844185,,,,,,,,3.18466666666667,,16.4796576748405,,,,
"1856-10-01",,,,,,3.70041835016938,,,,,,,,3.22533333333333,,16.4515140469328,,,,
"1857-01-01",,,,,,3.66018817805812,,,,,,,,3.231,,16.7001160934508,,,,
"1857-04-01",,,,,,3.88151351850993,,,,,,,,3.24033333333333,,16.8126906050816,,,,
"1857-07-01",,,,,,3.6753301466452,,,,,,,,3.34233333333333,,16.5984863260064,,,,
"1857-10-01",,,,,,4.58296815678672,,,,,,,,3.32433333333333,,16.0434314422712,,,,
"1858-01-01",,,,,,5.60329055838053,,,,,,,,3.125,,17.1488506050902,,,,
"1858-04-01",,,,,,6.13499791881587,,,,,,,,3.117,,16.9455910702013,,,,
"1858-07-01",,,,,,5.52920807799986,,,,,,,,3.118,,17.2520439074184,,,,
"1858-10-01",,,,,,3.65250344480373,,,,,,,,3.09433333333333,,17.7242314423142,,,,
"1859-01-01",,,,,,3.16421352503481,,,,,,,,3.15033333333333,,17.9493804655758,,,,
"1859-04-01",,,,,,2.97669001283222,,,,,,,,3.31733333333333,,17.2239002795107,,,,
"1859-07-01",,,,,,3.30959639176863,,,,,,,,3.16366666666667,,18.0572643725553,,,,
"1859-10-01",,,,,,3.62950007036433,,,,,,,,3.15033333333333,,18.6732971167571,,,,
"1860-01-01",,,,,,3.14501929518473,,,,,,,,3.192,,19.0891973958375,,,,
"1860-04-01",,,,,,2.80846361286615,,,,,,,,3.20133333333333,,19.3268546981692,,,,
"1860-07-01",,,,,,2.92049204266646,,,,,,,,3.23366666666667,,19.5488766516633,,,,
"1860-10-01",,,,,,2.88602504928265,,,,,,,,3.252,,19.9663404656275,,,,
"1861-01-01",,,,,,3.14800742034032,,,,,,,,3.29466666666667,,19.7693350702736,,,,
"1861-04-01",,,,,,3.69661353113866,,,,,,,,3.324,,19.6708323725966,,,,
"1861-07-01",,,,,,3.82145061125649,,,,,,,,3.28033333333333,,19.8803460470206,,,,
"1861-10-01",,,,,,4.21392843726451,,,,,,,,3.258,,19.9600863260924,,,,
"1862-01-01",,,,,,4.17534524806275,,,,,,,,3.22966666666667,,20.7262184191353,,,,
"1862-04-01",,,,,,4.67390400753435,,,,,,,,3.249,,20.793450419137,,,,
"1862-07-01",,,,,,4.90194755879733,,,,,,,,3.22666666666667,,21.0357983261199,,,,
"1862-10-01",,,,,,4.96880318560555,,,,,,,,3.24033333333333,,21.5877261400875,,,,
"1863-01-01",,,,,,4.69485301222093,,,,,,,,3.26633333333333,,21.9989358145167,,,,
"1863-04-01",,,,,,4.45485987736186,,,,,,,,3.25933333333333,,22.6337309773236,,,,
"1863-07-01",,,,,,4.31214098925788,,,,,,,,3.23133333333333,,23.082465488963,,,,
"1863-10-01",,,,,,3.13814612115931,,,,,,,,3.27266666666667,,23.6687910703734,,,,
"1864-01-01",,,,,,3.23001390969914,,,,,,,,3.31133333333333,,24.0565477215462,,,,
"1864-04-01",,,,,,2.87345472251257,,,,,,,,3.325,,24.7742102331924,,,,
"1864-07-01",,,,,,2.60532100459978,,,,,,,,3.39133333333333,,25.1088066983172,,,,
"1864-10-01",,,,,,3.2512103631885,,,,,,,,3.36133333333333,,25.4871821401874,,,,
"1865-01-01",,,,,,3.27150434490132,,,,,,,,3.367,,25.6810604657738,,,,
"1865-04-01",,,,,,3.01827925902817,,,,,,,,3.336,,26.0047121867123,,,,
"1865-07-01",,,,,,2.88194859931418,,,,,,,,3.361,,26.56914827975,,,,
"1865-10-01",,,,,,2.66826779675631,,,,,,,,3.414,,26.745827721615,,,,
"1866-01-01",,,,,,2.92616463803287,,,,,,,,3.456,,26.4878444657944,,,,
"1866-04-01",,,,,,3.08896977239314,,,,,,,,3.48766666666667,,25.4996904192575,,,,
"1866-07-01",,,,,,3.54755037548801,,,,,,,,3.397,,25.4262042797207,,,,
"1866-10-01",,,,,,3.59731521408596,,,,,,,,3.36766666666667,,25.5293975820489,,,,
"1867-01-01",,,,,,3.91465400374604,,,,,,,,3.31766666666667,,25.7623642797293,,,,
"1867-04-01",,,,,,5.08075094916999,,,,,,,,3.226,,25.1385138611087,,,,
"1867-07-01",,,,,,5.24713192740434,,,,,,,,3.19533333333333,,25.2917402797173,,,,
"1867-10-01",,,,,,5.11746311967961,,,,,,,,3.22366666666667,,25.2073093959941,,,,
"1868-01-01",,,,,,5.30632608692788,,,,,,,,3.23566666666667,,25.1181879076198,,,,
"1868-04-01",,,,,,5.55639687719167,,,,,,,,3.20866666666667,,25.8249056750798,,,,
"1868-07-01",,,,,,5.23214285980445,,,,,,,,3.19933333333333,,26.1563750704371,,,,
"1868-10-01",,,,,,3.94513417607598,,,,,,,,3.23,,26.3455627913721,,,,
"1869-01-01",,,,,,4.13004935852666,,,,,,,,3.23666666666667,,27.0131921867381,,,,
"1869-04-01",,,,,,5.09725452726308,,,,,,,,3.25233333333333,,26.8349492099893,,,,
"1869-07-01",,,,,,4.97229088688481,,,,,,,,3.243,,27.4603631634937,,,,
"1869-10-01",,,,,,4.52040522732544,,,,,,,,3.24633333333333,,28.1217384193246,,,,
"1870-01-01",,,,,,4.0912018556437,,,,,,,,3.25133333333333,,29.3256602798206,,,,
"1870-04-01",,,,,,3.58556463742086,,,,479.19951268674,,,,3.22733333333333,,30.5139467914789,,,,
"1870-07-01",,,,,,3.55951853025178,,,,489.41659601648,,,,3.31933333333333,,29.6461849309916,,,,
"1870-10-01",,,,,,3.84371497668364,,,,499.851519283453,,,,3.28033333333333,,30.3654109775216,,,,
"1871-01-01",,,,,,3.79496308877856,,,,506.788926302579,,,,3.26333333333333,,31.4939136008063,,,,
"1871-04-01",,,,,,3.09378408625345,,,,513.822617146583,,,,3.25333333333333,,33.3003491564082,,,,
"1871-07-01",,,,,,2.79616952072231,,,,532.056162525844,,,,3.23033333333333,,34.3945329786584,,,,
"1871-10-01",,,,,,2.63508330424566,,,,550.936744773477,,,,3.25333333333333,,35.8706488898073,,,,
"1872-01-01",,,,,,2.37479900456684,,,,560.139617240214,,,,3.256,,38.1106289787535,,,,
"1872-04-01",,,,,,2.3160614838663,,,,569.496214907606,,,,3.25266666666667,,38.5028835565413,,,,
"1872-07-01",,,,,,2.17446838337314,,,,570.525670968662,,,,3.26033333333333,,38.3067562676474,,,,
"1872-10-01",,,,,,2.37467112819372,,,,571.556987937226,,,,3.27733333333333,,37.6977294231874,,,,
"1873-01-01",,,,,,2.29741285204535,,,,564.716757263385,,,,3.26033333333333,,39.0602979565556,,,,
"1873-04-01",,,,,,2.19470947486403,,,,557.95838851523,,,,3.24333333333333,,39.3906176010085,,,,
"1873-07-01",,,,,,2.81906715977125,,,,564.733875166095,,,,3.25733333333333,,39.1635228454471,,,,
"1873-10-01",,,,,,2.28881051331935,,,,571.591638955007,,,,3.266,,39.3080376898952,,,,
"1874-01-01",,,,,,2.52432064628538,,,,574.833385510196,,,,3.27366666666667,,39.2048128010037,,,,
"1874-04-01",,,,,,2.99101832451986,,,,578.093517430063,,,,3.25333333333333,,37.8525667565246,,,,
"1874-07-01",,,,,,2.82961363947309,,,,584.259318057161,,,,3.25766666666667,,37.6564394676307,,,,
"1874-10-01",,,,,,2.97504738972165,,,,590.490881569029,,,,3.26533333333333,,37.5841820454067,,,,
"1875-01-01",,,,,,3.2510180530798,,,,595.166619786083,,,,3.24566666666667,,37.0990250676165,,,,
"1875-04-01",,,,,,3.31659822462376,,,,599.879382330791,,,,3.22433333333333,,36.6241905787154,,,,
"1875-07-01",,,,,,3.56595027740684,,,,604.261170728898,,,,3.19,,35.1583971564557,,,,
"1875-10-01",,,,,,3.58643344488958,,,,608.674965677208,,,,3.19933333333333,,34.5287253342173,,,,
"1876-01-01",,,,,,3.66859788489268,,,,601.736010637776,,,,3.19933333333333,,34.5493703119957,,,,
"1876-04-01",,,,,,3.98188894739098,,,,594.876160374707,,,,3.18566666666667,,33.228091734184,,,,
"1876-07-01",,,,,,4.24629081838469,,,,602.677789225662,,,,3.12666666666667,,33.1042218675142,,,,
"1876-10-01",,,,,,4.58322234933163,,,,610.581734183365,,,,3.18133333333333,,33.4345415119671,,,,
"1877-01-01",,,,,,4.79146239158605,,,,593.199876396806,,,,3.134,,33.3106716452973,,,,
"1877-04-01",,,,,,5.41383630732842,,,,576.312840127493,,,,3.19966666666667,,31.9997155563748,,,,
"1877-07-01",,,,,,5.67859480935612,,,,577.008809097772,,,,3.16933333333333,,31.3906887119148,,,,
"1877-10-01",,,,,,6.83610649172939,,,,577.705618536584,,,,3.146,,30.4771484452247,,,,
"1878-01-01",,,,,,6.98181155719466,,,,572.456202715526,,,,3.17366666666667,,30.1416675563272,,,,
"1878-04-01",,,,,,7.35102536869164,,,,567.254486562912,,,,3.148,,29.5016732451997,,,,
"1878-07-01",,,,,,6.53652735406715,,,,557.523602177347,,,,3.17833333333333,,29.9042503118767,,,,
"1878-10-01",,,,,,6.37063572004654,,,,547.959644829237,,,,3.18466666666667,,27.8603975118244,,,,
"1879-01-01",,,,,,8.01890325886042,,,,542.072965327537,,,,3.122,,26.6629888006826,,,,
"1879-04-01",,,,,,8.47515567205572,,,,536.249525876236,,,,3.069,,26.3120241784514,,,,
"1879-07-01",,,,,,8.27411331802253,,,,544.335403420729,,,,3.08333333333333,,25.744287289548,,,,
"1879-10-01",,,,,,6.7118277510613,,,,552.543204458877,,,,3.08633333333333,,29.2229660451926,,,,
"1880-01-01",,,,,,5.45353744615387,,,,544.545426895791,,,,3.06933333333333,,32.7635797341722,,,,
"1880-04-01",,,,,,5.53299905713818,,,,536.663413033049,,,,3.05333333333333,,31.5661710230304,,,,
"1880-07-01",,,,,,6.12715117812224,,,,543.352208504207,,,,3.08066666666667,,31.3493987563582,,,,
"1880-10-01",,,,,,5.64631231858568,,,622.191932195523,550.124370912199,,,,3.03133333333333,,31.4835911119172,,,,
"1881-01-01",,,,,,5.76113997634278,,,626.899349146909,554.286534796041,,,,3.03133333333333,,32.3713251563844,,,,
"1881-04-01",,,,,,5.19296230342974,,,631.653502580603,558.490021745322,,,,2.879,,31.3081088008016,,,,
"1881-07-01",,,,,,4.44684591300591,,,639.234143894647,565.192608709579,,,,2.881,,30.9881116452378,,,,
"1881-10-01",,,,,,4.23905180722155,,,646.911314973901,571.98054454066,,,,2.91066666666667,,31.3081088008016,,,,
"1882-01-01",,,,,,4.31427594315416,,,650.078026003804,574.780460166436,,,,2.92566666666667,,30.936499200792,,,,
"1882-04-01",,,,,,4.24202823563634,,,653.297242383936,577.626799526224,,,,2.933,,30.4823096896693,,,,
"1882-07-01",,,,,,4.19190631959984,,,660.627649123825,584.108136212931,,,,2.99033333333333,,29.8216704007635,,,,
"1882-10-01",,,,,,4.49178950160963,,,668.062301316034,590.681643757071,,,,2.912,,29.790702934096,,,,
"1883-01-01",,,,,,4.2290073896778,,,664.730504341916,587.735763845183,,,,2.87566666666667,,29.6255431118696,,,,
"1883-04-01",,,,,,4.15158059307211,,,661.427006810056,584.814905493464,,,,2.85266666666667,,27.829430045157,,,,
"1883-07-01",,,,,,4.2328946471463,,,663.495656606014,586.643946676341,,,,2.86433333333333,,28.2320071118339,,,,
"1883-10-01",,,,,,4.26651737010377,,,665.572536078734,588.480264304824,,,,2.81266666666667,,28.1597496896098,,,,
"1884-01-01",,,,,,4.61906563387653,,,670.499457483093,592.836507769027,,,,2.76666666666667,,27.6642702229305,,,,
"1884-04-01",,,,,,5.1930262071762,,,675.465147754631,597.227029560487,,,,2.72166666666667,,27.1687907562511,,,,
"1884-07-01",,,,,,5.6753468234587,,,672.14061342345,594.287571070462,,,,2.7,,27.2204032006969,,,,
"1884-10-01",,,,,,6.27256133548856,,,668.83547056913,591.365257971526,,,,2.74766666666667,,27.4371754673691,,,,
"1885-01-01",,,,,,6.72528389527069,,,673.878612603849,595.824260404232,,,,2.874,,27.3339505784775,,,,
"1885-04-01",,,,,,6.88697811535396,,,678.960586699885,600.317597038651,,,,2.88266666666667,,26.6629888006826,,,,
"1885-07-01",,,,,,7.12927038323135,,,680.513637041968,601.690759881536,,,,2.83733333333333,,26.9520184895789,,,,
"1885-10-01",,,,,,6.97846760614396,,,682.070485698223,603.067281085541,,,,2.859,,27.2720156451427,,,,
"1886-01-01",,,,,,7.13644503602348,,,680.176456628728,601.392634571453,,,,2.835,,27.3236280895884,,,,
"1886-04-01",,,,,,7.02724599438101,,,678.288658736323,599.723497486527,,,,2.82933333333333,,26.9416960006897,,,,
"1886-07-01",,,,,,6.49102082365344,,,681.58713585346,602.639916930653,,,,2.819,,27.1791132451403,,,,
"1886-10-01",,,,,,6.70528814594205,,,684.902768920703,605.571505176834,,,,2.84,,27.6849152007088,,,,
"1887-01-01",,,,,,5.71911211161771,,,688.253865765144,608.53444948392,,,,2.84566666666667,,26.9933084451355,,,,
"1887-04-01",,,,,,6.22714307441762,,,691.621549916674,611.512059815115,,,,2.74166666666667,,26.7249237340175,,,,
"1887-07-01",,,,,,6.2907454974717,,,692.713928889396,612.477910164614,,,,2.71633333333333,,26.0333169784443,,,,
"1887-10-01",,,,,,6.32299931649295,,,693.808236535374,613.445465792028,,,,2.691,,25.8888021339961,,,,
"1888-01-01",,,,,,5.80233492221604,,,699.569198068597,618.539143763921,,,,2.62433333333333,,26.7249237340175,,,,
"1888-04-01",,,,,,5.15811272201885,,,705.387470406552,623.683494315718,,,,2.62866666666667,,26.6836337784609,,,,
"1888-07-01",,,,,,4.69398702432754,,,711.764655190045,629.322019320101,,,,2.64266666666667,,27.3442730673667,,,,
"1888-10-01",,,,,,4.38556533143755,,,718.210139192986,635.020932547456,,,,2.678,,28.1803946673881,,,,
"1889-01-01",,,,,,4.00461620285243,,,723.979306018453,640.121865404859,,,,2.63066666666667,,29.2332885340818,,,,
"1889-04-01",,,,,,3.77227963569731,,,729.801358633063,645.269558369518,,,,2.63333333333333,,30.5855345785608,,,,
"1889-07-01",,,,,,3.66669260543571,,,733.774989575523,648.782929580784,,,,2.64966666666667,,31.4526236452497,,,,
"1889-10-01",,,,,,3.39641155601454,,,737.77372493129,652.318497398697,,,,2.66833333333333,,32.1132629341555,,,,
"1890-01-01",,,,,,3.23251868672474,,,746.292467821569,659.850527036145,,,,2.66733333333333,,31.741653334146,,,,
"1890-04-01",,,,,,3.39798745402032,,,755.331143345958,667.842266288031,,,,2.65333333333333,,31.0190791119053,,,,
"1890-07-01",,,,,,3.50845189755984,,,758.79769495612,670.90729240794,,,,2.70933333333333,,30.5339221341151,,,,
"1890-10-01",,,,,,3.66104196169509,,,762.283144220595,673.989027295114,,,,2.71633333333333,,30.3687623118886,,,,
"1891-01-01",,,,,,3.89483710339943,,,768.573609142149,679.550877069513,,,,2.67266666666667,,30.5235996452259,,,,
"1891-04-01",,,,,,4.11891743012739,,,774.929884349523,685.170914422719,,,,2.70866666666667,,30.5648896007825,,,,
"1891-07-01",,,,,,4.46948901332635,,,779.007775313026,688.776469372667,,,,2.714,,30.3481173341103,,,,
"1891-10-01",,,,,,4.43675645314682,,,783.115648927386,692.408534127851,,,,2.71966666666667,,29.9558627563224,,,,
"1892-01-01",,,,,,4.80991811655306,,,787.214716950067,696.032813229874,,,,2.699,,30.0694101341031,,,,
"1892-04-01",,,,,,5.09820968669257,,,791.3604099983,699.698316850447,,,,2.66533333333333,,29.7081230229828,,,,
"1892-07-01",,,,,,5.01049099891757,,,788.938952706098,697.557333336143,,,,2.662,,30.193280000773,,,,
"1892-10-01",,,,,,6.16138119783679,,,786.532816662571,695.429896433187,,,,2.64966666666667,,30.059087645214,,,,
"1893-01-01",,,,,,6.67453550416595,,,785.408752028463,694.436030525089,,,,2.618,,30.1726350229947,,,,
"1893-04-01",,,,,,6.15807946570182,,,784.298530158322,693.454403994303,,,,2.609,,30.2552149341079,,,,
"1893-07-01",,,,,,6.25597707776988,,,781.480278529485,690.96258623814,,,,2.626,,30.0900551118815,,,,
"1893-10-01",,,,,,6.19140795236235,,,778.688954499042,688.494577096907,,,,2.621,,30.4100522674452,,,,
"1894-01-01",,,,,,5.68346173437901,,,781.719232441128,691.17386247545,,,,2.58633333333333,,30.8539192896788,,,,
"1894-04-01",,,,,,5.98967263693418,,,784.915522187864,693.99993075951,,,,2.55,,30.7300494230089,,,,
"1894-07-01",,,,,,6.36785426670951,,,790.99661884791,699.376663085112,,,,2.51866666666667,,31.4526236452497,,,,
"1894-10-01",,,,,,6.19901136197729,,,797.288081700128,704.93939520136,,,,2.49633333333333,,32.0926179563772,,,,
"1895-01-01",,,,,,6.58973688586177,,,808.960701293065,715.259992718274,,,,2.44633333333333,,33.0216419564009,,,,
"1895-04-01",,,,,,6.67133097113724,,,820.836425657714,725.760169684852,,,,2.41033333333333,,33.7442161786417,,,,
"1895-07-01",,,,,,6.19082075905004,,,831.864568297786,735.510939050812,,,,2.381,,35.3545244453495,,,,
"1895-10-01",,,,,,5.82811138395094,,,843.069316023328,745.41785759923,,,,2.38833333333333,,36.2112910231493,,,,
"1896-01-01",,,,,,5.4853828359627,,,853.058613881128,754.250110020899,,,,2.34166666666667,,38.6370759121003,,,,
"1896-04-01",,,,,,5.33529598871781,,,863.138249871244,763.162236844079,,,,2.26566666666667,,41.8680149344052,,,,
"1896-07-01",,,,,,5.20710971466437,,,871.922175498387,770.928733498449,,,,2.283,,43.3234858677757,,,,
"1896-10-01",,,,,,5.0522114606551,,,880.794611738291,778.773488713632,,,,2.315,,43.3028408899975,,,,
"1897-01-01",,,,,,4.98496019955189,,,888.917310479714,785.95534740387,,,,2.267,,45.4189511122739,,,,
"1897-04-01",,,,,,4.95072496274836,,,897.154998636307,793.238876457237,,,,2.25833333333333,,46.2653952011844,,,,
"1897-07-01",,,,,,5.12451169813345,,,900.680630124918,796.356139321601,,,,2.269,,46.4821674678567,,,,
"1897-10-01",,,,,,5.29980313956627,,,904.220245067105,799.485765957021,,,,2.26033333333333,,46.3273301345194,,,,
"1898-01-01",,,,,,4.79605965842879,,,907.967509948468,802.798990749613,,,,2.266,,47.8860259567815,,,,
"1898-04-01",,,,,,4.28434218840856,,,911.7304684829,806.126091422903,,,,2.284,,45.2641137789366,,,,
"1898-07-01",,,,,,3.99453191471298,,,914.64608726588,808.703998441316,,,,2.302,,45.491208534498,,,,
"1898-10-01",,,,,,3.80506623844966,,,917.571435887078,811.290508305332,,,,2.30466666666667,,46.1415253345146,,,,
"1899-01-01",,,,,,3.83111324126389,,,937.032628122682,828.497539740205,,,,2.287,,47.5763512901069,,,,
"1899-04-01",,,,,,3.79157068276471,,,956.918484249108,846.080046882331,,,,2.32533333333333,,48.5982776901331,,,,
"1899-07-01",,,,,,3.68025310594575,,,959.357861164188,848.236874416386,,,,2.41133333333333,,47.8653809790032,,,,
"1899-10-01",,,,,,3.49706297002564,,,961.804328674932,850.399971253011,,,,2.489,,46.4099100456326,,,,
"1900-01-01",,,,,,3.45189195905782,,,963.77408776849,852.141576095697,,,,2.51166666666667,,49.0421447123666,,,,
"1900-04-01",,,,,,3.48317556830907,,,965.717797911797,853.860149199095,,,,2.51333333333333,,47.3079665789889,,,,
"1900-07-01",,,,,,3.70381414490219,,,972.052830250604,859.461404213439,,,,2.583,,45.6666908456136,,,,
"1900-10-01",,,,,,4.04111832773089,,,978.430883511235,865.100697100552,,,,2.58166666666667,,45.2021788456017,,,,
"1901-01-01",,,,,,4.52915325714602,,,970.810402283605,858.362884820336,,,,2.623,,44.7066993789223,,,,
"1901-04-01",,,,,,4.9219544049974,,,963.292409762038,851.715690132588,,,,2.704,,44.8305692455922,,,,
"1901-07-01",,,,,,4.96227408908055,,,965.221609724759,853.421433747924,,,,2.70633333333333,,44.0047701344599,,,,
"1901-10-01",,,,,,5.02661824877601,,,967.154871571716,855.130768765516,,,,2.72933333333333,,42.8383288899856,,,,
"1902-01-01",,,,,,5.04040916587403,,,970.792252556477,858.346837348966,,,,2.67733333333333,,43.6641280011179,,,,
"1902-04-01",,,,,,5.13470916697861,,,974.461283791489,861.590890181499,,,,2.63666666666667,,44.1183175122406,,,,
"1902-07-01",,,,,,5.13770890413162,,,985.062298128401,870.964004877066,,,,2.67233333333333,,42.8692963566531,,,,
"1902-10-01",,,,,,5.20717276301572,,,995.7785132203,880.438976796403,,,,2.71566666666667,,42.8073614233182,,,,
"1903-01-01",,,,,,5.20342569916913,,,978.927073066948,865.539413761866,,,,2.74433333333333,,43.4989681788914,,,,
"1903-04-01",,,,,,5.27639474828815,,,962.369690630448,850.899848178477,,,,2.74533333333333,,43.2615509344409,,,,
"1903-07-01",,,,,,5.75995961089232,,,964.039925238055,852.376622008608,,,,2.80466666666667,,41.3415680010584,,,,
"1903-10-01",,,,,,6.12021994165039,,,965.71592431401,853.858492617339,,,,2.85366666666667,,40.2783516454756,,,,
"1904-01-01",,,,,,6.51531361115849,,,958.012083774481,847.046976409693,,,,2.91333333333333,,39.7415822232397,,,,
"1904-04-01",,,,,,6.96390133642512,,,950.383604930622,840.302092865179,,,,2.808,,39.968676978801,,,,
"1904-07-01",,,,,,7.01714026059308,,,957.764582334744,846.828142691687,,,,2.85633333333333,,38.8951381343291,,,,
"1904-10-01",,,,,,7.0636447918233,,,965.202810552708,853.404812055865,,,,2.86333333333333,,41.3002780455018,,,,
"1905-01-01",,,,,,6.85735111590051,,,966.964491417756,854.962440060158,,,,2.79666666666667,,42.0125297788534,,,,
"1905-04-01",,,,,,6.68283756214348,,,968.749563364502,856.540749792127,,,,2.80166666666667,,41.5583402677306,,,,
"1905-07-01",,,,,,6.36671337482807,,,978.316568062926,864.999622639711,,,,2.79933333333333,,42.1570446233015,,,,
"1905-10-01",,,,,,5.93309794712792,,,987.978087904459,873.542063082684,,,,2.84433333333333,,43.4576782233348,,,,
"1906-01-01",,,,,,5.6587310067422,,,990.921590239768,876.144623943247,,,,2.794,,43.3957432899999,,,,
"1906-04-01",,,,,,5.27772007985515,,,993.87491714342,878.755871407091,,,,2.82166666666667,,42.6422016010917,,,,
"1906-07-01",,,,,,4.90889160294259,,,1006.63734994137,890.040050694829,,,,2.89366666666667,,42.5080092455327,,,,
"1906-10-01",,,,,,4.79465731046004,,,1019.56585764881,901.471068683595,,,,2.92466666666667,,42.8176839122073,,,,
"1907-01-01",,,,,,4.331693114215,,,1026.58118951435,907.673825147587,,,,2.92333333333333,,43.4267107566674,,,,
"1907-04-01",,,,,,4.06388327432728,,,1033.62943563239,913.905683455432,,,,2.97233333333333,,42.6009116455351,,,,
"1907-07-01",,,,,,4.2985607493348,,,1029.55633825629,910.304366858815,,,,3.05433333333333,,41.8267249788486,,,,
"1907-10-01",,,,,,4.8658628621229,,,1025.50267454478,906.720232954481,,,,3.04633333333333,,40.5157688899261,,,,
"1908-01-01",,,,,,5.89985136102617,,,1025.91012527222,907.080489273338,,,,2.89066666666667,,40.3299640899214,,,,
"1908-04-01",,,,,,7.0619609139082,,,1026.31966906815,907.44259622368,,,,2.88433333333333,,39.421585067676,,,,
"1908-07-01",,,,,,7.60025926551243,,,1040.34192741884,919.840677353917,,,,2.925,,39.5041649787892,,,,
"1908-10-01",,,,,,7.75792845955319,,,1054.56230280235,932.413927917272,,,,3.00033333333333,,39.5454549343458,,,,
"1909-01-01",,,,,,7.71901683137763,,,1057.15502759371,934.706341272362,,,,3.01233333333333,,38.9364280898858,,,,
"1909-04-01",,,,,,7.94085488795228,,,1059.789310825,937.035499415422,,,,2.97733333333333,,39.2151352898929,,,,
"1909-07-01",,,,,,7.56328257102257,,,1064.63027314979,941.315740311722,,,,3.01533333333333,,39.5351324454566,,,,
"1909-10-01",,,,,,6.8168457096475,,,1069.49301283752,945.615236131581,,,,3.056,,40.1028693343601,,,,
"1910-01-01",,,,,,6.30715875816627,,,1082.27449950008,956.916262303282,,,,3.09333333333333,,41.6512426677331,,,,
"1910-04-01",,,,,,5.76759361504997,,,1095.21456833713,968.35750231329,,,,3.07533333333333,,42.8176839122073,,,,
"1910-07-01",,,,,,5.51239610918481,,,1097.1807300072,970.095926416682,,,,3.11933333333333,,43.0034887122121,,,,
"1910-10-01",,,,,,5.49285151759893,,,1099.15017996695,971.837257932062,,,,3.19066666666667,,43.3544533344433,,,,
"1911-01-01",,,,,,5.038639102065,,,1098.0081975421,970.827549624135,,,,3.12933333333333,,45.2537912900475,,,,
"1911-04-01",,,,,,4.96890637068315,,,1096.98187612161,969.920105479357,,,,3.14233333333333,,45.3673386678282,,,,
"1911-07-01",,,,,,4.73465792220556,,,1105.27970032378,977.25680511005,,,,3.242,,43.9634801789033,,,,
"1911-10-01",,,,,,4.17779660504627,,,1113.79365016951,984.784596874134,,,,3.23366666666667,,44.5931520011417,,,,
"1912-01-01",,,,,,4.7802093804765,,,1117.92095207755,988.433839572782,,,,3.232,,44.61379697892,,,,
"1912-04-01",,,,,,3.78316039582771,,,1122.03154551623,992.068309119098,,,,3.262,,44.6550869344766,,,,
"1912-07-01",,,,,,3.40904733002781,,,1134.55005461475,1003.13681802483,,,,3.39066666666667,,45.0060515567078,,,,
"1912-10-01",,,,,,3.82758289366796,,,1147.2130621218,1014.33308830448,,,,3.395,,44.6550869344766,,,,
"1913-01-01",,,,,,3.75758999267251,,,1151.51574442931,1018.13739735314,,,,3.383,,45.5428209789438,,,,
"1913-04-01",,,,,,3.61124906376584,,,1155.79310983684,1021.91932192049,,,,3.40633333333333,,44.9854065789295,,,,
"1913-07-01",,,,,,3.5277405648085,,,1184.70883867639,1047.48578511971,,,,3.437,,43.9221902233468,,,,
"1913-10-01",,,,,,3.54342037875313,,,1214.37053047259,1073.71180750156,,,,3.48366666666667,,42.8280064010965,,,,
"1914-01-01",,,,,,3.51703266177354,,,1215.037215922,1074.30127177212,,,,3.336,,43.8396103122335,,,,
"1914-04-01",,,,,,3.27580498929324,,,1215.79614460052,1074.97229487645,,,,3.37333333333333,,43.3544533344433,,,,
"1914-07-01",,,,,1.88692933213182,3.39454175879691,,,1300.30811843054,1149.69537312938,,,,3.61,,43.0082680245678,,,,
"1914-10-01",,,,,1.981555271115,2.45262059013629,,,1390.96355181793,1229.85032320409,,,,3.61,,43.0082680245678,,,,
"1915-01-01",,,,,2.07042893537064,1.54588592702895,,,1424.67968928198,1259.66117087379,,,,3.70333333333333,,37.1990603074413,,,,
"1915-04-01",,,,,2.21078078491443,1.0163572477097,,,1459.19491294501,1290.17854778274,,,,3.787,,36.1493767347922,,,,
"1915-07-01",,,,,2.28205346818756,0.721725079388747,,,1477.1610834442,1306.06372361376,,,,3.846,,32.3532608008284,,,,
"1915-10-01",,,,,2.37080458691306,0.516031745872593,,,1495.36113136556,1322.1556871948,,,,4.09566666666667,,32.1807100765572,,,,
"1916-01-01",,,,,2.46625635319359,0.409016719541153,,,1536.06119276183,1358.14152132913,,,,4.29233333333333,,33.0147052438675,,,,
"1916-04-01",,,,,2.58365058883738,0.329434136697679,,,1577.995156115,1395.21833640148,,,,4.27966666666667,,34.366352583991,,,,
"1916-07-01",,,,,2.67473429211263,0.275032822480203,,,1645.27181340888,1454.70243906458,,,,4.196,,37.9036424315482,,,,
"1916-10-01",,,,,2.84815827828335,0.306516321280957,,,1715.53679934398,1516.82873673016,,,,4.498,,36.681408134628,,,,
"1917-01-01",,,,,3.04591903401072,0.430784404501977,,,1722.38740705012,1522.88584878787,,,,4.77,,35.4160361566401,,,,
"1917-04-01",,,,,3.20534705682926,0.540774060617051,,,1729.28723193284,1528.98647727016,,,,4.55266666666667,,36.3938235941762,,,,
"1917-07-01",,,,,3.27844668076002,0.485552926025561,,,1859.34594751026,1643.98068626964,,,,4.50666666666667,,37.8317462964353,,,,
"1917-10-01",,,,,3.26440242064754,0.422888608855399,,,1999.55155663161,1767.94648930421,,,,4.49966666666667,,38.6801206907681,,,,
"1918-01-01",,,,,3.44411303725012,0.335758504630713,,,2042.20985279635,1805.66373880148,,,,4.59066666666667,,39.2984274527395,,,,
"1918-04-01",,,,,3.61405071418367,0.419938904772312,,,2085.71479659863,1844.12957000624,,,,4.47466666666667,,37.9899177936837,,,,
"1918-07-01",,,,,3.75719669707327,0.610057966942523,,,2280.67752795844,2016.51005967633,,,,4.30633333333333,,41.455311506128,,,,
"1918-10-01",,,,,3.91923557585136,1.23424462365444,,,2494.23141667996,2205.32832074607,,,,4.343,,43.9429177810362,,,,
"1919-01-01",,,,,3.93527376590406,2.31442650248596,,,2545.28779452093,2250.47091467478,,,,4.892,,44.8488090834594,,,,
"1919-04-01",,,,,3.81973497999194,3.08442791891946,,,2597.43343241573,2296.5766012938,,,,4.65533333333333,,45.3664612562726,,,,
"1919-07-01",,,,,3.93485122409005,3.42022330471259,,,2733.10365594726,2416.53234567068,,,,4.37566666666667,,47.5377245366838,,,,
"1919-10-01",,,,,4.03759890199818,3.26092227388196,,,2875.88577277179,2542.77622337323,,,,4.62566666666667,,47.2932776772997,,,,
"1920-01-01",,,,,4.22200690975897,1.74144369166288,,,2924.22927246187,2585.52016777132,,,,5.14833333333333,,47.6239998988193,,,,
"1920-04-01",,,,,4.60517429644577,0.855171246754757,,,2973.33849680331,2628.9411440792,,,,5.30266666666667,,40.7075917009533,,,,
"1920-07-01",,,,,4.71631545511446,1.64327053237846,,,3010.49231949359,2661.79149503499,,,,5.41266666666667,,36.8683380859217,,,,
"1920-10-01",,,,,4.84281190966435,3.56011452920389,,,3048.13408295074,2695.07326930809,,,,5.60033333333333,,34.0212511354488,,,,
"1921-01-01",,,,,4.42260402685134,7.87729358683212,,,2991.42503977829,2644.9327498221,,,,5.24833333333333,,33.3598066924097,,,,
"1921-04-01",,,,,4.12964926475067,12.5508477470063,,,2935.95992985035,2595.89208065269,,,,5.30433333333333,,33.1153598330256,,,,
"1921-07-01",,,,,3.94720618484942,11.7632944937928,,,2940.9505151076,2600.30461388088,,,,5.17266666666667,,33.9349757733133,,,,
"1921-10-01",,,,,3.54890952566618,11.8885641723687,,,2945.99348048388,2604.76346011723,,,,5.07366666666667,,32.9715675627997,,,,
"1922-01-01",,,,,3.38959092544207,10.8208457801767,2740.21101548457,,2907.77554456637,2570.97225057841,,,,4.57666666666667,,34.6352441293134,,,,
"1922-04-01",,,,,3.37992887299814,9.89755381384507,2593.69150022994,,2740.95282325163,2423.47235566127,,,,4.31566666666667,,38.366912367762,,,,
"1922-07-01",,,,,3.26182192537744,9.19722403951969,2568.22250961618,,2661.42227734675,2353.15371398452,,,,4.285,,39.6182502201759,,,,
"1922-10-01",,,,,3.21337395430427,8.80437636645848,2539.47594471593,,2617.92182715084,2314.69185589841,,,,4.389,,40.0092932990552,,,,
"1923-01-01",,,,,3.2090586232084,8.23763029823532,2540.7484054834,,2579.46552508392,2280.68988980489,,,,4.331,,40.2215738275898,,,,
"1923-04-01",,,,,3.15032282458986,8.00970162396493,2522.19621396504,,2574.18550279882,2276.02144460705,,,,4.21066666666667,,41.3723577454347,,,,
"1923-07-01",,,,,3.15216122915793,8.039950679063,2500.03578018017,,2569.91324586938,2272.2440368104,,,,4.26166666666667,,39.1825165037103,,,,
"1923-10-01",,,,,3.15734155056481,7.67271739873673,2496.70070509031,,2576.58205329135,2278.14040623904,,,,4.38133333333333,,39.1043078879345,,,,
"1924-01-01",,,,,3.2211352942692,7.26865225072044,2510.87737026846,,2579.8751790021,2281.0520941222,,,,4.45166666666667,,39.8528760675036,,,,
"1924-04-01",,,,,3.16439353609714,6.94213333790731,2515.84752551302,,2591.35342400108,2291.20083116376,,,,4.36666666666667,,40.1210198930208,,,,
"1924-07-01",,,,,3.15622037881566,7.04172507971516,2492.52869295245,,2573.67754462195,2275.57232246637,,,,4.367,,40.5232356312967,,,,
"1924-10-01",,,,,3.22725705560805,7.22748933165708,2468.34644753072,,2573.49869606688,2275.41418967204,,,,4.308,,41.8974727370727,,,,
"1925-01-01",,,,,3.23706820568774,7.50000520158988,2483.33220335605,,2585.0887444986,2285.66178012189,,,,4.367,,43.0594293143141,,,,
"1925-04-01",,,,,3.21472801653885,7.81345570591598,2424.08149033673,,2567.28453367536,2269.91980441971,,,,4.42166666666667,,42.2326525189693,,,,
"1925-07-01",,,,,3.18485792727755,7.87721694854035,2425.85264139518,,2586.6127521804,2287.00926427241,,,,4.471,,42.2214798595727,,,,
"1925-10-01",,,,,3.14675027840911,7.84932214395378,2422.78168010246,,2571.81817295343,2273.92831903831,,,,4.49766666666667,,44.0426233412108,,,,
"1926-01-01",,,,,3.11647013428155,8.00861239623179,2425.23526435777,,2570.1549514226,2272.45774597077,,,,4.441,,43.9532420660383,,,,
"1926-04-01",,,,,3.13383321986357,9.08973675385647,2426.17551915283,,2589.13711914942,2289.24123758953,,,,4.50633333333333,,43.9420694066418,,,,
"1926-07-01",,,,,3.141927492174,9.10134629398319,2395.11674208894,,2595.44744501482,2294.82064784434,,,,4.54566666666667,,45.2157525778488,,,,
"1926-10-01",,,,,3.17572123482849,8.48030455592854,2397.85940167433,,2608.84059518074,2306.66248945029,,,,4.60666666666667,,45.3721698094006,,,,
"1927-01-01",,,,,3.08806007373895,7.40683155907422,2406.77700647014,,2633.07694005743,2328.09157473504,,,,4.54566666666667,,46.634680321211,,,,
"1927-04-01",,,,,3.0570071553306,6.53801523287733,2433.13391128978,,2647.92419913562,2341.21909799196,,,,4.57333333333333,,47.3162125444007,,,,
"1927-07-01",,,,,3.02413636489479,6.29686629395242,2440.31076363523,,2657.92542840991,2350.06189983198,,,,4.58033333333333,,47.9418814706077,,,,
"1927-10-01",,,,,3.01669902094532,6.59828691409601,2427.32035633169,,2677.90971022806,2367.73143216512,,,,4.533,,49.0256294320733,,,,
"1928-01-01",,,,,3.00572190543213,7.09934290873906,2445.20233922334,,2693.01363087084,2381.08588826131,,,,4.503,,49.9753054807803,,,,
"1928-04-01",,,,,3.0599041033992,7.36037792046108,2437.60928948387,,2716.70566355292,2402.03370821917,,,,4.43033333333333,,51.9752115127631,,,,
"1928-07-01",,,,,3.01540610366268,7.65762418665086,2425.37939298665,,2745.73697671642,2427.70236778289,,,,4.47733333333333,,51.6847223684528,,,,
"1928-10-01",,,,,2.99707143338426,7.60265498414897,2484.92386951499,,2788.71336165538,2465.70086230725,,,,4.451,,53.2824126621598,,,,
"1929-01-01",,,,,3.00184466969921,7.33559133779834,2462.34744672728,,2816.2066806603,2490.00967127637,,,,4.485,,54.3549879642289,,,,
"1929-04-01",,,,,2.98565503943831,6.83971397216945,2408.27253817696,,2803.77812088517,2479.02069299838,,,,4.57,,53.0477868148322,,,,
"1929-07-01",,,,,2.9907192192073,6.89862017689585,2389.63792610549,,2823.96314525264,2496.86771617146,,,,4.67366666666667,,54.9471389122462,,,,
"1929-10-01",,,,,2.99349805195339,7.64607451313633,2335.80688126012,,2794.72005739204,2471.01181145718,,,,4.54133333333333,,50.8244275949182,,,,
"1930-01-01",,,,,2.94322049474291,9.05741510344529,2343.94046534589,,2796.15934503518,2472.28438856446,,,,4.44833333333333,,48.9697661350905,,,,
"1930-04-01",,,,,2.87417644930232,10.531212525965,2374.75010142996,,2872.50222695585,2539.7845886105,,,,4.51533333333333,,47.7184282826766,,,,
"1930-07-01",,,,,2.85201477964202,11.7153161616155,2391.04811488725,,2891.18499139364,2556.30335637558,,,,4.501,,45.0034720493143,,,,
"1930-10-01",,,,,2.78172457746152,13.0960562089741,2419.26117617149,,2932.77745359049,2593.07822585996,,,,4.32633333333333,,41.4170483830208,,,,
"1931-01-01",,,,,2.74088015165115,14.2436924394804,2404.32584630791,,2912.31066580948,2574.98207550827,,,,4.37366666666667,,39.8863940456931,,,,
"1931-04-01",,,,,2.71445705941184,14.7104175394506,2445.38015734952,,2896.7446981871,2561.21909064332,,,,4.188,,35.6519561343997,,,,
"1931-07-01",,,,,2.64987199622243,15.3044661988251,2320.16926683617,,2856.80531491503,2525.90582642332,,,,4.45833333333333,,32.747064691296,,,,
"1931-10-01",,,,,2.64220933206371,15.2614238222438,2247.03447858046,,2854.70095092197,2524.0452077654,,,,4.56966666666667,,32.4789208657787,,,,
"1932-01-01",,,,,2.66684056256145,15.1669714271282,2257.13250506085,,2886.25486855676,2551.94428229599,,,,4.283,,30.970611847244,,,,
"1932-04-01",,,,,2.63655936312325,15.4807213447011,2262.70605117689,,2945.33569210426,2604.18186238218,,,,3.93833333333333,,28.5349720987956,,,,
"1932-07-01",,,,,2.58088980726825,15.6106339163448,2380.6073531282,,3096.74221747194,2738.05119628045,,,,3.43266666666667,,30.5907414277613,,,,
"1932-10-01",,,,,2.55942136105738,15.3016733118257,2410.31473624586,,3164.44492502762,2797.91200044052,,,,3.35566666666667,,32.2778129966407,,,,
"1933-01-01",,,,,2.54489353927463,14.9900311772568,2538.9339948092,,3239.93330022675,2864.65667000102,,,,3.334,,32.2554676778476,,,,
"1933-04-01",,,,,2.52621979445182,14.3325114014036,2566.28525419638,,3249.81090467861,2873.39016629697,,,,3.40033333333333,,33.7079133993995,,,,
"1933-07-01",,,,,2.56000858112115,13.5224181041879,2571.28380793721,,3259.29555033847,2881.77621963029,,,,3.40533333333333,,37.7188981227619,,,,
"1933-10-01",,,,,2.54977517551154,12.8750393171515,2552.47032585921,,3205.73142918237,2834.41635054539,,,,3.38033333333333,,36.4787329297446,,,,
"1934-01-01",,,,,2.56220641209119,12.2139339551619,2513.33997775691,,3179.08347429234,2810.85498842961,,,,3.1937,,38.6350561932792,,,,
"1934-04-01",,,,,2.56707553868712,11.7463828846085,2509.68086139677,,3198.39953917068,2827.93370239204,,,,3.16666666666667,,38.8473367218138,,,,
"1934-07-01",,,,,2.5977233429081,11.575188104626,2526.99034622293,,3200.19109065717,2829.51774114835,,,,3.098,,37.517790253624,,,,
"1934-10-01",,,,,2.58677822544183,11.3844950556034,2630.68119271941,,3304.72118966462,2921.94027506797,,,,2.849,,37.9758692888827,,,,
"1935-01-01",,,,,2.57460352055443,11.2785793220378,2704.32525526603,,3366.42616789835,2976.4980579264,,,2.67,2.81833333333333,,37.9200059918999,,,,
"1935-04-01",,,,,2.59652284111609,11.055341592426,2757.38459072393,,3409.48658392799,3014.57085034582,,,2.68222222222222,2.882,,38.1546318392274,,,,
"1935-07-01",,,,,2.61983141383768,10.8069708499632,2801.35317364476,,3453.6596169239,3053.62738697176,,,2.77666666666667,2.98433333333333,,38.6350561932792,,,,
"1935-10-01",,,,,2.64545643174713,10.3391082355729,2843.5548291572,,3500.93412948952,3095.42616342579,,,2.83277777777778,2.933,,39.2160344819,,,,
"1936-01-01",,,,,2.67197332040854,10.0750447895664,2920.35510051327,,3567.5923290338,3154.3634433758,,,2.71833333333333,2.928,,41.986854012245,,,,
"1936-04-01",,,,,2.67356793083914,9.52236274220873,3012.35316318093,,3665.17635398,3240.6444566078,,,2.73444444444444,2.94566666666667,,42.1209259250036,,,,
"1936-07-01",,,,,2.68531987778608,8.98285198001686,3082.65364143719,,3729.79622486311,3297.779504458,,,2.73333333333333,2.94266666666667,,43.1599832488831,,,,
"1936-10-01",,,,,2.72594767265269,8.41974048820797,3109.01936554474,,3755.2800678031,3320.31159197049,,,2.75055555555556,2.94866666666667,,45.9196301198316,,,,
"1937-01-01",,,,,2.77352971285999,7.80233466604783,3121.69937051723,,3816.53057652489,3374.46754584106,,,2.99722222222222,3.191,,46.2101192641419,,,,
"1937-04-01",,,,,2.81998039311907,7.49018548289786,3175.97553634877,,3840.88205776722,3395.99843141834,,,3.15,3.29566666666667,,44.210213232159,,,,
"1937-07-01",,,,,2.8471846559002,7.50140339595764,3190.2375857369,,3861.57093260747,3414.29094481725,,,3.21444444444444,3.36733333333333,,42.5790049602623,,,,
"1937-10-01",,,,,2.8818581770834,8.00607645509668,3177.21921639841,,3866.47624055998,3418.62807828341,,,3.03666666666667,3.34266666666667,,38.791473424831,,,,
"1938-01-01",,,,,2.84620237656265,8.91439384853828,3238.48110026423,,3915.97233786675,3462.39111663946,,,2.91777777777778,3.29133333333333,,37.0485385589688,,,,
"1938-04-01",,,,,2.88044729348194,9.66468747929757,3198.30254952063,,3910.68068489384,3457.71238791899,,,2.90777777777778,3.35766666666667,,35.6854741125894,,,,
"1938-07-01",,,,,2.84346404183957,9.57216193187425,3178.89411879626,,3896.53424736494,3445.2045110991,,,2.985,3.46433333333333,,35.94244527871,,,,
"1938-10-01",,,,,2.80752534040479,8.6487567402899,3118.13819822688,,3829.08278209949,3385.56584821042,,,3.19722222222222,3.51533333333333,,35.4620209246583,,,,
"1939-01-01",,,,,2.81147801819922,7.22608367440444,3162.90807297631,,3837.96096138408,3393.41568126202,,,3.33944444444445,3.61533333333333,,34.5905534917272,,,,
"1939-04-01",,,,,2.82909029426114,6.11977525462781,3219.25002195904,,3871.60706668867,3423.16460849258,,,3.46777777777778,3.69433333333333,,34.0095752031065,,,,
"1939-07-01",,,,,2.89701276385753,4.99350880936381,3295.36305873143,,3923.79277318295,3469.30572262512,,,3.58611111111111,3.94,,33.171625748365,,,,
"1939-10-01",,,,,3.11441074524346,4.38063226160392,3400.42392008414,,4023.71974898521,3557.65830621841,,,3.46222222222222,3.66733333333333,,33.6967407400029,,,,
"1940-01-01",,,,,3.24900006158703,4.08205199524801,3516.58572590772,,4075.2148830604,3603.1888359027,,,3.07555555555556,3.396,,34.3112370068133,,,,
"1940-04-01",,,,,3.31887146984877,3.04818502127931,3683.70327773679,,4148.42032191548,3667.91499822272,,,3.08833333333333,3.43266666666667,,32.0320144899166,,,,
"1940-07-01",,,,,3.42947933444419,2.63398080303751,3920.84475077634,,4289.21842922418,3792.40467126543,,,3.04277777777778,3.40233333333333,,29.0377417716405,,,,
"1940-10-01",,,,,3.5053988006121,2.19578218043515,4109.52384260768,,4378.50245834988,3871.34706478372,,,2.92055555555556,3.30733333333333,,31.0153024848303,,,,
"1941-01-01",,,,,3.61381216216544,1.57587815630721,4339.33709864098,,4547.57132174034,4020.8329344981,,,2.74888888888889,3.22233333333333,,31.5627627952614,,,,
"1941-04-01",,,,,3.67902912394188,1.15198329769239,4563.9665544375,,4661.12358886313,4121.23261228908,,,2.73111111111111,3.161,,31.3504822667269,,,,
"1941-07-01",,,,,3.65982228418968,0.802901485500921,4824.81454135829,,4893.53254195855,4326.72198381601,,,2.71,3.05166666666667,,32.9258272416408,,,,
"1941-10-01",,,,,3.65978646887021,0.589237060499475,5113.99277054277,,5102.2358583861,4511.25150712863,,,2.69333333333333,3.02866666666667,,33.5514961678478,,,,
"1942-01-01",,,,,3.67332514187079,0.528401943191953,5126.63641485851,,5029.13591750588,4446.61862311075,,,2.72277777777778,3.00533333333333,,32.9593452198305,,,,
"1942-04-01",,,,,3.67596089054108,0.454444208094639,5346.64560778532,,5204.47405163624,4601.64760330825,,,2.67333333333333,3.024,,32.6018201191408,,,,
"1942-07-01",,,,,3.68090576115133,0.421232645243374,5540.08104064819,,5355.34657369699,4735.04478670427,,,2.59388888888889,3.021,,33.2833523423305,,,,
"1942-10-01",,,,,3.66645150546556,0.355921203470026,5864.66600195937,,5605.37019225719,4956.10854333042,,,2.515,3.04233333333333,,35.5178842216411,,,,
"1943-01-01",,,,,3.6551245941002,0.334703449272941,6077.67636639082,,5775.1949391791,5106.26274371689,,,2.71777777777778,3.03366666666667,,36.7692220740549,,,,
"1943-04-01",,,,,3.65463287064806,0.325056451136037,6128.84504923652,,5901.06310837635,5217.55179105823,,,2.76277777777778,3.08633333333333,,37.4954449348309,,,,
"1943-07-01",,,,,3.65316253283488,0.306070475794437,6386.19448016438,,5978.8199170786,5286.30214486068,,,2.70611111111111,3.14,,38.3892576865551,,,,
"1943-10-01",,,,,3.65349032951877,0.314169623796574,6677.59750292277,,6248.25523121109,5524.52916938289,,,2.71555555555555,3.13333333333333,,38.165804498624,,,,
"1944-01-01",,,,,3.6677992573515,0.33909063075013,6999.54617459896,,6511.12517436797,5756.95128003388,,,2.73722222222222,3.14833333333333,,38.6909194902621,,,,
"1944-04-01",,,,,3.6827138906734,0.331986068118469,7114.6714238064,,6593.11081424449,5829.44064581808,,,2.73055555555556,3.15833333333333,,39.3165884164689,,,,
"1944-07-01",,,,,3.70001642430062,0.282541255333725,7312.8045833315,,6779.56555432318,5994.29861211708,,,2.66277777777778,3.15166666666667,,40.1098472336242,,,,
"1944-10-01",,,,,3.69415930661393,0.166382045797665,7495.41172779738,,6979.13382915539,6170.75119204477,,,2.64444444444444,3.08033333333333,,40.0428112772449,,,,
"1945-01-01",,,,,3.7108832323949,0.0434903084762976,7792.74009218324,,7215.31526358524,6379.5760840333,,,2.64722222222222,3.018,,40.5567536094863,,,,
"1945-04-01",,,,,3.73519627616843,0.0597971896190563,8160.850654655,,7496.39513101112,6628.09889065041,,,2.615,2.997,,41.2829764702623,,,,
"1945-07-01",,,,,3.76078649351617,0.445404039246592,8466.54486168766,,7734.70657939428,6838.80708026055,,,2.645,2.823,,41.2047678544864,,,,
"1945-10-01",,,,,3.7336875318913,1.09130846265804,8150.11379695991,,7543.65994482113,6669.88909174118,,,2.655,2.729,,41.8416094400899,,,,
"1946-01-01",,,,,3.72865977413205,1.6179042228571,8414.39637726269,,7714.39323960327,6820.84660424759,2,,2.53333333333333,2.69333333333333,,42.2103072001761,,,,
"1946-04-01",,,,,3.73868614277006,2.19294495517297,8742.69775952941,,7986.63516889885,7061.55515789466,2,,2.315,2.55666666666667,,43.46164505259,,,,
"1946-07-01",,,,,3.74962098079795,2.33963539053756,9057.16355113698,,8237.94637374036,7283.75736160818,2,,2.33333333333333,2.57666666666667,,43.3499184586245,,,,
"1946-10-01",,,,,3.74198012778036,2.00951543143234,9390.98472384635,,8582.03218403584,7587.98822693083,2,,2.04333333333333,2.53666666666667,,42.5454869820727,,,,
"1947-01-01",,,,,3.73998178229565,2.69776114138662,9612.54460285406,,8886.45505574615,7857.15025254561,2,,2.02,2.58666666666667,,43.562198987159,,,,
"1947-04-01",,,,,3.73009959346639,1.37703355079097,9490.61210995722,,8841.0977007964,7817.0465722071,2,,2.21333333333333,2.64333333333333,,43.4281270744004,,,,
"1947-07-01",,,,,3.74453157480091,1.18119451024251,9479.75155479464,,8907.0465497558,7875.35666458993,2,,2.66833333333333,2.92,,41.4952569987968,,,,
"1947-10-01",,,,,3.84427128110847,1.22401079757987,9512.10222041215,,8925.74151842707,7891.88622299037,2,,2.73166666666667,2.92666666666667,,40.4673723343139,,,,
"1948-01-01",,,,,3.93749833978697,1.43925141003259,9489.2001447652,,9068.22199638993,8017.86340020962,2,,2.69833333333333,3.15,,40.9254513695725,,,,
"1948-04-01",,,,,4.04692043096455,1.72434800424875,9594.72151736691,,9107.5815233151,8052.66397197645,2,,2.59333333333333,3.26666666666667,,41.9309907152623,,,,
"1948-07-01",,,,,4.03077662718672,1.74610424477123,9630.94021129588,,9121.97021530092,8065.3860432817,2,,2.50166666666667,3.25333333333333,,40.6684802034519,,,,
"1948-10-01",,,,,4.05971719737084,1.6502963409474,9729.82854313788,,9170.67685329591,8108.45106421776,2,,2.29166666666667,3.16,,40.6796528628484,,,,
"1949-01-01",,,,,4.06106657997633,1.52460973136233,9770.80692808498,,9153.40704729754,8093.18159402854,2,,2.255,3.07666666666667,,40.4450270155208,,,,
"1949-04-01",,,,,4.11518459059726,1.47299025078463,9848.91969323249,,9294.11339860614,8217.59013903146,2,,2.3,3.13,,39.0149266127621,,,,
"1949-07-01",,,,,4.19864174042825,1.49811254590117,9885.49783392372,,9319.85735542235,8240.35221181876,2,,2.75166666666667,3.43,,37.7188981227619,,,,
"1949-10-01",,,,,4.25313373659291,1.62428747195184,9668.89639440207,,9276.22048084809,8201.76973118608,2,,2.695,3.56333333333333,,39.0372719315551,,,,
"1950-01-01",,,,,4.29564386538312,1.75498312259482,9752.85406148578,,9228.51047230638,8159.58590160377,2,,2.69833333333333,3.59,,39.338933735262,,,,
"1950-04-01",,,,,4.29708444628509,1.86217172045054,9790.02578964211,,9353.420809623,8270.02806129918,2,,2.60333333333333,3.59333333333333,,40.0763292554345,,,,
"1950-07-01",,,,,4.30462052618347,1.89786872044229,9867.37146692617,,9429.56144403212,8337.34943986058,2,,2.63,3.54666666666667,,39.9981206396587,,,,
"1950-10-01",,,,,4.3817036640686,1.76497643651232,10018.002160274,,9621.28207478335,8506.86335658839,2,,2.55666666666667,3.45333333333333,,41.2026808268182,,,,
"1951-01-01",,,,,4.47866162897405,1.5755885348125,10094.6716436858,,9663.70385031823,8544.37148128675,2,,2.985,3.61333333333333,,42.4003208696042,,,,
"1951-04-01",,,,,4.63521865640786,1.43453780426232,10094.1305550947,,9671.9494533116,8551.66200841318,2,,3.215,3.79333333333333,,46.022216160288,,,,
"1951-07-01",,,,,4.80241460072106,1.51463425110327,10049.9141002872,,9652.0642919067,8534.08011552402,2,,3.24666666666667,3.64666666666667,,44.872868054711,,,,
"1951-10-01",,,,,4.92584039774378,1.75523940982188,9980.63530361083,,9606.47908120991,8493.77497162899,2.33333333333333,,3.515,3.93666666666667,,43.6655696244831,,,,
"1952-01-01",,,,,5.07963345419607,2.10374286603329,9993.51500708116,,9641.74130053739,8524.95282081139,3,,3.875,4.14,,38.1354892035941,,,,
"1952-04-01",,,,,5.20785038652899,2.44922518438527,9761.72826644925,,9689.52654422022,8567.20317116091,4,,4.085,4.28,,36.6729065210699,,,,
"1952-07-01",,,,,5.2477342885228,2.50844374034857,9853.33864905713,,9805.82899865467,8670.03448617897,4,,4.00333333333333,4.30666666666667,,38.338625687278,,,,
"1952-10-01",,,,,5.31317206587788,2.37858820923284,9913.13756443191,,9879.47276917468,8735.14820886252,4,,3.82333333333333,4.21333333333333,,39.2595110799783,,,,
"1953-01-01",,,,,5.34127406627914,2.19897732032758,10060.5011742875,,9992.26335202161,8834.87442712854,4,,3.69166666666667,4.22666666666667,,41.3992153747823,,,,
"1953-04-01",,,,,5.41679683927241,2.05484003527306,10088.3946422743,,10104.4168044539,8934.03731284326,4,,3.54,4.12,,40.1533116081877,,,,
"1953-07-01",,,,,5.43316548172993,1.95188348579775,10122.0631796333,,10234.2593826223,9048.84041930662,3.83333333333333,,3.42166666666667,4.08333333333333,,42.3878129287107,,,,
"1953-10-01",,,,,5.41201428051984,1.91429915860158,10191.1411922566,,10366.6387100672,9165.88644717047,3.5,,3.36333333333333,3.9,,45.4077753194783,,,,
"1954-01-01",,,,,5.4214663432721,1.87536960380519,10334.2014072788,,10497.4652129618,9281.5595118301,3.5,,3.38166666666667,3.9,,48.522534735965,,,,
"1954-04-01",,,,,5.46941875636366,1.78242267594963,10478.506677902,,10686.2773589935,9448.5018292751,3.16666666666667,,3.26,3.76666666666667,,52.8425706223097,,,,
"1954-07-01",,,,,5.59238054571067,1.73871065218878,10598.8752933711,,10795.3116674645,9544.90685681022,3,,3.08166666666667,3.67,,58.0699494691091,,,,
"1954-10-01",,,,,5.61574213906987,1.68349706805636,10658.9167578874,,10924.6826650655,9659.29300517832,3,,3.075,3.68666666666667,,62.3358156264715,,,,
"1955-01-01",3187,4666,4.78464227995189,4.14206775835098,5.68275660839917,1.5973040830833,10663.8717824332,,10974.2266970437,9703.09842600446,4.16666666666667,,3.33333333333333,3.93333333333333,,61.618066717455,,,,
"1955-04-01",3220,4688,4.81179204164143,4.16042536672029,5.7305726445444,1.55169299903261,10633.542780115,,10929.3374775062,9663.40865765333,4.5,,4,4.08,,64.0150772249252,,,,
"1955-07-01",3303,4862,4.89307076028545,4.23117620459782,5.83211892026514,1.52719848051878,10524.2549899565,,10877.658019994,9617.71515444013,4.5,,4.62,4.33333333333333,,64.7192837016961,,,,
"1955-10-01",3367,4953,5.02742165454135,4.33491216858461,5.97425302557201,1.52380443736528,10479.2213363085,,10860.631174405,9602.66050291935,4.5,,4.625,4.35666666666667,,61.3607605047886,,,,
"1956-01-01",3385,5086,5.06185394683385,4.40208584245773,6.02132037431468,1.56227910961146,10428.47690138,,10868.4922201951,9609.6110155284,5.16666666666667,,4.90166666666667,4.59666666666667,,57.6230492050046,,,,
"1956-04-01",3451,5155,5.17661117884018,4.46642419214351,6.12305034847894,1.58951203613717,10415.0498341156,,10951.75756868,9683.23186318618,5.5,,5.075,4.67,,59.8033807965453,,,,
"1956-07-01",3467,5235,5.19969437483195,4.54132453284472,6.12388631143355,1.69912995069344,10457.492277419,,11039.6957252473,9760.98427455233,5.5,,5.29833333333333,4.81666666666667,,59.3023108034583,,,,
"1956-10-01",3519,5368,5.2737620693425,4.62920020490544,6.15104437747625,1.7090789035579,10530.8828757468,,11145.1426120501,9854.21740610754,5.5,,5.24166666666667,4.87333333333333,,56.539654625357,,,,
"1957-01-01",3558,5380,5.30908299958875,4.55442984013764,6.25461073562347,1.80580811143795,10531.7230792597,,11208.4221281381,9910.16735045465,5.16666666666667,,4.79666666666667,4.60333333333333,,61.3743029370343,,,0.357142999357143,
"1957-04-01",3611,5461,5.34934257202263,4.62430798540732,6.28171758084549,1.83999192229405,10655.8442121995,,11355.6815332684,10040.3699188524,5,,5.20833333333333,4.81666666666667,,65.8839328748172,,,0.357142999357143,
"1957-07-01",3701,5578,5.43505159783227,4.75285959720639,6.38876549474177,1.88885948714466,10644.7035051165,,11430.5365912833,10106.5546274112,5.66666666666667,,5.33333333333333,5.15666666666667,,63.5817193930661,,,0.357142999357143,
"1957-10-01",3758,5685,5.48647243787731,4.83024811101071,6.43356533332844,2.0253404791233,10523.4572933213,,11636.0487397502,10288.2626109771,7,,5.76833333333333,5.44333333333333,,55.5781419359198,,,0.357142999357143,
"1958-01-01",3805,5800,5.53094081662267,4.82182404335503,6.46171200191657,2.23014559976333,10257.4427036271,,11631.1821686276,10283.9597275117,6.66666666666667,,5.64833333333333,5.19333333333333,,53.2984630614254,,,0.357142999357143,
"1958-04-01",3821,5724,5.56160099605577,4.88108288801906,6.543567987124,2.49312351733353,10241.9684018171,,11776.8729898287,10412.7753987116,5.5,,5.42333333333333,4.98666666666667,,58.3596085524102,,,0.357142999357143,
"1958-07-01",3879,5824,5.59566428995874,4.85942176995544,6.51968538383516,2.66146181783354,10360.6812656335,,11852.7629925137,10479.8751758469,4.66666666666667,,5.365,4.90333333333333,,63.5863915321908,,,0.357142999357143,
"1958-10-01",3974,5872,5.63331035331827,4.88452986523762,6.56407318765216,2.73526906506957,10814.8537174867,,12184.536990097,10773.2202873166,4.16666666666667,,5.32333333333333,4.85,,70.3039119111343,,,0.357142999357143,
"1959-01-01",3994,5885,5.65903299511819,4.8662369539144,6.61777760315111,2.7483917408493,10780.8491190979,,12187.430613342,10775.7787465074,4,,5.07,4.75666666666667,,73.5246408599428,,,0.357142999357143,
"1959-04-01",4048,6079,5.63790442275145,4.94681848152959,6.51667992592293,2.71256319186494,10819.0295606008,,12309.3100684767,10883.5410865726,4,,5.175,4.84333333333333,,79.5059946220158,,,0.357142999357143,
"1959-07-01",4081,6103,5.66629702306988,4.86290711055711,6.54314243464065,2.63727221853778,11108.551562094,,12645.3625694627,11180.6691287926,4,,5.195,4.78333333333333,,82.9475735558854,,,0.357142999357143,
"1959-10-01",4211,6321,5.68500075230335,4.91181748201087,6.56895063563259,2.46177284874796,11394.0877892246,,12908.3905518385,11413.2309732161,4,,5.06333333333333,4.91666666666667,,100.137064059812,,,0.357142999357143,
"1960-01-01",4259,6425,5.70137178289411,4.87102477994252,6.56633766501543,2.2809485639573,11374.6797081909,,12965.197576482,11463.4581251258,5,,5.37333333333333,5.25033333333333,,103.707472151634,,,0.357142999357143,
"1960-04-01",4272,6484,5.73709741520172,4.95121016750273,6.59313720823007,2.16649830405845,11358.9928224669,,12999.3213432015,11493.6293869638,5.33333333333333,,5.725,5.47233333333333,,99.2168557887239,,,0.357142999357143,
"1960-07-01",4301,6578,5.74635152056077,4.9493215372669,6.61508906307838,2.07976043757413,11331.4215326999,,13102.4002573859,11584.7688246287,6,,6.03666666666667,5.56666666666667,,101.940672271145,,,0.357142999357143,
"1960-10-01",4342,6714,5.80647353533579,5.02035482973501,6.67988783893941,2.0327926944101,11291.5759336202,,13210.3804402885,11680.2418243842,5.33333333333333,,6.125,5.54166666666667,,101.37014314307,,,0.357142999357143,
"1961-01-01",4446,6881,5.84237472964214,5.06336560467889,6.72568197382194,2.02512504395293,11383.0051304782,,13383.7098796596,11833.4947739332,5,,6.08833333333333,5.86133333333333,,109.707230079129,,,0.357142999357143,
"1961-04-01",4494,6881,5.90766762394167,5.04266490804793,6.77208826548589,1.99403477797788,11532.356316548,,13630.3670363329,12051.5820009197,5,,6.10666666666667,6.15,,112.74391737372,,,0.357142999357143,
"1961-07-01",4570,7119,5.98734213068851,5.24329835676383,6.86810475809533,2.08478880267718,11382.4823969168,,13625.6502211156,12047.411527357,7,,6.58666666666667,6.58066666666667,,99.9714265710163,,,0.357142999357143,
"1961-10-01",4601,7037,6.02875272058253,5.19222930552614,6.94895317102326,2.17605137539199,11283.8039556742,,13657.9840025579,12076.0001352363,6.16666666666667,,6.26166666666667,6.486,,96.5482518025682,,,0.357142999357143,
"1962-01-01",4698,7132,6.10305010091074,5.23940200292011,7.01634041143371,2.31483279423567,11353.8419695137,,13911.2855487833,12299.9621420669,5.66666666666667,,6.24333333333333,6.34,,97.9469683746222,,,0.357142999357143,
"1962-04-01",4843,7307,6.19374404374228,5.3180104717217,7.15879966964368,2.49349213438109,11358.2167769595,,13996.7957537259,12375.5678278151,4.5,,6.26333333333333,6.14166666666667,,95.8145220538619,,,0.357142999357143,
"1962-07-01",4814,7381,6.19445686371318,5.3402525506066,7.14593284026073,2.69839492705244,11444.4608747759,,14144.7612904162,12506.39473761,4.5,,5.65666666666667,5.729,,90.4913999665117,,,0.357142999357143,
"1962-10-01",4880,7415,6.203407795538,5.38313210841707,7.13929256536631,2.89328014433078,11578.6236985642,,14338.530901149,12677.7203040314,4.5,,5.07833333333333,5.70566666666667,,94.3869803420512,,,0.357142999357143,
"1963-01-01",4946,7365,6.20317794119903,5.32240514830093,7.25675600945388,3.30643958846683,11760.6498112845,,14637.2657331558,12941.8531270775,4,,5.31833333333333,5.82333333333333,,96.4629476905645,,,0.357142999357143,
"1963-04-01",5108,7750,6.21864215980974,5.36848271673922,7.25767873698004,3.16432009104054,11985.3018326931,,14994.4358765904,13257.6527867938,4,,5.19333333333333,5.47333333333333,,99.0700543849041,,,0.357142999357143,
"1963-07-01",5184,7869,6.2511982394274,5.42711644259553,7.24334756006971,3.07143352312037,12205.2475389325,,15259.1562094637,13491.7109592869,4,,4.87666666666667,5.41,,102.075934468224,,,0.357142999357143,
"1963-10-01",5257,8115,6.35893774550309,5.47255413295004,7.30204731685979,2.85780679737223,12524.7547062556,,15712.1112069995,13892.2008566593,4,,4.94333333333333,5.64666666666667,,106.961746242449,,,0.357142999357143,
"1964-01-01",5341,8142,6.3777850701614,5.45457394931208,7.3656018745761,2.59249169774162,12661.371244778,,15962.0291544315,14113.171181886,4.66666666666667,,5.32,5.94,,104.709849457621,,,0.357142999357143,
"1964-04-01",5418,8433,6.45109468014218,5.54585789337226,7.46209147382474,2.43397221717199,12735.3814302425,,16309.9853637618,14420.8241437099,5,,5.45666666666667,6.05333333333333,,105.339844391471,,,0.357142999357143,
"1964-07-01",5540,8618,6.55563674054787,5.64739103144354,7.55164021964694,2.34200961947917,12979.6617074035,,16672.8741554285,14741.6800691833,5,,5.66666666666667,6.06,,108.704285421185,,,0.357142999357143,
"1964-10-01",5686,8854,6.64673570012807,5.71416806461194,7.61822616423317,2.2315264656072,13029.7465342954,,16925.1256318239,14964.7136342024,6.33333333333333,,5.96333333333333,6.18666666666667,,102.122848984574,,,0.357142999357143,
"1965-01-01",5756,9019,6.74904261869026,5.8365099676058,7.68242386333019,2.2512884210722,13049.4899491453,,17181.6635906068,15191.5371847627,7,,6.38666666666667,6.32333333333333,,99.7067513925192,,,0.357142999357143,
"1965-04-01",5798,9062,6.81123706853253,5.86082086638914,7.79600711187315,2.26141216194831,13131.8022833957,,17572.3944875016,15537.0103060417,6.66666666666667,,6.61666666666667,6.61666666666667,,98.684685143453,,,0.357142999357143,
"1965-07-01",5924,9283,6.87995324089965,5.95824654330783,7.86471912201902,2.27719580135086,13185.2970703529,,17991.9489739094,15907.9684235538,6,,6.70666666666667,6.45333333333333,,95.8228996460672,,,0.357142999357143,
"1965-10-01",6029,9464,6.98295753121845,6.03556504665335,7.93318206255607,2.25010361562861,13394.0149340662,,18529.7723166619,16383.4964926009,6,,6.49,6.34,,104.223949109704,,,0.357142999357143,
"1966-01-01",6133,9606,7.00553104359081,6.11612360612567,7.9956901241114,2.23742167998547,13565.6675317585,,19104.9321228281,16892.0363983253,6,,6.59,6.58,,106.924884836745,,,0.357142999357143,
"1966-04-01",6251,9772,7.08005682064751,6.18599500845686,8.07874859167841,2.31699470466901,13620.9041140925,,19273.2366474171,17040.8464614588,6,,6.85333333333333,6.78,,107.983812491515,,,0.357142999357143,
"1966-07-01",6247,9956,7.19276052431511,6.28128666921816,8.18093980007793,2.44905607368708,13525.8404662862,,19582.1938791367,17314.0176389421,7,,7.27666666666667,7.13333333333333,,97.4917160133952,,,0.357142999357143,
"1966-10-01",6347,10060,7.30182605174953,6.37251963056376,8.2732812339494,2.87652754165842,13344.3130392794,,19735.6158971182,17449.6690139581,7,,6.80333333333333,6.77666666666667,,91.8016553874458,,,0.357142999357143,
"1967-01-01",6402,10158,7.29774520324734,6.3490826681661,8.28090759941254,3.15864257158468,13555.6082995523,,20239.5780320375,17895.2579682504,6.33333333333333,,6.46666666666667,6.45666666666667,,96.3289062152771,,,0.357142999357143,
"1967-04-01",6501,10413,7.30689937533825,6.41976340958578,8.28282658378028,3.35266809492054,13821.6068092272,,20850.1513936305,18435.1095302223,5.66666666666667,,6.47666666666667,6.6,,103.620762470911,,,0.357142999357143,
"1967-07-01",6685,10483,7.3662572860686,6.43627571259168,8.29097532014965,3.47911856714926,14091.5660148699,,21618.5133767588,19114.4732936027,5.5,,6.75333333333333,6.84333333333333,,109.458268719676,,,0.357142999357143,
"1967-10-01",6838,10619,7.47424113691913,6.48605284715053,8.40483676573159,3.4895707663455,14254.9230489711,,22170.5381962067,19602.5579035319,7.33333333333333,,7.10333333333333,7.02,,122.282686867797,,,0.37698433259127,
"1968-01-01",7125,11097,7.559437001522,6.53657539128604,8.48645229593644,3.50141003667216,14580.5166734673,,22651.2151172213,20027.5587354328,7.83333333333333,,7.29,7.18333333333333,,127.563920994119,,,0.416666999416667,
"1968-04-01",6989,11230,7.69895686290572,6.64269361617937,8.61760907661333,3.51656729992942,14457.9770931631,,23253.9766651172,20560.503314409,7.5,,7.41333333333333,7.45,,149.325554507026,,21.6522359820045,0.416666999416667,
"1968-07-01",7180,11586,7.77113959768916,6.72278852505551,8.68720212572986,3.48240801165944,14616.3993098102,,23573.4197544532,20842.9457882982,7.33333333333333,,7.58,7.45666666666667,,164.462188103853,,22.186786598018,0.416666999416667,
"1968-10-01",7364,11882,7.9613849271307,6.86755304496273,8.79622869958422,3.45961465173896,14745.9618157476,,24058.4732941673,21271.8163016981,7,,7.75333333333333,7.74666666666667,,165.671912418322,,21.923506220781,0.416666999416667,
"1969-01-01",7499,12086,8.11500142204109,6.99951599101567,8.95422642622654,3.46343326853078,14611.8186080957,,24425.7286893878,21596.5330535641,7.66666666666667,,8.44,8.51,,171.408887560622,,21.5399928668826,0.416666999416667,
"1969-04-01",7596,12267,8.14716473322843,7.05117238740554,9.05616039022574,3.46012207279156,14353.3548355468,,24422.5538881801,21593.7259848337,8,,8.97,9.21333333333333,,152.311328369052,,21.7418571999963,0.416666999416667,
"1969-07-01",7666,12541,8.21040750262457,7.17001680749331,9.10932866298762,3.5013696926972,14336.1239173769,,24814.2562542141,21940.058051434,8,,9.02,9.15333333333333,,138.052666435357,,21.7418571999963,0.416666999416667,
"1969-10-01",7890,12867,8.3906755398859,7.32269433410189,9.26482025804983,3.57507496598044,14784.1277897949,,25285.609074521,22356.8147792721,8,,8.89,8.88666666666667,,139.88233257303,,21.936790568883,0.416666999416667,
"1970-01-01",8059,13220,8.54505507515269,7.56974859213738,9.42444315663873,3.65197224665861,14904.7442169844,,25659.5345568213,22687.4290320037,7.83333333333333,,8.70333333333333,8.59333333333333,,147.244560603189,,21.572241103217,0.416666999416667,
"1970-04-01",8269,13803,8.6285321447406,7.71940791146734,9.59811882181046,3.73242554716118,15438.902680252,,26590.292128537,23510.3783457388,7,,8.73333333333333,9.36666666666667,,129.326566394148,,21.0475093531918,0.416666999416667,
"1970-07-01",8520,14253,8.7609640493917,7.89569540162247,9.7650646683701,3.79931707885157,15611.2118619513,,27474.3691058396,24292.0540085209,7,,8.42,9.24,,129.869434369063,,21.8901990871343,0.416666999416667,
"1970-10-01",8773,14765,9.05985885652725,8.10627082005506,9.96699456569089,3.81628512732861,16162.6012433889,,28312.6868821398,25033.2706901392,7,,8.68,9.73333333333333,,136.491083248259,,21.4317928142266,0.416666999416667,
"1971-01-01",8982,14986,9.30726356971738,8.26611141688711,10.2372452888079,3.83885497987857,16886.2998065257,,29384.8783423557,25981.2718165237,7,,8.57666666666667,9.27333333333333,,136.504487395788,,21.394442618114,0.416666999416667,
"1971-04-01",9359,15497,9.48320271452249,8.39745648033212,10.5014415533385,4.06666666666667,17075.8399063948,,30271.1786820183,26764.9133129276,6,,8.14666666666667,9.29666666666667,,159.040210428479,,21.2007606733239,0.416666999416667,
"1971-07-01",9614,15993,9.58252916906147,8.51979215600428,10.7862312979648,4.23333333333333,17627.2292878323,,31375.3685329549,27741.2065042756,5.66666666666667,,8.11666666666667,9.03666666666667,,181.053171707549,,22.2405015707779,0.41086322865112,
"1971-10-01",9857,16394,9.74185830781786,8.69904569413489,10.8781102367822,4.43333333333333,18643.853459858,,32938.7628323849,29123.5151793925,5,,7.40333333333333,8.55666666666667,,182.614754894647,,22.9849063814446,0.399483722233244,
"1972-01-01",10199,16599,9.92421681005764,8.79048870076708,11.052992668433,4.5,19350.3211048249,,34652.5245303379,30638.7744220719,5,,7.15666666666667,8.47333333333333,,206.983495101893,,24.075089296329,0.384786944030456,
"1972-04-01",10545,17388,10.0206463539835,8.97109885721167,11.1948071744011,4.43333333333333,20125.0225725446,,36740.7425133168,32485.1172381224,5.33333333333333,,8.08,9.09666666666667,,220.64567247056,,25.8846485399491,0.384729637565635,
"1972-07-01",10938,17759,10.2471865379175,9.1382169529692,11.4669476571136,4.26666666666667,20366.0408069464,,38221.2514663916,33794.1410526328,6,,9.08,9.5,,217.569420612714,,29.1107235974785,0.40905474071589,
"1972-10-01",11413,18832,10.5929790332499,9.54114272562632,11.7382861020915,4.16666666666667,21226.8202155241,,40094.5143758057,35450.4267199159,8,,9.18333333333333,9.72333333333333,,215.059493987958,,30.6178232633001,0.422990523808052,
"1973-01-01",12061,20046,10.7874912700844,9.68174749086064,11.9213374237576,3.9,21244.0358036955,,42185.1860694971,37298.9390370357,8.66666666666667,,9.42666666666667,9.97333333333333,,197.992663146992,,33.7180820674296,0.413454514120383,
"1973-04-01",12149,19874,10.9405111668123,9.58078312437945,12.2240994029603,3.73333333333333,22569.6360929051,,44355.4381114411,39217.8140296482,7.83333333333333,,9.76,10.37,,192.718131094434,,34.2673609824257,0.395346043852771,
"1973-07-01",12521,20558,11.1838786423188,10.003232304408,12.5377080383006,3.56666666666667,21588.3475671267,,46984.8244958581,41542.6425202851,11.5,,11.0433333333333,11.3533333333333,,180.758280461917,,35.7762896526961,0.403385886400786,
"1973-10-01",13015,21315,11.7267555282986,10.4114326917175,13.019331178357,3.43333333333333,22621.2828574198,,49017.3983289639,43339.7863651502,12.4166666666667,,12.0033333333333,11.9433333333333,,168.942524415334,,34.8142333126207,0.42049733682329,
"1974-01-01",13476,21132,12.3572534045587,10.6174756761677,13.5219081451445,3.56666666666667,21967.0905069008,,50386.8793760825,44550.6424700564,12.5833333333333,,13.3233333333333,13.83,,140.043182343375,,33.9882934088937,0.438966761990654,
"1974-04-01",14108,22651,12.8816140282933,11.2190645041895,14.1332785161238,3.6,22552.4205047335,,51282.6840890766,45342.6874624385,11.8333333333333,,13.6533333333333,14.7233333333333,,122.101730876158,,32.1830660179156,0.417201332333333,
"1974-07-01",14857,23896,13.4266765377389,11.7653902466251,14.5964593482946,3.7,23241.0440315956,,52183.7667838891,46139.399095896,11.6666666666667,,14.2866666666667,15.3666666666667,,94.5361014833084,,31.7918515926538,0.425583332333333,
"1974-10-01",15721,24994,14.1792931389744,12.4901180161368,15.2708675254487,3.73333333333333,25100.3275541233,,54374.3595868828,48076.258809617,11.5,,15.5633333333333,16.7733333333333,,72.5801078312352,,30.7202475124336,0.429274332333333,
"1975-01-01",16750,26814,15.1654100217088,13.3945857841547,16.115049288881,4,25634.0107874415,,56137.5760746258,49635.2445677236,10.5,,13.5466666666667,14.6766666666667,,105.410216165997,,29.4983762772347,0.418257665666667,
"1975-04-01",17693,28129,15.9915896781847,14.2835756915619,17.3387176438818,4.33333333333333,26270.9875497889,,57900.8226078061,51194.2568911494,9.91666666666667,,12.84,14.87,,140.321318404596,,27.7169259440912,0.430276999,
"1975-07-01",18214,29260,16.6264774307034,14.9022483578141,18.2395725110355,4.7,27585.3584090653,,59924.0623250584,52983.1477768452,11,,12.76,14.06,,135.901300756994,,27.4240927054971,0.470023999,
"1975-10-01",18983,30890,17.4693814428629,15.5575857494237,18.8854918354922,5,28505.418010559,,60939.3677573263,53880.85189885,11.6666666666667,,13.58,14.7966666666667,,153.638338974398,,26.7899094787193,0.489605999,
"1976-01-01",19870,32449,18.1706077743853,16.0748835851111,19.4946007353013,5.26666666666667,29507.6257907572,,63073.7054865552,55767.9724798949,9.66666666666667,,12.44,13.5333333333333,,167.618864846871,,26.534811489806,0.500245332333333,
"1976-04-01",20489,33322,18.6146869400536,16.5298578066272,19.9785035799553,5.4,30230.5297633594,,65049.3932917131,57514.8193203805,11.1666666666667,,12.7633333333333,13.9666666666667,,164.308040407273,,26.3828115937704,0.553646332333333,
"1976-07-01",21241,34550,19.1253601212893,16.9295274187945,20.5934678268128,5.46666666666667,31577.7598941177,,67411.3252084627,59603.1721944757,12,,13.8033333333333,14.3333333333333,,151.011126058764,,26.2871257820799,0.566293665666667,
"1976-10-01",22392,36678,20.1218419794918,17.6017273694128,21.5631388587526,5.5,31446.3228081901,,68195.4610461716,60296.4827504437,14.6666666666667,,15.4333333333333,15.0766666666667,,132.459785878991,,25.6560229838475,0.605853999,
"1977-01-01",22983,38038,21.0406427494955,18.24269150287,22.5649304439382,5.5,33077.1564113742,,69473.7842365327,61426.7396768529,11.25,,13.2833333333333,13.1466666666667,,168.372848145363,,24.5547697788782,0.583605332333333,
"1977-04-01",23679,39244,21.7744468302879,18.9527841824967,23.2420841856329,5.53333333333333,34715.4185303128,,72114.0270389595,63761.1671028325,8.25,,12.1866666666667,12.69,,184.886757900768,,24.0151172030864,0.581742332333333,
"1977-07-01",24397,40339,22.1734794183472,19.3534399076593,23.7985180607959,5.66666666666667,37293.1361811441,,74743.6838323122,66086.2346813422,7,,12.0633333333333,12.0366666666667,,202.955548769508,,24.2500961430628,0.576365999,
"1977-10-01",25322,42165,22.5575985898781,19.8914900341119,24.2147000945896,5.7,39106.4470263187,,78339.4416467869,69265.5012440897,6.33333333333333,,10.5433333333333,10.8933333333333,,215.655978552987,,24.7984124241384,0.551374332333333,
"1978-01-01",26747,44140,23.3308240746769,20.6302461668668,24.5692942280261,5.6,41254.1077508598,,82508.7368138138,72951.8731853241,6.5,6.05666666666667,11.01,11.18,,205.056648894637,,24.9069975303627,0.518927665666667,
"1978-04-01",27286,45905,23.7357585870615,21.2122464986777,24.8976164870418,5.56666666666667,42296.5111923873,,84643.1246187715,74839.038041901,8.83333333333333,7.21666666666667,12.2133333333333,12.2366666666667,,212.053613904638,,25.5309768375839,0.545126999,
"1978-07-01",28404,47207,24.2076633250926,21.5203905780397,25.4175811077413,5.5,44178.5603199093,,87155.5841763765,77060.4831652612,10,8.99666666666667,12.3266666666667,12.2333333333333,,229.445495323176,,26.7740260190322,0.517839665666667,
"1978-10-01",29182,48906,25.0019329756643,22.1004695223417,25.9476164813792,5.36666666666667,45491.0889243711,,90217.7851001948,79767.9939342901,11.6666666666667,10,12.9433333333333,12.4566666666667,,224.770798872529,,28.3821059831067,0.504123999,
"1979-01-01",30520,50459,25.8206398397102,22.870192734015,26.5765203553554,5.33333333333333,46697.5849353139,,93131.6917606635,82344.3871427824,13.1666666666667,12.0466666666667,13.16,11.8466666666667,,235.815816436209,,29.1448008382616,0.496159332333333,
"1979-04-01",32951,53966,26.3433739184138,23.4385466960043,27.0662484856555,5.3,47462.4093357506,,96469.4093444905,85295.5018890089,12.6666666666667,11.5633333333333,11.89,11.1466666666667,,265.740575794117,,30.5439892416033,0.480867332333333,
"1979-07-01",33781,56767,28.077647990702,25.2125636162603,28.8401115800336,5.36666666666667,49054.4242595326,,99887.6086396888,88317.7762703049,14,13.4333333333333,12.3433333333333,10.7266666666667,,248.244812232231,,30.9694734344324,0.448256332333333,
"1979-10-01",35685,59789,29.3379633381543,26.2856608031816,29.818768572824,5.5,49632.7807103139,,103283.594341579,91320.4100255947,16,14.0166666666667,14.3266666666667,11.6633333333333,,237.414261029011,,32.0540730725783,0.463441665666667,
"1980-01-01",37715,62107,30.5305699053951,27.5661795940383,30.7843823046999,5.83333333333333,49413.0430567362,,106138.311490574,93844.4695552344,17,17.2333333333333,14.6966666666667,12.09,,250.008611604424,,32.4864882296344,0.443889332333333,
"1980-04-01",38087,63704,31.5970845063194,28.8446820712426,32.0025155823794,6.3,50444.1470560509,,111064.861844075,98200.3849468462,17,17.4166666666667,14.1033333333333,12.21,,252.200867293674,,31.9619490063933,0.437989665666667,
"1980-07-01",39458,66021,32.3529662297729,29.9287728045444,32.8724141597365,7.1,50426.7476943494,,115539.128214807,102156.403733214,16,16.7833333333333,13.4166666666667,11.6433333333333,,285.202797154076,,32.5429948407635,0.419999999,
"1980-10-01",40402,68138,33.710970193578,31.2244141742054,33.652372466056,8,51824.9858006342,,121112.857287674,107084.536100708,14.6666666666667,15.4866666666667,13.44,11.7733333333333,,298.734558842825,,32.116548014014,0.419300999,
"1981-01-01",42169,69940,34.66798215862,32.0705595030751,34.5965865308833,8.86666666666667,53463.1314884008,,124493.369589357,110073.488716602,13.3333333333333,14.1033333333333,13.8233333333333,12.0366666666667,,293.721976500303,,31.3373921188198,0.433389332333333,
"1981-04-01",43301,71334,35.5078868641261,32.6337873490561,35.804565107956,9.56666666666667,55402.6570381701,,129830.340616328,114792.286368686,12,11.0566666666667,14.25,12.62,,319.731927276127,,30.7313178025185,0.481324999,
"1981-07-01",44354,73310,36.2684368463315,33.1748858823379,36.6555086328076,9.9,56471.4579557076,,134612.472567891,119020.511125939,12.8958333333333,12.55,15.44,13.6566666666667,,317.899236947462,,30.6111810892492,0.544739332333333,
"1981-10-01",45733,75596,37.4745643823613,34.170624793094,37.5276513331791,10.2,57847.4978818644,,138122.781158694,122124.22592084,14.6875,15.06,16.02,13.7333333333333,,300.470637583458,,29.4794123890023,0.531111665666667,
"1982-01-01",46894,77468,38.5248286801759,34.9500398395503,38.1089847653763,10.4333333333333,58342.8106113329,,141665.839276151,125256.896913685,13.5833333333333,14.1133333333333,14.1793666666667,12.75,,320.881593282556,,28.4473725629117,0.541594665666667,
"1982-04-01",47638,78993,38.9003329780549,35.2675793458036,38.8931495856168,10.5666666666667,59651.4557311913,,145367.23684816,128529.567138792,12.9583333333333,12.79,14.0035333333333,12.6466666666667,,328.627486137354,,28.6966947483025,0.562000332333333,
"1982-07-01",48984,80430,39.361677384531,35.8287268678085,39.3559287010342,10.8,61692.1919942228,123070,150170,132776.033415239,10.7916666666667,11.77,12.6846333333333,11.3566666666667,,340.830537845451,,29.18619409684,0.579671665666667,
"1982-10-01",50529,82667,40.2208949877185,36.5728388680061,39.9565972938626,11.1,64669.1450489748,126619,155447,137464.192399161,9.875,10.17,11.2418333333333,10.21,,378.622088874099,,29.2344220562534,0.606520665666667,
"1983-01-01",52009,85727,40.9854045585925,37.2084408318394,40.4032314732438,11.2666666666667,67076.384321144,130790,160654,142064.862931804,10.8541666666667,11.1566666666667,11.6614,10.71,,402.877245279197,,29.9328129655237,0.653084665666667,
"1983-04-01",52891,86288,41.2600878902021,37.1940213283039,40.5691316253884,11.4,68711.8102314316,134184,165747,146567.41888548,9.89583333333333,10.2466666666667,11.0911333333333,9.97333333333333,,435.935119486609,,30.455523184316,0.643048332333333,
"1983-07-01",54273,88637,41.6452492102631,37.7706319698461,41.252932168745,11.5333333333333,69627.6301389978,137194,169751,150125.489190013,9.5625,9.42,11.3903,10.3266666666667,,449.244945136261,,31.3892780871309,0.662311665666667,
"1983-10-01",55088,90695,42.2700774284527,38.3609145669485,41.8110173875205,11.6666666666667,71967.0913275376,141453,176103,155656.211548358,9.0625,9.06333333333333,10.8235666666667,9.99333333333333,,450.605505446628,,31.285891204077,0.680453665666667,
"1984-01-01",56160,91663,42.7681640471359,38.4480620081626,42.0837895643017,11.8333333333333,75439.3014506379,145735,180623,159664.298360387,8.89583333333333,9.14666666666667,10.7775,9.90666666666667,1057.79687213898,499.221627479665,,31.4566624615608,0.697296332333333,
"1984-04-01",57490,93433,43.5445045132766,39.5876564666675,42.5125540999969,11.8666666666667,78543.6514036275,149736,187419,165674.524730553,8.83333333333333,8.14666666666667,11.3007333333333,10.3733333333333,1084.69836025551,510.426007564756,,31.7592183027513,0.716156999333333,
"1984-07-01",57874,94862,44.0340071558347,39.9007227513285,42.964690098615,11.7333333333333,81032.7827558867,152910,192644,170336.561150581,11,11.1266666666667,11.5486666666667,10.42,1066.69062519073,502.48725340248,,32.8159978205968,0.771047,
"1984-10-01",59732,97962,44.5940105282851,40.4720446336882,43.45898078973,11.6333333333333,83465.7768111013,159573,199901,176771.212770732,9.83333333333333,9.97666666666667,10.8865666666667,9.99333333333333,1164.63281059265,554.504203886279,,32.960585435445,0.822726333333333,
"1985-01-01",61071,99412,44.5397203436344,40.6804753695486,44.0808971346805,11.4666666666667,86789.5885594803,163588,205347,181602.735927349,13.5416666666667,13.2466666666667,11.3148,10.3433333333333,1274.21746148003,613.77360224951,,32.6277066257611,0.897807666666667,
"1985-04-01",62303,103208,45.2323270507162,41.3490960697989,44.7391491653773,11.3666666666667,90256.7543025503,167694,212209,187660.337116781,12.375,12.9,10.9683666666667,10.25,1297.53279689101,625.43583904351,,32.971751988922,0.795630666333333,
"1985-07-01",64116,105169,45.8831198371327,42.1430675155577,45.1141147170352,11.3,94764.5854849221,173339,220961,195361.180401762,11.375,12.0566666666667,10.5568666666667,9.90666666666667,1281.42922926683,619.949224009054,,33.5685850195872,0.727359333333333,
"1985-10-01",65588,106841,46.5522738479826,42.7894397151748,45.5060789115175,11.3,99328.5980270137,179071,229423,202843.479660672,11.375,11.6166666666667,10.4948666666667,9.86,1375.68125152588,668.643888598914,,34.443619253256,0.696186332666667,
"1986-01-01",67589,108753,46.8081356677849,43.1027940246844,45.8443058732864,11.3,103782.322922004,184789,239986,212238.127698774,12.0416666666667,12.27,10.3173333333333,9.48666666666667,1495.77541263768,729.031642491677,,35.0098405252516,0.694600333333333,
"1986-04-01",69322,110079,47.2436631751492,43.2447238459876,46.1030340503831,11.3333333333333,109733.804205844,191106,249586,220699.713174996,10.0416666666667,10.7533333333333,8.97803333333333,8.65,1629.88254317026,800.714856235916,,36.0504477932339,0.663014666666667,
"1986-07-01",70545,111989,47.7567089552784,43.7209513276144,46.5315717649893,11.3666666666667,118166.870426279,197439,257940,228053.7019421,9.875,9.82,9.65286666666667,9.48333333333333,1602.71231219952,792.718849771409,,37.475242258859,0.671540333333333,
"1986-10-01",71801,115779,48.348247276478,44.34649722656,46.9314040063079,11.2666666666667,122560.397858315,202495,265512,234797.39677578,10.875,10.4233333333333,10.8162333333333,10.2333333333333,1621.78593635559,805.742333134815,,38.2723031449731,0.699634,
"1987-01-01",73469,118136,48.8969292969188,44.9346497086499,47.4342026431251,11.1,130117.763406555,207224,275809,243956.764636705,10.5416666666667,10.97,9.69756666666667,9.42333333333333,1895.81587146577,943.850396087942,,39.1207686824381,0.649102666666667,930564
"1987-04-01",75402,121739,49.3699708126397,45.6276512720693,47.584212386268,10.7333333333333,136979.62181947,214186,286452,253333.613910933,9.04166666666667,9.24333333333333,9.00553333333333,8.85666666666667,2132.9852414991,1064.0489353587,,40.3715189352499,0.608908333333333,977287
"1987-07-01",77666,127119,49.8085268094148,46.4989097219347,47.8945137561807,10.2,144284.20531493,218367,297447,263087.867820136,9.54166666666667,9.14666666666667,9.80606666666667,9.78333333333333,2311.01692082332,1174.17608923306,,42.2841762717477,0.618753333333333,1013671
"1987-10-01",80313,129815,50.418488862108,46.9502415052455,48.4390954543073,9.7,150758.702495193,224674,309807,273982.836536412,8.875,9.08666666666667,9.6549,9.19666666666667,1810.80624580383,917.234502426451,,44.3856061200414,0.570941666666667,957010
"1988-01-01",82736,133283,51.1901694466108,47.4355449359327,48.7808504359737,9.2,157705.177955418,233655,322459,285202.522004555,8.54166666666667,8.25666666666667,9.4867,9.02333333333333,1775.3095218719,908.801573332567,,46.0512515925575,0.556846,977560
"1988-04-01",85010,136630,51.90726533395,48.3759808786454,49.2450362841227,8.73333333333333,164129.604113807,243213,334265,295588.676306808,8.04166666666667,7.38666666666667,9.38623333333333,9.15333333333333,1807.09672171171,931.345566640367,,47.9149108625056,0.543042333333333,999917
"1988-07-01",87797,140801,52.3826873790696,49.2372248483813,49.9190311103738,8.4,170143.461743576,253382,351481,310891.539889292,11.375,10.0233333333333,9.7434,9.24333333333333,1819.50308180589,946.296261915174,,53.7848599824897,0.589861666666667,1033151
"1988-10-01",89612,144969,52.9809543403856,50.2911430834504,50.4764846898342,8.03333333333333,172187.808275196,260985,363137,321061.009737819,12.5416666666667,12.05,9.61043333333333,9.07333333333333,1810.90475996714,940.363675216593,,56.4789835355907,0.558930666666667,1049025
"1989-01-01",91564,148623,53.6910269367733,51.3099031715469,51.2372961388977,7.56666666666667,179467.885031864,268157,377846,334263.530632136,12.875,12.69,9.5242,8.81666666666667,2002.96290834488,1037.41233564052,,57.1122041284481,0.572127666666667,1101623
"1989-04-01",93841,151262,54.582302433828,51.897625193212,51.8533469873337,7.23333333333333,186065.506468184,275435,393671,348222.808919812,13.4583333333333,12.27,9.89626666666667,9.12666666666667,2117.79523577009,1089.47235429157,,57.865946488143,0.615242333333333,1143253
"1989-07-01",95292,155370,55.4381905808694,53.2193869012848,52.4849807773407,7.1,195579.364653586,284854,410651,363101.690007632,13.7812666666667,13.8533333333333,9.7099,9.31333333333333,2326.18280792236,1182.75946930324,,59.4810536798366,0.626487666666667,1185541
"1989-10-01",97474,159376,56.4417008168227,54.5992282445381,53.2774964637114,7,201904.574124621,292906,428551,379109.951366328,14.875,14.8733333333333,10.0457333333333,9.78666666666667,2250.38254898314,1131.72972433333,,57.4160113937351,0.630833333333333,1204989
"1990-01-01",100260,163056,57.4037466127085,55.5775261010551,54.19805690208,6.9,203802.168725218,300312,444744,393287.065271562,14.875,14.8633333333333,10.903,10.6933333333333,2304.48125076294,1148.95017151204,,55.5489829050655,0.603572666666667,1263826
"1990-04-01",102623,166719,58.6469504375575,56.4462130599657,55.2874888473446,6.9,210231.790932287,308280,460806,407413.173763906,14.875,14.84,11.5716666666667,11.1033333333333,2268.76558097464,1119.72357664256,,53.4160749275738,0.597488333333333,1291363
"1990-07-01",104209,170068,59.8775732007847,58.2192989581023,56.4159333951002,7.1,212442.987693232,315750,469902,415622.123054398,14.875,14.9033333333333,11.454,10.99,2216.77344512939,1081.97291798311,,53.580685327967,0.537522666666667,1264847
"1990-10-01",105774,170954,60.8070402265074,58.8209285206754,57.4834215783913,7.46666666666667,215909.996670608,323888,479856,424515.749172113,13.875,14.31,10.9046333333333,10.73,2113.09374427795,1018.94013950205,,51.7715111379151,0.514125,1296100
"1991-01-01",107471,173192,61.9456473432796,59.8859177350888,57.9589762475661,8,215547.56152499,332318,486322,430185.053945693,13.0416666666667,13.8233333333333,10.0259333333333,10.0333333333333,2272.72258143271,1098.91386329336,,50.8703895250027,0.524234666666667,1370730
"1991-04-01",109264,175822,63.3996949389173,60.8656184220877,59.9163875401106,8.66666666666667,220452.408172049,339945,494869,437681.255721658,11.5416666666667,11.95,10.1301666666667,10.2233333333333,2500.96774587324,1206.58217482178,,48.5031764512789,0.586044333333333,1404001
"1991-07-01",110723,177280,64.1612019076886,61.4905202601888,60.8450775914217,9.16666666666667,222590.250573179,346490,500522,442717.243285163,10.7083333333333,10.99,9.7334,9.85333333333333,2583.37187194824,1239.60237871814,,48.9919056926801,0.593797333333333,1453967
"1991-10-01",112098,179590,64.9156348500525,62.2148022596072,61.497111753106,9.46666666666667,224213.078636542,350725,508583,449916.887547629,10.375,10.5766666666667,9.47993333333333,9.84666666666667,2502.75938796997,1204.13213879083,,48.0639265933878,0.563985,1458909
"1992-01-01",112945,181438,65.6145692025352,62.8768286384359,62.0083713561663,9.7,224845.448694593,356617,513712,454398.191245934,10.375,10.5466666666667,9.22876666666667,9.25226666666667,2518.83592987061,1207.01115119617,,47.1235295165219,0.564988666666667,1506578
"1992-04-01",114877,181889,65.9691004283494,63.1310548294002,62.4665752536269,9.83333333333333,225661.302479542,359162,519635,459608.978609871,10.0416666666667,10.0133333333333,8.9558,8.66666666666667,2616.90000640369,1265.3891106446,,45.1146087879813,0.5538,1557945
"1992-07-01",116109,182558,66.2928184254454,63.0632819288656,62.74184372944,9.96666666666667,227581.25787207,362509,524599,464068.675848547,9.54166666666667,9.86666666666667,8.94073333333333,8.56576666666667,2415.84461763822,1147.78112457826,,45.352379366327,0.525894333333333,1591107
"1992-10-01",117360,184989,66.8563663970379,63.4144022359364,63.1769406791684,10.3666666666667,232227.465547075,368690,526200,465469.465130731,7.20833333333333,8.02666666666667,8.5513,9.15483333333333,2690.21587456597,1276.59943957179,,43.3348911958946,0.634413666666667,1658764
"1993-01-01",120130,189580,67.7974509138459,64.6647839213909,63.4970889019994,10.6333333333333,231901.863823539,373550,530160,469001.678524563,5.875,6.26666666666667,8.2358,8.94366666666667,2845.1063406808,1383.93372947229,,43.536081685264,0.677772333333333,1745915
"1993-04-01",121324,189802,68.1639709387606,64.4529852125873,64.0687754059637,10.4333333333333,235401.9508526,378818,534333,472694.700650708,5.875,5.77666666666667,8.16563333333333,8.627,2848.60164654841,1403.62517540527,,43.0256931806532,0.651316,1834516
"1993-07-01",123848,193552,68.4379304858134,65.1299909552715,64.5103428092989,10.2666666666667,238847.065531065,383084,540880,478364.625281736,5.875,5.96,7.35683333333333,7.6859,2965.22462439904,1472.31400646386,,43.8681903878115,0.664866666666667,1907454
"1993-10-01",125788,196921,68.9387206473811,65.8155026799559,64.7178041236361,10.2666666666667,247090.527670919,387245,549464,486150.566139267,5.54166666666667,5.76666666666667,6.80813333333333,7.03293333333333,3182.32032012939,1569.60181787979,,42.9508002616439,0.673071213333333,1985318
"1994-01-01",127035,199796,69.0004449753573,66.1250433837242,65.041902776888,9.93333333333333,253958.808478737,394292,558905,494309.572629636,5.20833333333333,5.26,6.86873333333333,6.96736666666667,3338.00792875744,1679.74478478337,98.2338269006185,43.3663693250925,0.67236402,1941698
"1994-04-01",128047,200691,69.39054562549,65.8180026850727,65.3524442420117,9.66666666666667,252293.830126918,395553,562579,497577.992403668,5.125,4.80333333333333,8.22933333333333,7.94896666666667,3062.94917872695,1546.26924180253,97.7811098775934,43.304471964009,0.665280303333333,1899487
"1994-07-01",129409,203292,69.5363483827361,66.0041240586545,65.6504564010106,9.4,255028.124139941,399845,567384,501922.130503761,5.29166666666667,4.84,8.59566666666667,8.17543333333333,3105.5123046875,1554.39060019664,96.229761098055,44.1409045774687,0.64503066,1878130
"1994-10-01",131285,207015,70.0187783851425,66.9220143943227,65.8484064977213,9,254916.765012771,404717,575795,509149.314147147,5.79166666666667,5.31666666666667,8.5246,8.16526666666667,3054.36984592014,1517.50251459025,97.0429216107499,43.7129175364465,0.631031433333333,1867905
"1995-01-01",132420,208657,70.4999774348865,67.1075058297669,66.584407914839,8.86666666666667,266132.38769026,410847,588299,520418.322557964,6.45833333333333,5.92333333333333,8.50826666666667,8.18076666666667,3053.54218292236,1506.34838883561,95.1051774102856,42.9694753597002,0.632069586666667,1951975
"1995-04-01",134536,210748,71.1368820513215,67.6377564743055,66.9414502952253,8.73333333333333,266074.476737328,417763,600468,531208.889569727,6.625,5.95666666666667,8.13956666666667,7.9974,3284.58196721311,1608.40664089743,92.6253262013582,42.8372094590334,0.62620022,2038022
"1995-07-01",136785,214616,72.0556020928983,68.1197961440751,67.4286388526085,8.6,278024.416337785,425530,615452,544169.577508128,6.625,6.63333333333333,8.06693333333333,8.14286666666667,3482.64217758179,1714.06022536918,92.4753817096556,43.1383213493432,0.635527133333333,2100547
"1995-10-01",138940,217824,72.2912235666975,68.9200748656877,67.765019189035,8.43333333333333,285484.682466312,430767,631960,558988.598076651,6.54166666666667,6.71666666666667,7.7984,8.02583333333333,3584.40317692832,1759.43328446343,91.898672126184,42.3117076018719,0.64087554,2152364
"1996-01-01",141825,221433,72.8689610719416,69.5959659366483,68.3345447860626,8.26666666666667,290359.711537724,438159,645390,570846.736716583,6.0625,6.28,7.78313333333333,8.14973333333333,3717.09219741821,1831.50654888447,91.6103173344483,42.6948359022022,0.653124253333333,2216246
"1996-04-01",144580,226187,73.9486896007444,70.8724853653818,68.5685430004988,8.26666666666667,296474.810916322,443235,659642,583462.341158386,5.85416666666667,5.91666666666667,8.08333333333333,8.36406666666667,3761.52950899718,1885.83279909836,92.9800025951931,42.2950540350485,0.65621682,2263031
"1996-07-01",146962,229912,74.5243558859474,71.3812248822828,68.9717756059803,8.1,302110.517657061,448849,677953,599794.787962564,5.6875,5.73666666666667,7.89213333333333,8.28993333333333,3821.71692082332,1894.18599525242,93.9805937225162,43.914204289208,0.643436946666667,2288651
"1996-10-01",149422,232461,74.7135461001297,71.1793176438233,69.3699377580506,7.83333333333333,306565.080842796,455094,691770,611853.229109373,5.9375,5.82,7.54396666666667,7.81856666666667,4009.70000839233,1967.41546790601,100.087948211479,44.3896491825072,0.611055,2310320
"1997-01-01",152301,232749,74.5065941910374,70.1463891021754,69.5944477985578,7.33333333333333,314521.10188747,464995,719024,636635.926853574,5.9375,5.9502,7.35986666666667,7.5715,4272.78684922515,2089.8951019504,104.073011433268,44.9895626417178,0.61353024,2269697
"1997-04-01",155770,235998,75.3903497249441,70.3312829269197,69.7329853972492,7.23333333333333,329071.42737239,476690,737737,652606.908214305,6.22916666666667,6.1333,7.2347,7.3227,4523.25080605159,2168.00248893787,106.676855202641,45.4741525572611,0.611507856666667,2341842
"1997-07-01",158582,243388,75.801462806189,71.917353581872,70.3097739368685,6.86666666666667,334981.923525762,480831,757125,669909.166271942,6.91666666666667,6.81506666666667,6.862,6.76826666666667,4931.14461388221,2316.92257104071,109.445061203305,47.5961827714519,0.61578808,2417744
"1997-10-01",159316,241270,75.3268604648975,70.2310322384746,70.6018797601759,6.5,342659.849504541,489848,773196,683851,7.16666666666667,7.17033333333333,6.3526,6.3016,5032.82965087891,2368.11827145565,111.942213699736,47.0546049278193,0.60251828,2493547
"1998-01-01",161388,245958,75.6747189599896,71.0730006866703,70.7347345278584,6.36666666666667,350547.455667995,495937,790813,698666,7.25,7.33726666666667,5.90666666666667,5.86896666666667,5590.44599454365,2606.58045462947,114.453783935755,48.3240302786873,0.60786887,2710041
"1998-04-01",163833,248081,76.1367872862961,71.2511000634233,71.0257409571773,6.3,360762.064714855,503113,807493,716553,7.33333333333333,7.21746666666667,5.67433333333333,5.56883333333333,5916.77376568904,2796.68760564971,114.958404821292,50.3585570695113,0.604997396666667,2793461
"1998-07-01",167594,250560,76.6673227528746,71.7248165062416,71.2690238309458,6.23333333333333,367560.232805189,510005,829221,736731,7.5,7.3794,5.36396666666667,5.2214,5578.51542217548,2599.91795060713,114.721953892069,52.5727113498871,0.60554535,2818763
"1998-10-01",167985,253902,76.9014530594349,72.2016357116153,71.5761774593637,6.16666666666667,370303.621431975,520728,837691,745187,6.75,6.9287,4.74486666666667,4.69256666666667,5438.68412853423,2500.97031726893,111.584653757984,51.9886813503636,0.59688276,2920125
"1999-01-01",170316,255903,77.187564332298,72.2897819959062,71.8470925451946,6.2,380298.682773176,525567,846581,751304,5.66666666666667,5.776,4.39433333333333,4.45933333333333,6057.29207744296,2771.4292195097,111.561585374645,52.3761415033358,0.61234347,3004315
"1999-04-01",173255,258404,77.0392201020613,72.6458047130007,72.0810998748837,6.03333333333333,386336.654783807,537088,853357,757957,5.16666666666667,5.1652,4.80796666666667,4.66313333333333,6404.66230148566,2964.89586331779,114.223100102366,54.0272512036534,0.622279603333333,3041140
"1999-07-01",174125,261604,76.6135947495164,72.3662829088717,72.155582589917,5.86666666666667,395305.492473142,545342,852947,757359,5.08333333333333,4.9193,5.36303333333333,4.60713333333333,6250.83846153846,2934.02833321585,113.242693810464,57.3247536980785,0.624670973333333,3015616
"1999-10-01",176040,267337,76.8928678282142,72.902411965391,72.3587662825412,5.83333333333333,403117.754512731,562660,872141,774691,5.41666666666667,5.03166666666667,5.3446,4.29163333333333,6422.48887803819,3002.39504257642,115.367868625557,58.595237946259,0.612933333333333,3133823
"2000-01-01",179170,272305,77.182974768082,73.3472965672357,72.391019658739,5.76666666666667,413375.862922736,564130,891114,791724,5.91666666666667,5.65183333333333,5.41386666666667,4.36716666666667,6400.5390701294,3048.40732162005,115.627387938119,60.2810987311041,0.622413333333333,3152303
"2000-04-01",180798,273916,77.0624344086544,73.2400120461087,72.565992098982,5.46666666666667,423888.69399526,572749,910713,808042,6,5.9167,5.1401,4.37273333333333,6328.7835793417,3012.24300396837,114.476852319093,63.0444356630839,0.652596666666667,3214193
"2000-07-01",183249,276174,77.1556682306349,73.3746657745057,72.7081001990067,5.33333333333333,434841.585614889,585854,928410,821168,6,5.99906666666667,5.17166666666667,4.5002,6458.9906539917,3104.26238309351,111.821104687207,64.318577920162,0.677173333333333,3279947
"2000-10-01",184848,278357,77.0824167519146,73.5046738446114,73.0838865300997,5.23333333333333,446598.409177603,601680,944317,836092,6,5.8443,4.9546,4.4305,6301.86188616071,3018.72548457363,112.729422281175,65.756560470497,0.69154,3277036
"2001-01-01",187254,282889,77.9407472618928,74.0105218258695,73.027116767349,5.1,461687.508124399,612203,964740,851947,5.83333333333333,5.7224,4.6938,4.3962,6004.99842834473,2898.28468879815,109.603656338759,65.8321272332505,0.685473333333333,3254710
"2001-04-01",188571,286728,78.0481817858993,74.6982672232009,73.6480312735301,4.96666666666667,473271.758169618,630685,980541,867357,5.33333333333333,5.20526666666667,5.0071,4.85733333333333,5800.47868372182,2799.90694329863,111.426058622529,67.2058058377009,0.70413,3259276
"2001-07-01",191634,288166,78.1301531250522,74.6835688277842,73.8661297656236,5.1,485756.668939385,642702,1006367,885768,5,4.98383333333333,4.98476666666667,4.8175,5276.4593963623,2543.41593938817,111.622139880909,69.5695534293111,0.695663333333333,3175762
"2001-10-01",190898,288352,77.1968465394053,74.5079355810229,73.8097039778589,5.16666666666667,495148.938718043,655156,1008431,889417,4.16666666666667,4.2525,4.73583333333333,4.62366666666667,5158.68908691406,2483.12375508103,111.625023428827,68.1305119816637,0.693353333333333,3229904
"2002-01-01",193401,292486,78.132586640884,75.3656797294394,74.1286223442319,5.16666666666667,503639.924804138,669011,1020138,899724,4,3.95633333333333,4.96063333333333,4.8105,5190.04998582409,2511.38114061888,111.258812843322,70.4145534846626,0.701416666666667,3271918
"2002-04-01",194641,295516,78.3206843578407,75.781624661711,74.3614790934602,5.2,517719.506115152,682889,1041531,916448,4,3.72663333333333,5.14223333333333,5.0151,5052.57048860143,2451.37348495129,110.336077509768,75.5070794505093,0.683803333333333,3251729
"2002-07-01",196838,299230,78.4045942265682,76.1887299618916,74.5926972796326,5.23333333333333,528333.48889111,695231,1066481,936290,4,3.9564,4.722,4.5984,4152.91538085937,2010.95395595035,112.037370781009,80.5293331401648,0.64601,3192007
"2002-10-01",199892,304207,78.9270036601668,76.8639593233651,74.9060627349758,5.1,541136.144762915,709722,1081917,949723,4,4.04526666666667,4.59413333333333,4.57313333333333,4006.39218521118,1924.36542272557,112.52757392696,84.0528620791064,0.637663333333333,3237366
"2003-01-01",201705,307485,79.1427707092081,77.1294047386396,75.2606373765115,5.13333333333333,556338.618047015,724940,1096611,960680,3.83333333333333,3.8161,4.3139,4.4662,3691.8174719432,1776.83070953028,108.605948759354,85.5785405795923,0.62397,3257324
"2003-04-01",204259,312948,79.1869625198992,77.8158973663222,75.3048257111259,5,568580.737248708,741938,1125708,983403,3.75,3.65333333333333,4.279,4.54236666666667,3992.47539382684,1931.70284302235,105.693565362822,87.6683225574488,0.617913333333333,3320107
"2003-07-01",207126,317463,79.7171492016887,78.2204509645326,75.5861767614683,5.03333333333333,583528.566658402,760937,1136380,991802,3.5,3.4385,4.56846666666667,4.71566666666667,4162.81078725961,2055.0272976116,105.500367652359,89.921752301778,0.62131,3354035
"2003-10-01",209227,320438,80.0487745441715,78.2951721890134,75.9345505174852,4.86666666666667,598696.42928476,782933,1160051,1011667,3.66666666666667,3.56036666666667,4.9252,4.82066666666667,4342.30936431885,2148.23442163105,107.36602315489,91.256251705667,0.586696666666667,3438647
"2004-01-01",211160,322778,80.3308204393141,78.5535481587306,76.230674614382,4.8,613446.782632974,795540,1183137,1022887,3.91666666666667,3.9024,4.7364,4.68623333333333,4453.49063110352,2219.11178012828,111.276114130827,92.1579508989316,0.543916666666667,3475739
"2004-04-01",214193,329732,80.827508731517,79.7902235343724,76.3773846103006,4.8,636189.591384879,814624,1215625,1040573,4.25,4.1524,5.03726666666667,4.86696666666667,4482.65903560451,2230.43075103027,111.668276647587,96.844534140534,0.554003333333333,3521138
"2004-07-01",216372,331592,81.2154405406874,79.9465893232556,76.5444332801722,4.7,652355.149316545,835393,1238051,1059328,4.66666666666667,4.6079,4.9483,4.72306666666667,4436.175390625,2205.18424206139,111.172306405802,101.082048658257,0.55018,3570546
"2004-10-01",219746,338535,81.8290751190413,81.2315919218061,76.9975236170275,4.7,670365.415172803,852239,1265743,1084841,4.75,4.7441,4.61913333333333,4.49546666666667,4712.41248321533,2345.83990752897,109.087501261552,101.057501493286,0.53662,3663951
"2005-01-01",222776,341254,82.1049209307038,81.2842640886305,77.5073787099712,4.73333333333333,686076.038103217,869208,1307541,1111713,4.75,4.77923333333333,4.593,4.50706666666667,4929.65243980533,2474.57417739441,108.88276935942,98.8066708605418,0.528496666666667,3753198
"2005-04-01",222788,348491,82.1726928757209,82.3196424565053,77.844633400292,4.76666666666667,706714.224306603,891108,1343281,1137924,4.75,4.7713,4.3989,4.39133333333333,4957.61108785962,2479.03297004105,109.828573076313,100.676683514365,0.53871,3850165
"2005-07-01",226890,352001,82.7645164756192,82.4612979876983,78.3678100335033,4.76666666666667,727101.356861904,913670,1379924,1160729,4.58333333333333,4.62733333333333,4.24153333333333,4.26943333333333,5311.8153921274,2660.82404920799,107.674562782047,102.621011506845,0.560673333333333,3933308
"2005-10-01",230371,357003,83.5211480241399,82.8545219121426,78.6621452563669,5.1,756948.206800792,931693,1427991,1191468,4.5,4.53616666666667,4.24566666666667,4.1749,5431.37775142609,2734.36027772061,107.193010279848,102.265703326815,0.572113333333333,4011704
"2006-01-01",230690,361213,84.1066008268296,83.4176863103455,79.0193407256805,5.23333333333333,768137.984305211,954934,1470482,1222054,4.5,4.48286666666667,4.12603333333333,3.93323333333333,5822.84060668945,2961.20451430663,105.673380527401,103.043222744344,0.570613333333333,4034822
"2006-04-01",233363,367042,85.1810633017705,84.4668411682183,79.6380796891237,5.46666666666667,775779.344781174,968780,1520553,1255577,4.5,4.52443333333333,4.54763333333333,4.30953333333333,5843.31641425461,2985.10982015084,107.351605415303,105.529706160809,0.547853333333333,4003394
"2006-07-01",236444,370883,85.7487729993809,85.1116165718818,80.2599625882321,5.5,794403.678016865,985440,1573590,1294313,4.66666666666667,4.71256666666667,4.54413333333333,4.269,5869.30311584473,2985.83837802708,109.906428870082,108.112356705924,0.53357,4140144
"2006-10-01",237373,372900,85.9709639606547,85.1195074873684,80.8061745480532,5.46666666666667,829628.513316365,1005106,1608066,1311218,4.91666666666667,4.9689,4.50473333333333,4.1591,6145.73014322917,3160.66638583661,111.697112126761,109.335286838436,0.52191,4190307
"2007-01-01",238029,376958,85.3150994650436,85.2609188932437,81.2897897817426,5.5,830662.857406291,1022302,1657178,1347892,5.25,5.28153333333333,4.7557,4.358,6265.79376220703,3250.51227184831,112.149829149786,110.746700692567,0.511663333333333,4202872
"2007-04-01",244129,386144,86.6284559524578,86.7179653668556,81.6226094862303,5.36666666666667,865241.087338103,1042124,1712956,1384267,5.41666666666667,5.45953333333333,5.09163333333333,4.6819,6537.30163774334,3390.84320738346,111.129053187041,113.904043688178,0.503433333333333,4146585
"2007-07-01",249942,389291,87.0028041458908,86.7955312620796,81.6958578506796,5.26666666666667,882006.887401272,1055675,1781262,1424384,5.75,5.86023333333333,5.0829,4.6716,6361.9125289917,3283.54850604189,110.638850041091,117.179886919393,0.49514,4258023
"2007-10-01",250499,392244,87.3113284562951,86.9349569021187,82.527948037882,5.2,884062.219746442,1070381,1812742,1449238,5.66666666666667,5.72023333333333,4.73593333333333,4.53266666666667,6455.12028503418,3299.74348808384,107.276633169452,115.833739645067,0.48885,4385977
"2008-01-01",255440,397800,88.5868478506895,87.7528196530877,83.2076072554659,5.23333333333333,889480,1088895,1854026,1457552,5.33333333333333,5.38163333333333,4.50696666666667,4.49786666666667,5881.42099294355,3000.03425473324,100.174454649,112.231274724651,0.505363333333333,4295899
"2008-04-01",256139,400685,89.8827284085091,88.8617002730227,84.4053857026995,5.36666666666667,880327,1106243,1905556,1476196,5,5.048,4.87316666666667,4.78846666666667,5983.2761811756,3049.33138710218,97.3168586628988,109.336923316101,0.507603333333333,4158482
"2008-07-01",255820,399994,91.227312904957,90.0932644082979,85.6112557971895,5.86666666666667,872454,1112637,1975957,1485347,5,4.96646666666667,4.74676666666667,4.71466666666667,5354.49079026442,2725.22142323523,96.1951585230468,103.741902443791,0.52415,4139582
"2008-10-01",247923,395121,90.597362735798,90.944001681696,85.6824914523624,6.36666666666667,860856,1120295,2094926,1504481,3.16666666666667,2.94953333333333,4.1885,4.6327,4260.1937789917,2134.03147182345,89.1650687005291,96.7652131054907,0.638748333333333,4258215
"2009-01-01",247706,386874,90.8631060124491,90.8950566030654,85.6798087119178,7.03333333333333,880634,1131545,2173029,1522917,1,0.915233333333333,3.6245,4.42376666666667,4033.76826016865,2030.86338332861,83.0375293761444,92.1426450195968,0.699034297055805,4257288
"2009-04-01",248137,386553,91.0798636165338,91.1122942110172,86.1618088950793,7.76666666666667,864849,1144755,2171625,1522893,0.5,0.413,3.67443333333333,4.6148,4263.80492363601,2176.69776042203,86.9505038999986,92.3740622140676,0.647029790213774,4381105
"2009-07-01",249482,388596,91.0619524731017,91.5237556771106,86.942897539656,7.86666666666667,893081,1165370,2205563,1515992,0.5,0.423166666666667,3.82546666666667,4.41346666666667,4714.69693509615,2419.31360035015,89.1275825776035,95.318663113264,0.609363347715853,4511049
"2009-10-01",250339,386779,90.684329041487,90.8294289840585,87.5261423354109,7.76666666666667,919965.999999999,1185934,2241287,1524860,0.5,0.4491,3.85246666666667,4.34976666666667,5236.47657775879,2679.84573813604,86.5150881644776,96.4999111970208,0.612249618998552,4601606
"2010-01-01",249158,396176,90.7053354307079,92.1853568731018,88.4392600495637,7.96666666666667,952688.999999999,1203853,2260559,1537588,0.5,0.464333333333333,4.20523333333333,4.66796666666667,5431.03335038442,2774.24056000752,85.7509479663778,96.0983965888104,0.641092461119519,4849334
"2010-04-01",257448,401223,91.5063274133007,92.3665936478785,89.1652306204335,7.86666666666667,956552.999999999,1208964,2241930,1539720,0.5,0.481266666666667,3.9558,4.56613333333333,5356.02132428279,2762.48284385382,86.2671030435848,96.6047420309554,0.673256442196084,4866757
"2010-07-01",259352,404365,92.1090950866667,92.5481146314294,89.6745796057095,7.83333333333333,937842.999999999,1217265,2229004,1543546,0.5,0.494,3.38583333333333,4.2808,5318.09692007212,2744.79691608205,88.5335717066278,97.7147552046006,0.641782773376167,4949103
"2010-10-01",261158,406789,92.9112744473465,93.0420801583007,90.4561189692623,7.9,943969.999999999,1226866,2208130,1563327,0.5,0.5114,3.44073333333333,4.35836666666667,5762.85466003418,2980.51961531331,86.7976758603786,94.6497288019588,0.632585705548889,4814595
"2011-01-01",263600,414806,94.6125207120606,94.6155010732576,92.008756488777,7.76666666666667,943623.999999999,1234055,2231238,1560523,0.5,0.5099,3.89426666666667,4.55246666666667,5945.4015531994,3087.61525439192,87.752130221024,91.5967353233222,0.627526655910439,4940208
"2011-04-01",263812,412364,94.9138403493723,93.9756065218117,93.1074976045895,7.9,938196.999999999,1242136,2226545,1564003,0.5,0.5256,3.67026666666667,4.40503333333333,5905.47997233073,3077.72979408355,86.4603007540478,90.8797655793877,0.611876847613123,5160057
"2011-07-01",266768,416115,95.6388592878433,94.5396692760526,93.8978788052953,8.3,948946.999999999,1253863,2193756,1581559,0.5,0.536466666666667,2.95186666666667,4.01826666666667,5463.11077223558,2842.24666761852,86.6188958895024,91.3900578206064,0.621550174266156,5325401
"2011-10-01",269286,419305,96.3639706506931,95.1445537666786,94.6715714920889,8.4,941276.999999999,1265173,2153086,1585488,0.5,0.5302,2.4022,3.26343333333333,5429.17776537698,2796.17996227077,88.1327585461151,89.3013347400624,0.635609665172261,5179596
"2012-01-01",269540,424540,96.4537046985668,95.4995862461719,95.1957507244714,8.23333333333333,947660.999999999,1280030,2126295,1609282,0.5,0.501666666666667,2.27043333333333,3.2666,5821.92501068115,3009.33132325572,88.6085439524791,88.1068985715957,0.636509899706589,5110205
"2012-04-01",273132,424939,96.9692253482391,95.7038688574999,95.6308424518701,8.03333333333333,961883.999999999,1290706,2104164,1620129,0.5,0.4856,2.00466666666667,3.15476666666667,5554.41864737818,2886.54803243167,90.7337187675716,89.0110043496614,0.631942884343805,5353278
"2012-07-01",275801,430964,96.8109359959273,96.1462954101906,96.1343716126066,7.83333333333333,981886.999999999,1312832,2114000,1647008,0.5,0.447233333333333,1.72566666666667,2.89356666666667,5744.44062805176,2988.02660628599,91.8842543865973,89.7669607673732,0.63278521980182,5282963
"2012-10-01",281578,433272,97.6916626126483,96.7571069247833,97.1717118945504,7.8,1010099,1329131,2131671,1668496,0.5,0.429966666666667,1.83886666666667,3.03,5843.57968139648,3056.55815665603,91.8150492365807,87.866913935233,0.630949951577095,5360160
"2013-01-01",282663,438283,98.5977172733014,97.5512141993743,97.8465735030371,7.86666666666667,1041479,1349023,2132010,1681656,0.5,0.4237,2.1348,3.2713,6300.00322108115,3314.55009690677,88.1846624086276,86.9151577781061,0.645288266196591,5382123
"2013-04-01",287087,442095,99.1711483623293,97.7434163344542,98.2198698738711,7.7,1059440,1370940,2135666,1701206,0.5,0.4328,2.0709,3.1742,6438.1371046497,3394.68951581594,88.4268804336856,88.0598257728867,0.65075228344344,5158954
"2013-07-01",291076,448800,99.3640008209687,98.412132532736,98.7553637851751,7.56666666666667,1091458,1384888,2172140,1717794,0.5,0.429,2.76476666666667,3.61893333333333,6530.1769155649,3470.19994167833,89.3553828630747,89.9101044313408,0.644677435929153,5385842
"2013-10-01",292266,452183,99.4536507440437,98.4964831216297,99.1701183207242,7.16666666666667,1125760,1401106,2135585,1730648,0.5,0.4276,2.88473333333333,3.61913333333333,6612.42501831055,3527.03315239351,92.1149382199859,89.851961342547,0.617924324884723,5434041
"2014-01-01",294485,457683,99.9191127893365,98.8896688854001,99.609711189499,6.73333333333333,1147651,1420455,2130632,1751237,0.5,0.421433333333333,2.90576666666667,3.58766666666667,6680.21743241567,3588.58615654247,94.3093181850949,90.9248168468637,0.607183624991945,5545398
"2014-04-01",298447,461549,100.753100812405,98.807125484601,99.9752213539248,6.26666666666667,1175648,1439745,2123124,1770479,0.5,0.423466666666667,2.8048,3.4808,6764.3623046875,3615.0044858278,95.7193731166828,93.5617599450914,0.594161805326779,5714655
"2014-07-01",302370,470624,100.483347962322,99.9700706794528,100.159697406079,5.96666666666667,1188237,1454834,2116506,1782713,0.5,0.427666666666667,2.62056666666667,3.21373333333333,6755.56923076923,3602.09260075141,96.8929771190473,96.5135805986909,0.601561125819207,5921648
"2014-10-01",303383,472658,100.256296811456,99.7078678308075,100.049040194042,5.73333333333333,1203875,1473399,2113874,1806299,0.5,0.430433333333333,2.1308,2.80076666666667,6526.19065093994,3494.97120334741,96.02791274384,96.6416109101078,0.62801195137509,6029698
"2015-01-01",303222,474680,99.7128575667128,99.8650523739606,99.7442692935221,5.53333333333333,1229496,1489037,2116042,1821891,0.5,0.4478,1.70163333333333,2.333,6792.80002170139,3657.45686539444,97.8878011505356,97.0309963309208,0.658607993307859,6049202
"2015-04-01",305440,476591,99.8560451046948,99.6502676821992,99.9547281632924,5.56666666666667,1247686,1504247,2116820,1835101,0.5,0.458666666666667,1.9807,2.58043333333333,6920.16063652664,3758.03612779875,99.3901296154789,98.5036337023911,0.652842129587234,5902578
"2015-07-01",310063,479924,100.145152032795,99.969576094962,100.160000547048,5.3,1261240,1520797,2103955,1851199,0.5,0.4561,1.99016666666667,2.6128,6398.65692608173,3505.43373878352,101.717152784786,101.675801260377,0.644960296438682,6181641
"2015-10-01",309600,485256,100.285945295798,100.515103848878,100.141001996137,5.1,1283005,1547452,2120010,1873817,0.5,0.4611,1.91326666666667,2.6335,6271.12187194824,3444.4390619941,101.004916449199,102.789568706311,0.661771496391929,6125909
"2016-01-01",316353,489683,100.404053481139,101.075061863521,100.108903309991,5.06666666666667,1324790,1573931,2144977,1906902,0.5,0.4654,1.61546666666667,2.40653333333333,5988.35967426915,3291.18891980857,95.3243270520048,104.428164165664,0.699025260541282,6502155
"2016-04-01",320348,493710,100.823601426181,101.334538740432,100.295634273029,4.9,1370984,1601302,2192412,1945131,0.5,0.463133333333333,1.47346666666667,2.26263333333333,6204.19680059524,3403.79483173969,93.2568231952594,106.046062995726,0.697206190274381,6797536
"2016-07-01",325558,500801,101.624499806963,102.356080203481,100.82493187988,4.86666666666667,1401931,1632310,2230257,1990498,0.333333333333333,0.306166666666667,0.808366666666667,1.51033333333333,6765.43689903846,3676.28174881183,86.1978978935682,107.752524146469,0.761352581695348,6948245
"2016-10-01",327186,507451,102.129741882943,103.078318511387,101.344943034634,4.73333333333333,1414173,1649182,2250604,2006148,0.25,0.211766666666667,1.31493333333333,1.9631,6922.68890283978,3762.19334579138,83.9429634221947,106.985208648496,0.804953822277326,6681231
"2017-01-01",329572,513814,102.14197852339,103.502220901747,102.300670257548,4.56666666666667,1434841,1663813,2289912,2036600,0.25,0.2112,1.32366666666667,2.00666666666667,7273.69372558594,3951.41859205954,84.5715768681786,106.744165114821,0.808514534162507,6938239
"2017-04-01",332003,517656,102.877187984756,103.621913662558,103.061744317642,4.36666666666667,1457868,1677630,2308686,2061062,0.25,0.212033333333333,1.0996,1.81756666666667,7390.62294281506,4042.44203280715,85.7249960351216,107.871987015994,0.782029137880404,6852934
"2017-07-01",335734,521257,103.352374249593,103.686660187592,103.629229798312,4.26666666666667,1483950,1694125,2337524,2082244,0.25,0.212633333333333,1.22543333333333,1.90953333333333,7380.35311126709,4043.67818725057,84.4245159243934,109.732950910965,0.763866986827897,6861143
"2017-10-01",339612,529755,103.984959108258,104.606356863389,104.422462315851,4.33333333333333,1486518,1702058,2333126,2098762,0.416666666666667,0.374066666666667,1.34073333333333,1.93923333333333,7476.83175998264,4106.34437105949,85.9008924580804,108.73133031676,0.753496070505682,6901023
"2018-01-01",343665,531131,104.55975616918,104.810828628688,105.090994943814,4.2,1500097,1712138,2335619,2109998,0.5,0.4634,1.51946666666667,1.94583333333333,7354.19046068948,4044.92662723426,86.8928329416514,108.339827101322,0.718660712166559,6705828
"2018-04-01",344294,535707,104.870942434985,105.541637939957,105.545085104043,4.06666666666667,1524556,1731498,2348829,2132659,0.5,0.4551,1.49206666666667,1.87906666666667,7549.27094096522,4153.11131611173,87.0543116250234,108.602529898206,0.734834224021979,6859213
"2018-07-01",349022,540205,105.486468770372,106.099961169043,106.210757438694,4.06666666666667,1533726,1743462,2356432,2134127,0.666666666666667,0.6156,1.4337,1.83526666666667,7552.58436584473,4155.04744059244,86.2238498248245,110.040223658365,0.767158977978271,6792227
"2018-10-01",354692,545261,106.052532567426,106.947743152655,106.806718352857,3.96666666666667,1542211,1763077,2382611,2153297,0.75,0.7018,1.42516666666667,1.94783333333333,7001.20156097412,3830.37785958235,86.4776020415519,108.847809021131,0.777472246872578,6668941
"2019-01-01",354706,549060,106.16311579567,106.912682845828,107.049763588999,3.86666666666667,1545123,1774715,2390728,2163149,0.75,0.705566666666667,1.23543333333333,1.7488,7066.62067522321,3876.91655426686,87.1206332271227,107.821641261955,0.767902065465632,6954016
"2019-04-01",357618,556104,106.736783877999,107.947770809315,107.643301825608,3.86666666666667,1553962,1792680,2404897,2179337,0.75,0.708666666666667,1.0614,1.60066666666667,7354.93605116547,4025.17867257254,86.7227036145273,107.525823858208,0.778083914768211,7132895
"2019-07-01",358308,562999,107.166552722278,108.516715680466,108.170430300594,3.86666666666667,1583397,1819247,2447107,2214390,0.75,0.709633333333333,0.611533333333333,1.16406666666667,7363.46925330529,4027.03066702791,84.0957914618146,108.842322007785,0.811403593254662,7437978
"2019-10-01",357308,565758,107.31180851079,109.048155282592,108.324988424909,3.8,1598230,1833168,2472643,2235092,0.75,0.710466666666667,0.691266666666667,1.22556666666667,7319.96402740479,4047.77362416901,87.6915757147594,108.230664414745,0.77639086655921,7112659
"2020-01-01",345938,555891,106.920217641021,110.071622756919,108.854108643425,4.03333333333333,1689830,1895121,2585816,2324161,0.533333333333333,0.5803,0.549066666666667,1.0345,6857.29061126709,3814.26036339962,87.5358641272221,107.930996475316,0.781397975473766,7149978
"2020-04-01",266885,476160,107.497442740233,118.345949602516,108.311789056836,4.2,1796984,1993381,2718447,2439574,0.1,0.0659666666666667,0.263766666666667,0.682966666666667,5985.88197201588,3297.92284361917,86.0940901685434,108.131031803981,0.805735963241585,7528304
"2020-07-01",319357,533806,107.51484548531,113.602009095329,108.848540709329,4.93333333333333,1832408,2024132,2749169,2471045,0.1,0.0569333333333333,0.2249,0.731566666666667,6059.24921123798,3372.90350492977,86.0796724289566,110.918145793795,0.774139782505376,7358778
"2020-10-01",314078,537629,107.540268712767,112.872909265995,108.985547819497,5.23333333333333,1908970,2089590,2800133,2546330,0.1,0.0522333333333333,0.3132,0.8295,6188.088859437,3495.11056205893,86.3161233581799,113.962956884108,0.758724585567885,7563144
"2021-01-01",305283,537992,108.392749115968,114.135222300124,109.580547787897,4.9,1978081,2145330,2863927,2609503,0.1,0.0488666666666667,0.604333333333333,1.10293333333333,6667.53810918899,3788.33777439283,88.2307991753053,115.623789187022,0.725462776504865,7397488
"2021-04-01",341723,568521,108.644263223405,112.454581284251,110.43476571937,4.7,2031270,2190198,2905119,2653564,0.1,0.0493,0.884166666666667,1.333,7017.41314196977,4003.68830749414,89.9839963090587,115.989301286608,0.715172772102964,7657910
"2021-07-01",357014,581805,110.285957913742,113.192502867029,111.868138308645,4.4,2062610,2212169,2938229,2679470,0.1,0.0503333333333333,0.7196,1.09456666666667,7082.90153996394,4068.50666401741,90.2262143341167,116.81167944483,0.725817400093318,7606446
"2021-10-01",365793,597082,112.698709878643,114.466104221,114.345962946841,4.16666666666667,2085398,2225903,2979833,2709700,0.15,0.0703666666666667,0.949266666666667,1.2019,7236.48905181885,4125.67191128641,90.8086910134229,116.398709492966,0.741806830052143,7670408
"2022-01-01",376626,610346,114.550926606247,116.161425425452,116.392406611367,3.83333333333333,2126218,2249240,3013702,2749414,0.5,0.392666666666667,1.38663333333333,1.5996,7443.95714750744,4173.12642203068,90.7885061780014,117.684980937442,0.745327298166069,7342196
"2022-04-01",396139,625467,118.315866244026,118.641559468282,120.456622940827,3.7,2140854,2261610,3019098,2768168,1,0.894366666666667,2.04436666666667,2.32433333333333,7424.10665690104,4109.54606612356,89.7187099006618,115.83104427009,0.796486798610298,6972526
"2022-07-01",402726,636553,120.047980361074,120.60703388273,123.097792233031,3.7,2232646,2289105,3095928,2865813,1.75,1.55656666666667,2.6185,3.05373333333333,7296.25469207764,4013.51163208536,87.922259548148,118.002650131183,0.850376501687406,6540281
"2022-10-01",415609,654062,123.121171015765,123.52044894531,126.66630788791,3.9,2087654,2283931,3023903,2777619,2.91666666666667,2.74116666666667,3.60626666666667,3.93786666666667,7269.57780722966,3978.33043149478,88.9891722775703,114.832889157999,0.853016264847319,6588308
"2023-01-01",422446,665965,125.633388689957,125.692222026624,128.250073496953,3.96666666666667,2067313,2269209,3018400,2783083,3.91666666666667,3.77756666666667,3.49226666666667,3.9447,7760.28438568115,4245.2457447418,88.5768249253882,111.037512399928,0.822842365335653,6617296
"2023-04-01",428971,677760,127.088739280884,127.864764151151,130.562500009594,4.16666666666667,2034657,2252850,3016663,2779817,4.58333333333333,4.37246666666667,3.91236666666667,4.29906666666667,7687.71501464844,4191.38161666305,92.486915901325,107.625456468972,0.799009373219918,6417977
"2023-07-01",427308,683791,127.577177949519,129.077196308003,131.390268900924,4.13333333333333,1950305,2246469,2973194,2742799,5.16666666666667,5.09216666666667,4.36206666666667,4.6805,7511.26251983643,4093.40139466653,94.0238469412765,109.258949968546,0.789699683024806,6400385
"2023-10-01",428977,683669,128.002597936453,129.32246425346,131.944149835192,4,1948915,2257815,2994680,2768460,5.25,5.1872,4.19023333333333,4.69506666666667,7505.49049789186,4079.17286499608,92.9540506639369,107.621509669898,0.806604205357034,6599257
"2024-01-01",436960,698228,129.500071481036,130.890584720578,132.809395746765,4.3,1951168,2278630,3027566,2786749,5.25,5.1883,3.9746,4.52906666666667,7666.4238203745,4188.78360833502,93.9777101745988,106.721832007867,0.78856887751117,6636354
"2024-04-01",440404,706477,130.57667191696,131.833454712424,133.286667208975,4.26666666666667,1937919,2302553,3046130,2806736,5.25,5.1993,4.15106666666667,4.6563,8174.44997479839,4454.26272592696,94.5803716893266,,0.792429091884772,6627817
"2024-07-01",444811,719085,131.309330360804,134.185148411607,134.103848130966,4.23333333333333,1941682,2332108,3073836,2830302,5.25,5.03333333333333,3.96113333333333,4.5084,8240.89236778846,4508.43128275427,95.3992992978561,,0.777112914506478,6676333
"2024-10-01",448718,727199,132.352076496744,135.569964301284,135.216799965697,4.4,1965477,2363685,3071829,2856317,,4.7992,4.32583333333333,4.8445,8222.20465087891,4492.34454697003,,,,6622367
"2025-01-01",,,,,136.445668931906,,,,,,,4.5492,4.6146,5.19193333333333,8590.01746961805,4656.06322872278,,,,
