"date","gdp_nom","gdp_defl","cpi","ur","m1","m2","m4","m4_ex","policy","sonia_1d","gov_10y","gov_20y","ukx","asx","reer","xr_usd"
"1709-04-01",,,,,,,,,,,,,,1.67665993924179,,
"1709-05-01",,,,,,,,,,,,,,1.864364490065,,
"1709-06-01",,,,,,,,,,,,,,1.80803773113081,,
"1709-07-01",,,,,,,,,,,,,,1.83846552041873,,
"1709-08-01",,,,,,,,,,,,,,1.84385164987309,,
"1709-09-01",,,,,,,,,,,,,,1.85856836502953,,
"1709-10-01",,,,,,,,,,,,,,1.77438168989038,,
"1709-11-01",,,,,,,,,,,,,,1.76776011117416,,
"1709-12-01",,,,,,,,,,,,,,1.69242252834297,,
"1710-01-01",,,,,,,,,,,,,,1.76440759791886,,
"1710-02-01",,,,,,,,,,,,,,1.89230374965053,,
"1710-03-01",,,,,,,,,,,,,,1.83157282573915,,
"1710-04-01",,,,,,,,,,,,,,1.82317111552934,,
"1710-05-01",,,,,,,,,,,,,,1.85141349017174,,
"1710-06-01",,,,,,,,,,,,,,1.80547558530679,,
"1710-07-01",,,,,,,,,,,,,,1.70286598782219,,
"1710-08-01",,,,,,,,,,,,,,1.6727516722707,,
"1710-09-01",,,,,,,,,,,,,,1.65404080345336,,
"1710-10-01",,,,,,,,,,,,,,1.49921794173474,,
"1710-11-01",,,,,,,,,,,,,,1.62578708599021,,
"1710-12-01",,,,,,,,,,,,,,1.54994057871846,,
"1711-01-01",,,,,,,,,,,,,,1.58663104572391,,
"1711-02-01",,,,,,,,,,,,,,1.58913621084715,,
"1711-03-01",,,,,,,,,,,,,,1.58805799724903,,
"1711-04-01",,,,,,,,,,,,,,1.55720243111194,,
"1711-05-01",,,,,,,,,,,,,,1.57008444494625,,
"1711-06-01",,,,,,,,,,,,,,1.6292958791611,,
"1711-07-01",,,,,,,,,,,,,,1.56431220049054,,
"1711-08-01",,,,,,,,,,,,,,1.49710420514788,,
"1711-09-01",,,,,,,,,,,,,,1.64398617524747,,
"1711-10-01",,,,,,,,,,,,,,1.67553284267919,,
"1711-11-01",,,,,,,,,,,,,,1.72785780110652,,
"1711-12-01",,,,,,,,,,,,,,1.66612240949403,,
"1712-01-01",,,,,,,,,,,,,,1.66507162856064,,
"1712-02-01",,,,,,,,,,,,,,1.66091218863085,,
"1712-03-01",,,,,,,,,,,,,,1.60327687557467,,
"1712-04-01",,,,,,,,,,,,,,1.65034482954824,,
"1712-05-01",,,,,,,,,,,,,,1.72279489393957,,
"1712-06-01",,,,,,,,,,,,,,1.65743331059426,,
"1712-07-01",,,,,,,,,,,,,,1.6429248932816,,
"1712-08-01",,,,,,,,,,,,,,1.67955494580826,,
"1712-09-01",,,,,,,,,,,,,,1.66571579113609,,
"1712-10-01",,,,,,,,,,,,,,1.70330571479501,,
"1712-11-01",,,,,,,,,,,,,,1.71724469186282,,
"1712-12-01",,,,,,,,,,,,,,1.8409710855874,,
"1713-01-01",,,,,,,,,,,,,,1.80051554586376,,
"1713-02-01",,,,,,,,,,,,,,1.78787527249386,,
"1713-03-01",,,,,,,,,,,,,,1.84115091397778,,
"1713-04-01",,,,,,,,,,,,,,1.85150479508673,,
"1713-05-01",,,,,,,,,,,,,,1.87131812478821,,
"1713-06-01",,,,,,,,,,,,,,1.90629998648921,,
"1713-07-01",,,,,,,,,,,,,,1.89744667028883,,
"1713-08-01",,,,,,,,,,,,,,1.93078329248999,,
"1713-09-01",,,,,,,,,,,,,,1.88186582771618,,
"1713-10-01",,,,,,,,,,,,,,1.86377469213893,,
"1713-11-01",,,,,,,,,,,,,,1.89980157552385,,
"1713-12-01",,,,,,,,,,,,,,1.86721601926774,,
"1714-01-01",,,,,,,,,,,,,,1.79585319351159,,
"1714-02-01",,,,,,,,,,,,,,1.78307629251857,,
"1714-03-01",,,,,,,,,,,,,,1.75968456342387,,
"1714-04-01",,,,,,,,,,,,,,1.82161492495287,,
"1714-05-01",,,,,,,,,,,,,,1.82680202937757,,
"1714-06-01",,,,,,,,,,,,,,1.82929417649416,,
"1714-07-01",,,,,,,,,,,,,,1.82028590431251,,
"1714-08-01",,,,,,,,,,,,,,2.00733761158983,,
"1714-09-01",,,,,,,,,,,,,,1.98813102583497,,
"1714-10-01",,,,,,,,,,,,,,1.97607940779908,,
"1714-11-01",,,,,,,,,,,,,,1.9991197539467,,
"1714-12-01",,,,,,,,,,,,,,1.99149134428716,,
"1715-01-01",,,,,,,,,,,,,,1.99789319567295,,
"1715-02-01",,,,,,,,,,,,,,1.98986702931242,,
"1715-03-01",,,,,,,,,,,,,,1.98078290494826,,
"1715-04-01",,,,,,,,,,,,,,2.04565252388857,,
"1715-05-01",,,,,,,,,,,,,,2.06901133467599,,
"1715-06-01",,,,,,,,,,,,,,2.03419365700229,,
"1715-07-01",,,,,,,,,,,,,,1.95497500188074,,
"1715-08-01",,,,,,,,,,,,,,2.01826082230463,,
"1715-09-01",,,,,,,,,,,,,,1.94440680063175,,
"1715-10-01",,,,,,,,,,,,,,1.86098457299378,,
"1715-11-01",,,,,,,,,,,,,,1.9486749739997,,
"1715-12-01",,,,,,,,,,,,,,1.95862211630447,,
"1716-01-01",,,,,,,,,,,,,,1.92239055502501,,
"1716-02-01",,,,,,,,,,,,,,1.99723717935243,,
"1716-03-01",,,,,,,,,,,,,,2.01421012355108,,
"1716-04-01",,,,,,,,,,,,,,2.07388987761904,,
"1716-05-01",,,,,,,,,,,,,,2.11364072892799,,
"1716-06-01",,,,,,,,,,,,,,2.05619366990328,,
"1716-07-01",,,,,,,,,,,,,,2.08228053580229,,
"1716-08-01",,,,,,,,,,,,,,2.12524780077884,,
"1716-09-01",,,,,,,,,,,,,,2.19200480614042,,
"1716-10-01",,,,,,,,,,,,,,2.30227543567329,,
"1716-11-01",,,,,,,,,,,,,,2.24482182645731,,
"1716-12-01",,,,,,,,,,,,,,2.23065391884669,,
"1717-01-01",,,,,,,,,,,,,,2.23874595686712,,
"1717-02-01",,,,,,,,,,,,,,2.20253463498865,,
"1717-03-01",,,,,,,,,,,,,,2.19964469157995,,
"1717-04-01",,,,,,,,,,,,,,2.26058012039235,,
"1717-05-01",,,,,,,,,,,,,,2.36155719778385,,
"1717-06-01",,,,,,,,,,,,,,2.4256407623882,,
"1717-07-01",,,,,,,,,,,,,,2.48433422275926,,
"1717-08-01",,,,,,,,,,,,,,2.50013156630466,,
"1717-09-01",,,,,,,,,,,,,,2.47813784180506,,
"1717-10-01",,,,,,,,,,,,,,2.48130683796156,,
"1717-11-01",,,,,,,,,,,,,,2.4699312198374,,
"1717-12-01",,,,,,,,,,,,,,2.63097160779934,,
"1718-01-01",,,,,,,,,,,,,,2.63506363032965,,
"1718-02-01",,,,,,,,,,,,,,2.68282081075941,,
"1718-03-01",,,,,,,,,,,,,,2.56883984164516,,
"1718-04-01",,,,,,,,,,,,,,2.60898205403749,,
"1718-05-01",,,,,,,,,,,,,,2.59283536081879,,
"1718-06-01",,,,,,,,,,,,,,2.52004944440307,,
"1718-07-01",,,,,,,,,,,,,,2.53869509966411,,
"1718-08-01",,,,,,,,,,,,,,2.47060596981661,,
"1718-09-01",,,,,,,,,,,,,,2.41009098394981,,
"1718-10-01",,,,,,,,,,,,,,2.38023645615839,,
"1718-11-01",,,,,,,,,,,,,,2.46148946256455,,
"1718-12-01",,,,,,,,,,,,,,2.64719370099961,,
"1719-01-01",,,,,,,,,,,,,,2.66082472605673,,
"1719-02-01",,,,,,,,,,,,,,2.6371720168571,,
"1719-03-01",,,,,,,,,,,,,,2.45064379257373,,
"1719-04-01",,,,,,,,,,,,,,2.51436386834395,,
"1719-05-01",,,,,,,,,,,,,,2.51236338386164,,
"1719-06-01",,,,,,,,,,,,,,2.55554248778259,,
"1719-07-01",,,,,,,,,,,,,,2.45221724267295,,
"1719-08-01",,,,,,,,,,,,,,2.50637884601551,,
"1719-09-01",,,,,,,,,,,,,,2.47162952232404,,
"1719-10-01",,,,,,,,,,,,,,2.46120092766748,,
"1719-11-01",,,,,,,,,,,,,,2.57208519000618,,
"1719-12-01",,,,,,,,,,,,,,2.69098529479882,,
"1720-01-01",,,,,,,,,,,,,,2.69566727511258,,
"1720-02-01",,,,,,,,,,,,,,3.01869566270007,,
"1720-03-01",,,,,,,,,,,,,,3.87478763970862,,
"1720-04-01",,,,,,,,,,,,,,4.09347130677997,,
"1720-05-01",,,,,,,,,,,,,,5.88741257561951,,
"1720-06-01",,,,,,,,,,,,,,8.21837984573101,,
"1720-07-01",,,,,,,,,,,,,,7.46854708975616,,
"1720-08-01",,,,,,,,,,,,,,7.16109596978766,,
"1720-09-01",,,,,,,,,,,,,,4.42981246464961,,
"1720-10-01",,,,,,,,,,,,,,3.32907957744917,,
"1720-11-01",,,,,,,,,,,,,,3.26797574706496,,
"1720-12-01",,,,,,,,,,,,,,3.34970125056372,,
"1721-01-01",,,,,,,,,,,,,,3.12022191719177,,
"1721-02-01",,,,,,,,,,,,,,3.0980926837365,,
"1721-03-01",,,,,,,,,,,,,,2.69911602030125,,
"1721-04-01",,,,,,,,,,,,,,2.6971803030112,,
"1721-05-01",,,,,,,,,,,,,,2.6088876543771,,
"1721-06-01",,,,,,,,,,,,,,2.61088951746143,,
"1721-07-01",,,,,,,,,,,,,,2.91893256800857,,
"1721-08-01",,,,,,,,,,,,,,2.80327116082366,,
"1721-09-01",,,,,,,,,,,,,,2.3712815612604,,
"1721-10-01",,,,,,,,,,,,,,2.3907132126998,,
"1721-11-01",,,,,,,,,,,,,,2.40589730619913,,
"1721-12-01",,,,,,,,,,,,,,2.4371717603322,,
"1722-01-01",,,,,,,,,,,,,,2.41298199240167,,
"1722-02-01",,,,,,,,,,,,,,2.37338109399976,,
"1722-03-01",,,,,,,,,,,,,,2.27932158513741,,
"1722-04-01",,,,,,,,,,,,,,2.26707418513691,,
"1722-05-01",,,,,,,,,,,,,,2.2856010409383,,
"1722-06-01",,,,,,,,,,,,,,2.32173039809908,,
"1722-07-01",,,,,,,,,,,,,,2.29066038242411,,
"1722-08-01",,,,,,,,,,,,,,2.26774666301526,,
"1722-09-01",,,,,,,,,,,,,,2.1690678172766,,
"1722-10-01",,,,,,,,,,,,,,2.28094459282974,,
"1722-11-01",,,,,,,,,,,,,,2.2717118576066,,
"1722-12-01",,,,,,,,,,,,,,2.34587336008363,,
"1723-01-01",,,,,,,,,,,,,,2.27920333163636,,
"1723-02-01",,,,,,,,,,,,,,2.28036216621074,,
"1723-03-01",,,,,,,,,,,,,,2.32140782676675,,
"1723-04-01",,,,,,,,,,,,,,2.29349326997508,,
"1723-05-01",,,,,,,,,,,,,,2.35077527827681,,
"1723-06-01",,,,,,,,,,,,,,2.36151842143843,,
"1723-07-01",,,,,,,,,,,,,,2.37991142130435,,
"1723-08-01",,,,,,,,,,,,,,2.43037702789487,,
"1723-09-01",,,,,,,,,,,,,,2.47570082101922,,
"1723-10-01",,,,,,,,,,,,,,2.46782691848109,,
"1723-11-01",,,,,,,,,,,,,,2.50420570838565,,
"1723-12-01",,,,,,,,,,,,,,2.59669511496935,,
"1724-01-01",,,,,,,,,,,,,,2.58685387497803,,
"1724-02-01",,,,,,,,,,,,,,2.64381691089949,,
"1724-03-01",,,,,,,,,,,,,,2.66045828665873,,
"1724-04-01",,,,,,,,,,,,,,2.62044611697495,,
"1724-05-01",,,,,,,,,,,,,,2.66843234228972,,
"1724-06-01",,,,,,,,,,,,,,2.70744476892342,,
"1724-07-01",,,,,,,,,,,,,,2.66592987407401,,
"1724-08-01",,,,,,,,,,,,,,2.63974966757468,,
"1724-09-01",,,,,,,,,,,,,,2.65555973859996,,
"1724-10-01",,,,,,,,,,,,,,2.67452556053821,,
"1724-11-01",,,,,,,,,,,,,,2.73368749476937,,
"1724-12-01",,,,,,,,,,,,,,2.73085682584931,,
"1725-01-01",,,,,,,,,,,,,,2.67754570569151,,
"1725-02-01",,,,,,,,,,,,,,2.70467622553329,,
"1725-03-01",,,,,,,,,,,,,,2.68245074684289,,
"1725-04-01",,,,,,,,,,,,,,2.77730795130922,,
"1725-05-01",,,,,,,,,,,,,,2.8186470309001,,
"1725-06-01",,,,,,,,,,,,,,2.84909436345851,,
"1725-07-01",,,,,,,,,,,,,,2.84737621516688,,
"1725-08-01",,,,,,,,,,,,,,2.9411402915262,,
"1725-09-01",,,,,,,,,,,,,,2.80296466338005,,
"1725-10-01",,,,,,,,,,,,,,2.82338042401824,,
"1725-11-01",,,,,,,,,,,,,,2.80533111743571,,
"1725-12-01",,,,,,,,,,,,,,2.71350338746412,,
"1726-01-01",,,,,,,,,,,,,,2.56177547285992,,
"1726-02-01",,,,,,,,,,,,,,2.49387307731246,,
"1726-03-01",,,,,,,,,,,,,,2.53773099117004,,
"1726-04-01",,,,,,,,,,,,,,2.52050111133315,,
"1726-05-01",,,,,,,,,,,,,,2.48844399085817,,
"1726-06-01",,,,,,,,,,,,,,2.58911045956558,,
"1726-07-01",,,,,,,,,,,,,,2.53812489974644,,
"1726-08-01",,,,,,,,,,,,,,2.53548195161598,,
"1726-09-01",,,,,,,,,,,,,,2.53595096732149,,
"1726-10-01",,,,,,,,,,,,,,2.3696954102808,,
"1726-11-01",,,,,,,,,,,,,,2.3515899350309,,
"1726-12-01",,,,,,,,,,,,,,2.31847107582832,,
"1727-01-01",,,,,,,,,,,,,,2.44166473859075,,
"1727-02-01",,,,,,,,,,,,,,2.46416091291142,,
"1727-03-01",,,,,,,,,,,,,,2.43173208928407,,
"1727-04-01",,,,,,,,,,,,,,2.55658019974864,,
"1727-05-01",,,,,,,,,,,,,,2.77185913281759,,
"1727-06-01",,,,,,,,,,,,,,2.76578655151401,,
"1727-07-01",,,,,,,,,,,,,,2.73304228318412,,
"1727-08-01",,,,,,,,,,,,,,2.71426721509161,,
"1727-09-01",,,,,,,,,,,,,,2.70857755233496,,
"1727-10-01",,,,,,,,,,,,,,2.65236451708336,,
"1727-11-01",,,,,,,,,,,,,,2.68062099406725,,
"1727-12-01",,,,,,,,,,,,,,2.65699147848476,,
"1728-01-01",,,,,,,,,,,,,,2.80012610429737,,
"1728-02-01",,,,,,,,,,,,,,2.75869013210116,,
"1728-03-01",,,,,,,,,,,,,,2.78028607562054,,
"1728-04-01",,,,,,,,,,,,,,2.77874714771906,,
"1728-05-01",,,,,,,,,,,,,,2.76152614548102,,
"1728-06-01",,,,,,,,,,,,,,2.71277318211817,,
"1728-07-01",,,,,,,,,,,,,,2.63106221025337,,
"1728-08-01",,,,,,,,,,,,,,2.73515846536684,,
"1728-09-01",,,,,,,,,,,,,,2.72909333215782,,
"1728-10-01",,,,,,,,,,,,,,2.71072887573658,,
"1728-11-01",,,,,,,,,,,,,,2.66456033373036,,
"1728-12-01",,,,,,,,,,,,,,2.61297599694881,,
"1729-01-01",,,,,,,,,,,,,,2.64373402446207,,
"1729-02-01",,,,,,,,,,,,,,2.64630304551078,,
"1729-03-01",,,,,,,,,,,,,,2.64915383411786,,
"1729-04-01",,,,,,,,,,,,,,2.66490877905839,,
"1729-05-01",,,,,,,,,,,,,,2.69911740407929,,
"1729-06-01",,,,,,,,,,,,,,2.76662761872981,,
"1729-07-01",,,,,,,,,,,,,,2.75922277900519,,
"1729-08-01",,,,,,,,,,,,,,2.76931598034618,,
"1729-09-01",,,,,,,,,,,,,,2.7691840897448,,
"1729-10-01",,,,,,,,,,,,,,2.76709132603667,,
"1729-11-01",,,,,,,,,,,,,,2.80342731513584,,
"1729-12-01",,,,,,,,,,,,,,2.84869793833577,,
"1730-01-01",,,,,,,,,,,,,,2.82635045553994,,
"1730-02-01",,,,,,,,,,,,,,2.78289920253273,,
"1730-03-01",,,,,,,,,,,,,,2.87091596519785,,
"1730-04-01",,,,,,,,,,,,,,2.84853908386646,,
"1730-05-01",,,,,,,,,,,,,,2.85190387043258,,
"1730-06-01",,,,,,,,,,,,,,2.89861806296738,,
"1730-07-01",,,,,,,,,,,,,,2.84177428937037,,
"1730-08-01",,,,,,,,,,,,,,2.84326674950725,,
"1730-09-01",,,,,,,,,,,,,,2.8806906984678,,
"1730-10-01",,,,,,,,,,,,,,2.86991893092992,,
"1730-11-01",,,,,,,,,,,,,,2.88704329257067,,
"1730-12-01",,,,,,,,,,,,,,2.89145033528101,,
"1731-01-01",,,,,,,,,,,,,,2.87482411957084,,
"1731-02-01",,,,,,,,,,,,,,2.87452784754042,,
"1731-03-01",,,,,,,,,,,,,,2.93949275873364,,
"1731-04-01",,,,,,,,,,,,,,2.94677939328513,,
"1731-05-01",,,,,,,,,,,,,,2.905985817784,,
"1731-06-01",,,,,,,,,,,,,,2.93055147855823,,
"1731-07-01",,,,,,,,,,,,,,2.92455283863222,,
"1731-08-01",,,,,,,,,,,,,,2.9376737041625,,
"1731-09-01",,,,,,,,,,,,,,2.89207674496786,,
"1731-10-01",,,,,,,,,,,,,,2.80135946814496,,
"1731-11-01",,,,,,,,,,,,,,2.85626291109232,,
"1731-12-01",,,,,,,,,,,,,,2.86548430854001,,
"1732-01-01",,,,,,,,,,,,,,2.84427116277997,,
"1732-02-01",,,,,,,,,,,,,,2.80488126575349,,
"1732-03-01",,,,,,,,,,,,,,2.86359182366097,,
"1732-04-01",,,,,,,,,,,,,,2.80638624145849,,
"1732-05-01",,,,,,,,,,,,,,2.8082287970901,,
"1732-06-01",,,,,,,,,,,,,,2.75405872645185,,
"1732-07-01",,,,,,,,,,,,,,2.77311033605759,,
"1732-08-01",,,,,,,,,,,,,,2.78280740501424,,
"1732-09-01",,,,,,,,,,,,,,2.82737814422602,,
"1732-10-01",,,,,,,,,,,,,,2.7479828838617,,
"1732-11-01",,,,,,,,,,,,,,2.74391059255358,,
"1732-12-01",,,,,,,,,,,,,,2.8286732691975,,
"1733-01-01",,,,,,,,,,,,,,2.80115942532432,,
"1733-02-01",,,,,,,,,,,,,,2.83033187775453,,
"1733-03-01",,,,,,,,,,,,,,2.82263678777608,,
"1733-04-01",,,,,,,,,,,,,,2.7679668078588,,
"1733-05-01",,,,,,,,,,,,,,2.80762490527065,,
"1733-06-01",,,,,,,,,,,,,,2.85398844592791,,
"1733-07-01",,,,,,,,,,,,,,2.77777139831948,,
"1733-08-01",,,,,,,,,,,,,,2.53094773012601,,
"1733-09-01",,,,,,,,,,,,,,2.47574318256356,,
"1733-10-01",,,,,,,,,,,,,,2.26018420194361,,
"1733-11-01",,,,,,,,,,,,,,2.26934207761869,,
"1733-12-01",,,,,,,,,,,,,,2.36229401427212,,
"1734-01-01",,,,,,,,,,,,,,2.30216465334046,,
"1734-02-01",,,,,,,,,,,,,,2.29321581477193,,
"1734-03-01",,,,,,,,,,,,,,2.267302602527,,
"1734-04-01",,,,,,,,,,,,,,2.28546814539468,,
"1734-05-01",,,,,,,,,,,,,,2.33460171275207,,
"1734-06-01",,,,,,,,,,,,,,2.42779627444598,,
"1734-07-01",,,,,,,,,,,,,,2.38660564317517,,
"1734-08-01",,,,,,,,,,,,,,2.40073538682343,,
"1734-09-01",,,,,,,,,,,,,,2.44772227470734,,
"1734-10-01",,,,,,,,,,,,,,2.37820213981577,,
"1734-11-01",,,,,,,,,,,,,,2.41990063030014,,
"1734-12-01",,,,,,,,,,,,,,2.47895977446649,,
"1735-01-01",,,,,,,,,,,,,,2.46231705677042,,
"1735-02-01",,,,,,,,,,,,,,2.47526118099674,,
"1735-03-01",,,,,,,,,,,,,,2.48779681148014,,
"1735-04-01",,,,,,,,,,,,,,2.46830539552762,,
"1735-05-01",,,,,,,,,,,,,,2.46485436576606,,
"1735-06-01",,,,,,,,,,,,,,2.41711765839603,,
"1735-07-01",,,,,,,,,,,,,,2.45824183168094,,
"1735-08-01",,,,,,,,,,,,,,2.45493611537498,,
"1735-09-01",,,,,,,,,,,,,,2.49502341610224,,
"1735-10-01",,,,,,,,,,,,,,2.58221272634363,,
"1735-11-01",,,,,,,,,,,,,,2.718733285423,,
"1735-12-01",,,,,,,,,,,,,,2.73163031600401,,
"1736-01-01",,,,,,,,,,,,,,2.75556093511449,,
"1736-02-01",,,,,,,,,,,,,,2.80067305358338,,
"1736-03-01",,,,,,,,,,,,,,2.83799940001066,,
"1736-04-01",,,,,,,,,,,,,,2.80653057637032,,
"1736-05-01",,,,,,,,,,,,,,2.83481644170718,,
"1736-06-01",,,,,,,,,,,,,,2.85451164200052,,
"1736-07-01",,,,,,,,,,,,,,2.81972440196091,,
"1736-08-01",,,,,,,,,,,,,,2.93443647771897,,
"1736-09-01",,,,,,,,,,,,,,2.89664752079872,,
"1736-10-01",,,,,,,,,,,,,,2.86369354319392,,
"1736-11-01",,,,,,,,,,,,,,2.86904004586144,,
"1736-12-01",,,,,,,,,,,,,,2.86235187015836,,
"1737-01-01",,,,,,,,,,,,,,2.87453478323908,,
"1737-02-01",,,,,,,,,,,,,,2.9133642477638,,
"1737-03-01",,,,,,,,,,,,,,2.79679916682827,,
"1737-04-01",,,,,,,,,,,,,,2.89810159439738,,
"1737-05-01",,,,,,,,,,,,,,2.90594914831309,,
"1737-06-01",,,,,,,,,,,,,,2.89875020534634,,
"1737-07-01",,,,,,,,,,,,,,2.84087654407289,,
"1737-08-01",,,,,,,,,,,,,,2.85267844746964,,
"1737-09-01",,,,,,,,,,,,,,2.85404116660048,,
"1737-10-01",,,,,,,,,,,,,,2.84105206869561,,
"1737-11-01",,,,,,,,,,,,,,2.8403837376558,,
"1737-12-01",,,,,,,,,,,,,,2.83524760804061,,
"1738-01-01",,,,,,,,,,,,,,2.83007042502812,,
"1738-02-01",,,,,,,,,,,,,,2.82125369994146,,
"1738-03-01",,,,,,,,,,,,,,2.79547671316603,,
"1738-04-01",,,,,,,,,,,,,,2.74413616246982,,
"1738-05-01",,,,,,,,,,,,,,2.81185339479847,,
"1738-06-01",,,,,,,,,,,,,,2.77617837883379,,
"1738-07-01",,,,,,,,,,,,,,2.67853740466698,,
"1738-08-01",,,,,,,,,,,,,,2.81422024915694,,
"1738-09-01",,,,,,,,,,,,,,2.83212118908317,,
"1738-10-01",,,,,,,,,,,,,,2.82700626757178,,
"1738-11-01",,,,,,,,,,,,,,2.83889936863653,,
"1738-12-01",,,,,,,,,,,,,,2.83483339662489,,
"1739-01-01",,,,,,,,,,,,,,2.81889675278164,,
"1739-02-01",,,,,,,,,,,,,,2.77714765486937,,
"1739-03-01",,,,,,,,,,,,,,2.79582918544309,,
"1739-04-01",,,,,,,,,,,,,,2.74478936432214,,
"1739-05-01",,,,,,,,,,,,,,2.76872651064602,,
"1739-06-01",,,,,,,,,,,,,,2.63387581050464,,
"1739-07-01",,,,,,,,,,,,,,2.59557250964816,,
"1739-08-01",,,,,,,,,,,,,,2.59850356034006,,
"1739-09-01",,,,,,,,,,,,,,2.62112443683785,,
"1739-10-01",,,,,,,,,,,,,,2.57420865779123,,
"1739-11-01",,,,,,,,,,,,,,2.65644621856513,,
"1739-12-01",,,,,,,,,,,,,,2.67212920668772,,
"1740-01-01",,,,,,,,,,,,,,2.63793798614681,,
"1740-02-01",,,,,,,,,,,,,,2.63521637986172,,
"1740-03-01",,,,,,,,,,,,,,2.70440472732754,,
"1740-04-01",,,,,,,,,,,,,,2.70224434214105,,
"1740-05-01",,,,,,,,,,,,,,2.74307496772213,,
"1740-06-01",,,,,,,,,,,,,,2.74691013820608,,
"1740-07-01",,,,,,,,,,,,,,2.74129474653233,,
"1740-08-01",,,,,,,,,,,,,,2.74642053379253,,
"1740-09-01",,,,,,,,,,,,,,2.63257690934914,,
"1740-10-01",,,,,,,,,,,,,,2.62463520388838,,
"1740-11-01",,,,,,,,,,,,,,2.66287893209674,,
"1740-12-01",,,,,,,,,,,,,,2.66579966414039,,
"1741-01-01",,,,,,,,,,,,,,2.70114543556608,,
"1741-02-01",,,,,,,,,,,,,,2.72034923580965,,
"1741-03-01",,,,,,,,,,,,,,2.71671537021718,,
"1741-04-01",,,,,,,,,,,,,,2.78742842592533,,
"1741-05-01",,,,,,,,,,,,,,2.73170042492025,,
"1741-06-01",,,,,,,,,,,,,,2.74518863468792,,
"1741-07-01",,,,,,,,,,,,,,2.73383214045469,,
"1741-08-01",,,,,,,,,,,,,,2.77026324802058,,
"1741-09-01",,,,,,,,,,,,,,2.74488693268435,,
"1741-10-01",,,,,,,,,,,,,,2.81185312940024,,
"1741-11-01",,,,,,,,,,,,,,2.75368226657415,,
"1741-12-01",,,,,,,,,,,,,,2.72086358246264,,
"1742-01-01",,,,,,,,,,,,,,2.76874344715947,,
"1742-02-01",,,,,,,,,,,,,,2.70727928385053,,
"1742-03-01",,,,,,,,,,,,,,2.75884507468725,,
"1742-04-01",,,,,,,,,,,,,,2.75410937502254,,
"1742-05-01",,,,,,,,,,,,,,2.84331184386314,,
"1742-06-01",,,,,,,,,,,,,,2.88590683808156,,
"1742-07-01",,,,,,,,,,,,,,2.90695529862714,,
"1742-08-01",,,,,,,,,,,,,,2.87271046713294,,
"1742-09-01",,,,,,,,,,,,,,2.88411215630528,,
"1742-10-01",,,,,,,,,,,,,,2.89966447177505,,
"1742-11-01",,,,,,,,,,,,,,2.95010693570207,,
"1742-12-01",,,,,,,,,,,,,,2.95700728953928,,
"1743-01-01",,,,,,,,,,,,,,2.9563628885582,,
"1743-02-01",,,,,,,,,,,,,,2.95728620710892,,
"1743-03-01",,,,,,,,,,,,,,2.97203801584322,,
"1743-04-01",,,,,,,,,,,,,,3.01828351814538,,
"1743-05-01",,,,,,,,,,,,,,3.10547385565673,,
"1743-06-01",,,,,,,,,,,,,,3.02784562283809,,
"1743-07-01",,,,,,,,,,,,,,3.06901214287925,,
"1743-08-01",,,,,,,,,,,,,,3.01501870829136,,
"1743-09-01",,,,,,,,,,,,,,3.03973689039332,,
"1743-10-01",,,,,,,,,,,,,,3.07349036359063,,
"1743-11-01",,,,,,,,,,,,,,3.06218245202481,,
"1743-12-01",,,,,,,,,,,,,,3.09895710950359,,
"1744-01-01",,,,,,,,,,,,,,3.08818382506892,,
"1744-02-01",,,,,,,,,,,,,,2.93555891416628,,
"1744-03-01",,,,,,,,,,,,,,2.82693880347749,,
"1744-04-01",,,,,,,,,,,,,,2.8458900070531,,
"1744-05-01",,,,,,,,,,,,,,2.86267537245383,,
"1744-06-01",,,,,,,,,,,,,,2.9304159470369,,
"1744-07-01",,,,,,,,,,,,,,2.96250116198912,,
"1744-08-01",,,,,,,,,,,,,,2.94363654053964,,
"1744-09-01",,,,,,,,,,,,,,2.95932612353658,,
"1744-10-01",,,,,,,,,,,,,,2.95836368614941,,
"1744-11-01",,,,,,,,,,,,,,3.00525083604464,,
"1744-12-01",,,,,,,,,,,,,,3.00118419079965,,
"1745-01-01",,,,,,,,,,,,,,2.95266295731584,,
"1745-02-01",,,,,,,,,,,,,,2.9499077085973,,
"1745-03-01",,,,,,,,,,,,,,2.96346960688493,,
"1745-04-01",,,,,,,,,,,,,,3.00732187043495,,
"1745-05-01",,,,,,,,,,,,,,3.00715929035409,,
"1745-06-01",,,,,,,,,,,,,,3.00880234578695,,
"1745-07-01",,,,,,,,,,,,,,2.92985255578132,,
"1745-08-01",,,,,,,,,,,,,,2.8533765025435,,
"1745-09-01",,,,,,,,,,,,,,2.79109890383702,,
"1745-10-01",,,,,,,,,,,,,,2.79249231495055,,
"1745-11-01",,,,,,,,,,,,,,2.72122516035709,,
"1745-12-01",,,,,,,,,,,,,,2.57007027719268,,
"1746-01-01",,,,,,,,,,,,,,2.53883724838603,,
"1746-02-01",,,,,,,,,,,,,,2.47678103243827,,
"1746-03-01",,,,,,,,,,,,,,2.5314452754402,,
"1746-04-01",,,,,,,,,,,,,,2.64217625859141,,
"1746-05-01",,,,,,,,,,,,,,2.65315903071871,,
"1746-06-01",,,,,,,,,,,,,,2.72677653466018,,
"1746-07-01",,,,,,,,,,,,,,2.83614995896471,,
"1746-08-01",,,,,,,,,,,,,,2.89161129246164,,
"1746-09-01",,,,,,,,,,,,,,2.88923404812063,,
"1746-10-01",,,,,,,,,,,,,,2.81233934643648,,
"1746-11-01",,,,,,,,,,,,,,2.74506752000122,,
"1746-12-01",,,,,,,,,,,,,,2.70744109696115,,
"1747-01-01",,,,,,,,,,,,,,2.7668221823356,,
"1747-02-01",,,,,,,,,,,,,,2.7496163891593,,
"1747-03-01",,,,,,,,,,,,,,2.75021290789378,,
"1747-04-01",,,,,,,,,,,,,,2.66864748689722,,
"1747-05-01",,,,,,,,,,,,,,2.63425689513184,,
"1747-06-01",,,,,,,,,,,,,,2.72760925212855,,
"1747-07-01",,,,,,,,,,,,,,2.66868835043235,,
"1747-08-01",,,,,,,,,,,,,,2.68451737988056,,
"1747-09-01",,,,,,,,,,,,,,2.66011688338881,,
"1747-10-01",,,,,,,,,,,,,,2.62353461121932,,
"1747-11-01",,,,,,,,,,,,,,2.62704420843617,,
"1747-12-01",,,,,,,,,,,,,,2.64323400117582,,
"1748-01-01",,,,,,,,,,,,,,2.6183734425534,,
"1748-02-01",,,,,,,,,,,,,,2.56900619327192,,
"1748-03-01",,,,,,,,,,,,,,2.50920539564995,,
"1748-04-01",,,,,,,,,,,,,,2.77947526013379,,
"1748-05-01",,,,,,,,,,,,,,2.8235425725705,,
"1748-06-01",,,,,,,,,,,,,,2.9025292624156,,
"1748-07-01",,,,,,,,,,,,,,2.8601213460453,,
"1748-08-01",,,,,,,,,,,,,,2.84615595869556,,
"1748-09-01",,,,,,,,,,,,,,2.8609352543949,,
"1748-10-01",,,,,,,,,,,,,,2.81583931020642,,
"1748-11-01",,,,,,,,,,,,,,2.83484901943078,,
"1748-12-01",,,,,,,,,,,,,,2.80183160250303,,
"1749-01-01",,,,,,,,,,,,,,2.82186778808242,,
"1749-02-01",,,,,,,,,,,,,,2.83422826181015,,
"1749-03-01",,,,,,,,,,,,,,2.85649894258357,,
"1749-04-01",,,,,,,,,,,,,,2.84643338436791,,
"1749-05-01",,,,,,,,,,,,,,3.01351938555341,,
"1749-06-01",,,,,,,,,,,,,,3.01918262656868,,
"1749-07-01",,,,,,,,,,,,,,3.02999434491923,,
"1749-08-01",,,,,,,,,,,,,,3.07560002890355,,
"1749-09-01",,,,,,,,,,,,,,3.08751763320632,,
"1749-10-01",,,,,,,,,,,,,,3.05112093604778,,
"1749-11-01",,,,,,,,,,,,,,2.95269875955252,,
"1749-12-01",,,,,,,,,,,,,,2.96094183179846,,
"1750-01-01",,,,,,,,,,,,,,2.9696422619814,,
"1750-02-01",,,,,,,,,,,,,,2.96029747084763,,
"1750-03-01",,,,,,,,,,,,,,2.96152234417552,,
"1750-04-01",,,,,,,,,,,,,,2.93073354953891,,
"1750-05-01",,,,,,,,,,,,,,2.95626023494546,,
"1750-06-01",,,,,,,,,,,,,,2.98574730560898,,
"1750-07-01",,,,,,,,,,,,,,2.9641043777156,,
"1750-08-01",,,,,,,,,,,,,,2.97708530670777,,
"1750-09-01",,,,,,,,,,,,,,2.99062780223298,,
"1750-10-01",,,,,,,,,,,,,,2.98340826189409,,
"1750-11-01",,,,,,,,,,,,,,3.00581353798158,,
"1750-12-01",,,,,,,,,,,,,,3.00633874925115,,
"1751-01-01",,,,,,,,,,,,,,2.97493042025944,,
"1751-02-01",,,,,,,,,,,,,,2.97452973526262,,
"1751-03-01",,,,,,,,,,,,,,3.02168529288045,,
"1751-04-01",,,,,,,,,,,,,,3.02034923581102,,
"1751-05-01",,,,,,,,,,,,,,3.06909753614849,,
"1751-06-01",,,,,,,,,,,,,,3.1081964656649,,
"1751-07-01",,,,,,,,,,,,,,3.00787110965562,,
"1751-08-01",,,,,,,,,,,,,,3.05294015334866,,
"1751-09-01",,,,,,,,,,,,,,3.07976958575124,,
"1751-10-01",,,,,,,,,,,,,,3.05188388201306,,
"1751-11-01",,,,,,,,,,,,,,3.0915855575176,,
"1751-12-01",,,,,,,,,,,,,,3.10478696859499,,
"1752-01-01",,,,,,,,,,,,,,3.10273167144469,,
"1752-02-01",,,,,,,,,,,,,,3.08561819435703,,
"1752-03-01",,,,,,,,,,,,,,3.10349047779611,,
"1752-04-01",,,,,,,,,,,,,,3.11559843517957,,
"1752-05-01",,,,,,,,,,,,,,3.15702222392861,,
"1752-06-01",,,,,,,,,,,,,,3.18561187918973,,
"1752-07-01",,,,,,,,,,,,,,3.16630166031297,,
"1752-08-01",,,,,,,,,,,,,,3.16196326579234,,
"1752-09-01",,,,,,,,,,,,,,3.19786475732333,,
"1752-10-01",,,,,,,,,,,,,,3.16890842675335,,
"1752-11-01",,,,,,,,,,,,,,3.17744424799796,,
"1752-12-01",,,,,,,,,,,,,,3.20894789452514,,
"1753-01-01",,,,,,,,,,,,,,3.17294523657349,,
"1753-02-01",,,,,,,,,,,,,,3.16526525381794,,
"1753-03-01",,,,,,,,,,,,,,3.16514964037231,,
"1753-04-01",,,,,,,,,,,,,,3.14590035491449,,
"1753-05-01",,,,,,,,,,,,,,3.1509618502134,,
"1753-06-01",,,,,,,,,,,,,,3.15093957141958,,
"1753-07-01",,,,,,,,,,,,,,3.13037336147889,,
"1753-08-01",,,,,,,,,,,,2.85374554102259,,3.10909434342264,,
"1753-09-01",,,,,,,,,,,,2.86396181384248,,3.11986351995205,,
"1753-10-01",,,,,,,,,,,,2.88115246098439,,3.08684004355623,,
"1753-11-01",,,,,,,,,,,,2.87081339712919,,3.10539453204639,,
"1753-12-01",,,,,,,,,,,,2.88808664259928,,3.11555752975602,,
"1754-01-01",,,,,,,,,,,,2.89505428226779,,3.06783025738164,,
"1754-02-01",,,,,,,,,,,,2.92326431181486,,3.04900592387264,,
"1754-03-01",,,,,,,,,,,,2.93398533007335,,3.03364497526771,,
"1754-04-01",,,,,,,,,,,,2.90556900726392,,3.05760279636419,,
"1754-05-01",,,,,,,,,,,,2.87769784172662,,3.06752520269153,,
"1754-06-01",,,,,,,,,,,,2.87081339712919,,3.08090094218662,,
"1754-07-01",,,,,,,,,,,,2.8673835125448,,3.05032780716989,,
"1754-08-01",,,,,,,,,,,,2.88115246098439,,3.03919290119657,,
"1754-09-01",,,,,,,,,,,,2.9126213592233,,3.02415832743883,,
"1754-10-01",,,,,,,,,,,,2.91613204245888,,2.99166359749457,,
"1754-11-01",,,,,,,,,,,,2.9126213592233,,2.99059290423157,,
"1754-12-01",,,,,,,,,,,,2.88808664259928,,3.01269968087459,,
"1755-01-01",,,,,,,,,,,,2.94117647058824,,2.90960223724592,,
"1755-02-01",,,,,,,,,,,,2.9925187032419,,2.91404691752661,,
"1755-03-01",,,,,,,,,,,,3.04182509505703,,2.87542379583626,,
"1755-04-01",,,,,,,,,,,,3.0729518775736,,2.83257953860055,,
"1755-05-01",,,,,,,,,,,,3.00721732157177,,2.86523139839648,,
"1755-06-01",,,,,,,,,,,,3.03413400758533,,2.85438121327358,,
"1755-07-01",,,,,,,,,,,,3.22147651006711,,2.72816691967066,,
"1755-08-01",,,,,,,,,,,,3.25644504748982,,2.70862548464611,,
"1755-09-01",,,,,,,,,,,,3.20855614973262,,2.73281658513489,,
"1755-10-01",,,,,,,,,,,,3.31034482758621,,2.70101515443534,,
"1755-11-01",,,,,,,,,,,,3.28767123287671,,2.62176399006722,,
"1755-12-01",,,,,,,,,,,,3.2345013477089,,2.6358398726652,,
"1756-01-01",,,,,,,,,,,,3.37552742616034,,2.57039969620285,,
"1756-02-01",,,,,,,,,,,,3.36134453781513,,2.55335159970689,,
"1756-03-01",,,,,,,,,,,,3.35195530726257,,2.55186102667729,,
"1756-04-01",,,,,,,,,,,,3.30578512396694,,2.53960916493763,,
"1756-05-01",,,,,,,,,,,,3.35195530726257,,2.50273656070751,,
"1756-06-01",,,,,,,,,,,,3.36134453781513,,2.48040993141283,,
"1756-07-01",,,,,,,,,,,,3.38028169014085,,2.47053005725496,,
"1756-08-01",,,,,,,,,,,,3.36134453781513,,2.45466365962257,,
"1756-09-01",,,,,,,,,,,,3.35195530726257,,2.46260320144018,,
"1756-10-01",,,,,,,,,,,,3.39462517680339,,2.44825519087636,,
"1756-11-01",,,,,,,,,,,,3.38983050847458,,2.45753217780814,,
"1756-12-01",,,,,,,,,,,,3.38983050847458,,2.47595880198703,,
"1757-01-01",,,,,,,,,,,,3.45821325648415,,2.45935005469466,,
"1757-02-01",,,,,,,,,,,,3.41880341880342,,2.48134155008479,,
"1757-03-01",,,,,,,,,,,,3.32871012482663,,2.5207840834606,,
"1757-04-01",,,,,,,,,,,,3.36605890603086,,2.50019907917597,,
"1757-05-01",,,,,,,,,,,,3.33333333333333,,2.54601708137262,,
"1757-06-01",,,,,,,,,,,,3.33333333333333,,2.4958150114088,,
"1757-07-01",,,,,,,,,,,,3.37552742616034,,2.4969085200785,,
"1757-08-01",,,,,,,,,,,,3.34728033472803,,2.51040661421398,,
"1757-09-01",,,,,,,,,,,,3.27868852459016,,2.56867203611227,,
"1757-10-01",,,,,,,,,,,,3.2967032967033,,2.55878208537138,,
"1757-11-01",,,,,,,,,,,,3.28767123287671,,2.55623032787597,,
"1757-12-01",,,,,,,,,,,,3.30578512396694,,2.52493141421045,,
"1758-01-01",,,,,,,,,,,,3.31491712707182,,2.53148681467469,,
"1758-02-01",,,,,,,,,,,,3.24324324324324,,2.61964025739949,,
"1758-03-01",,,,,,,,,,,,3.19148936170213,,2.6543213206079,,
"1758-04-01",,,,,,,,,,,,3.19148936170213,,2.61877818168036,,
"1758-05-01",,,,,,,,,,,,3.13725490196078,,2.62266577048057,,
"1758-06-01",,,,,,,,,,,,3.10077519379845,,2.64315820663912,,
"1758-07-01",,,,,,,,,,,,3.2345013477089,,2.57079237730472,,
"1758-08-01",,,,,,,,,,,,3.26530612244898,,2.49441329919103,,
"1758-09-01",,,,,,,,,,,,3.30578512396694,,2.5122142531703,,
"1758-10-01",,,,,,,,,,,,3.34261838440111,,2.47402390549662,,
"1758-11-01",,,,,,,,,,,,3.30578512396694,,2.48960739338597,,
"1758-12-01",,,,,,,,,,,,3.34261838440111,,2.48509819124617,,
"1759-01-01",,,,,,,,,,,,3.38983050847458,,2.47469014050188,,
"1759-02-01",,,,,,,,,,,,3.45821325648415,,2.44573878085118,,
"1759-03-01",,,,,,,,,,,,3.58208955223881,,2.41562167528237,,
"1759-04-01",,,,,,,,,,,,3.69230769230769,,2.36408872580538,,
"1759-05-01",,,,,,,,,,,,3.77358490566038,,2.3389287291386,,
"1759-06-01",,,,,,,,,,,,3.78501135503406,,2.32049175760607,,
"1759-07-01",,,,,,,,,,,,3.85232744783307,,2.27993514033502,,
"1759-08-01",,,,,,,,,,,,3.6697247706422,,2.33439889432837,,
"1759-09-01",,,,,,,,,,,,3.65296803652968,,2.34923529619009,,
"1759-10-01",,,,,,,,,,,,3.6697247706422,,2.36108688978937,,
"1759-11-01",,,,,,,,,,,,3.48837209302326,,2.41519814047555,,
"1759-12-01",,,,,,,,,,,,3.55029585798817,,2.4678223459329,,
"1760-01-01",,,,,,,,,,,,3.75,,2.38545808781891,,
"1760-02-01",,,,,,,,,,,,3.73831775700935,,2.34002596521306,,
"1760-03-01",,,,,,,,,,,,3.65296803652968,,2.37864662524401,,
"1760-04-01",,,,,,,,,,,,3.63636363636364,,2.37862430974242,,
"1760-05-01",,,,,,,,,,,,3.63636363636364,,2.37878810967892,,
"1760-06-01",,,,,,,,,,,,3.56083086053412,,2.41940596498409,,
"1760-07-01",,,,,,,,,,,,3.58208955223881,,2.39711912612802,,
"1760-08-01",,,,,,,,,,,,3.58744394618834,,2.41380233401641,,
"1760-09-01",,,,,,,,,,,,3.62537764350453,,2.41612027007068,,
"1760-10-01",,,,,,,,,,,,3.6144578313253,,2.41785585219917,,
"1760-11-01",,,,,,,,,,,,3.80952380952381,,2.36025290456588,,
"1760-12-01",,,,,,,,,,,,3.96694214876033,,2.35105232826246,,
"1761-01-01",,,,,,,,,,,,4.09556313993174,,2.30340778074365,,
"1761-02-01",,,,,,,,,,,,4.07470288624788,,2.26523399031421,,
"1761-03-01",,,,,,,,,,,,3.86473429951691,,2.31345016452222,,
"1761-04-01",,,,,,,,,,,,3.40909090909091,,2.5007420057468,,
"1761-05-01",,,,,,,,,,,,3.40909090909091,,2.50467172558789,,
"1761-06-01",,,,,,,,,,,,3.49854227405248,,2.47983318689045,,
"1761-07-01",,,,,,,,,,,,3.77358490566038,,2.45174653621945,,
"1761-08-01",,,,,,,,,,,,3.87096774193548,,2.3849764022341,,
"1761-09-01",,,,,,,,,,,,4.09556313993174,,2.34205176624374,,
"1761-10-01",,,,,,,,,,,,4.17391304347826,,2.22297251049823,,
"1761-11-01",,,,,,,,,,,,4.26287744227353,,2.17712762370988,,
"1761-12-01",,,,,,,,,,,,4.51127819548872,,2.0681676002455,,
"1762-01-01",,,,,,,,,,,,4.84848484848485,,1.98062058329669,,
"1762-02-01",,,,,,,,,,,,4.41176470588235,,1.99071852169662,,
"1762-03-01",,,,,,,,,,,,4.28571428571429,,2.04023374953126,,
"1762-04-01",,,,,,,,,,,,4.31654676258993,,2.05227639548422,,
"1762-05-01",,,,,,,,,,,,4.13793103448276,,2.07272510649384,,
"1762-06-01",,,,,,,,,,,,4.16666666666667,,2.07771660030641,,
"1762-07-01",,,,,,,,,,,,3.98671096345515,,2.11362440711745,,
"1762-08-01",,,,,,,,,,,,3.49854227405248,,2.34843240934096,,
"1762-09-01",,,,,,,,,,,,3.59281437125748,,2.41246319853766,,
"1762-10-01",,,,,,,,,,,,3.6979969183359,,2.37632367183447,,
"1762-11-01",,,,,,,,,,,,3.47826086956522,,2.61508187406115,,
"1762-12-01",,,,,,,,,,,,3.24324324324324,,2.68814608955988,,
"1763-01-01",,,,,,,,,,,,3.34261838440111,,2.71374697347279,,
"1763-02-01",,,,,,,,,,,,3.17880794701987,,2.82973454380335,,
"1763-03-01",,,,,,,,,,,,3.16202200767317,,2.8577077648816,,
"1763-04-01",,,,,,,,,,,,3.17880794701987,,2.82496716489316,,
"1763-05-01",,,,,,,,,,,,3.20427236315087,,2.79190452687576,,
"1763-06-01",,,,,,,,,,,,3.20855614973262,,2.7886968368035,,
"1763-07-01",,,,,,,,,,,,3.32409972299169,,2.70675158332734,,
"1763-08-01",,,,,,,,,,,,3.43839541547278,,2.61417835077463,,
"1763-09-01",,,,,,,,,,,,3.68098159509202,,2.56117829571639,,
"1763-10-01",,,,,,,,,,,,3.59281437125748,,2.49753329879671,,
"1763-11-01",,,,,,,,,,,,3.49344978165939,,2.53748541968818,,
"1763-12-01",,,,,,,,,,,,3.50877192982456,,2.56882892687479,,
"1764-01-01",,,,,,,,,,,,3.57675111773472,,2.54067995750719,,
"1764-02-01",,,,,,,,,,,,3.52422907488987,,2.57257769146093,,
"1764-03-01",,,,,,,,,,,,3.51906158357771,,2.56922391615124,,
"1764-04-01",,,,,,,,,,,,3.42857142857143,,2.5668323467684,,
"1764-05-01",,,,,,,,,,,,3.48837209302326,,2.52341062087011,,
"1764-06-01",,,,,,,,,,,,3.47826086956522,,2.53344834280763,,
"1764-07-01",,,,,,,,,,,,3.53460972017673,,2.49732051507792,,
"1764-08-01",,,,,,,,,,,,3.6144578313253,,2.48356407645519,,
"1764-09-01",,,,,,,,,,,,3.6144578313253,,2.53606911460269,,
"1764-10-01",,,,,,,,,,,,3.56612184249629,,2.56555410258373,,
"1764-11-01",,,,,,,,,,,,3.56040826014716,,2.59362183006499,,
"1764-12-01",,,,,,,,,,,,3.39943342776204,,2.6715257261171,,
"1765-01-01",,,,,,,,,,,,3.5036496350365,,2.64219314862258,,
"1765-02-01",,,,,,,,,,,,3.44332855093257,,2.66553104216365,,
"1765-03-01",,,,,,,,,,,,3.40909090909091,,2.69111438453056,,
"1765-04-01",,,,,,,,,,,,3.42368045649073,,2.70061826592525,,
"1765-05-01",,,,,,,,,,,,3.43347639484979,,2.70216661812489,,
"1765-06-01",,,,,,,,,,,,3.38504936530324,,2.7676528452471,,
"1765-07-01",,,,,,,,,,,,3.41394025604552,,2.82464833856341,,
"1765-08-01",,,,,,,,,,,,3.34261838440111,,2.82948103858061,,
"1765-09-01",,,,,,,,,,,,3.2520325203252,,2.87641425995801,,
"1765-10-01",,,,,,,,,,,,3.26530612244898,,2.85890118542762,,
"1765-11-01",,,,,,,,,,,,3.27868852459016,,2.85620009885013,,
"1765-12-01",,,,,,,,,,,,3.26530612244898,,2.87140485861918,,
"1766-01-01",,,,,,,,,,,,3.35664335664336,,2.85232585583184,,
"1766-02-01",,,,,,,,,,,,3.39943342776204,,2.82621818549454,,
"1766-03-01",,,,,,,,,,,,3.36605890603086,,2.83131624166642,,
"1766-04-01",,,,,,,,,,,,3.35660580021482,,2.89831750756341,,
"1766-05-01",,,,,,,,,,,,3.33333333333333,,2.9759328635034,,
"1766-06-01",,,,,,,,,,,,3.30578512396694,,2.96811056712338,,
"1766-07-01",,,,,,,,,,,,3.41394025604552,,3.08510407799858,,
"1766-08-01",,,,,,,,,,,,3.33796940194715,,3.10268619840424,,
"1766-09-01",,,,,,,,,,,,3.35664335664336,,3.1942926409677,,
"1766-10-01",,,,,,,,,,,,3.37078651685393,,3.17139960337501,,
"1766-11-01",,,,,,,,,,,,3.35664335664336,,3.15282755682728,,
"1766-12-01",,,,,,,,,,,,3.32871012482663,,3.18596645877095,,
"1767-01-01",,,,,,,,,,,,3.36134453781513,,3.25347059392341,,
"1767-02-01",,,,,,,,,,,,3.37078651685393,,3.26657074943521,,
"1767-03-01",,,,,,,,,,,,3.37552742616034,,3.30596827408619,,
"1767-04-01",,,,,,,,,,,,3.37078651685393,,3.38663509158153,,
"1767-05-01",,,,,,,,,,,,3.38504936530324,,3.35271218034494,,
"1767-06-01",,,,,,,,,,,,3.36605890603086,,3.4215864876054,,
"1767-07-01",,,,,,,,,,,,3.4337907905731,,3.38273257194937,,
"1767-08-01",,,,,,,,,,,,3.39943342776204,,3.48689103450768,,
"1767-09-01",,,,,,,,,,,,3.39462517680339,,3.5574939745437,,
"1767-10-01",,,,,,,,,,,,3.37552742616034,,3.56682274448021,,
"1767-11-01",,,,,,,,,,,,3.3195020746888,,3.57810522953794,,
"1767-12-01",,,,,,,,,,,,3.23886639676113,,3.61816946384191,,
"1768-01-01",,,,,,,,,,,,3.31034482758621,,3.5984484350316,,
"1768-02-01",,,,,,,,,,,,3.27868852459016,,3.6411452297731,,
"1768-03-01",,,,,,,,,,,,3.2345013477089,,3.71309071898399,,
"1768-04-01",,,,,,,,,,,,3.2,,3.68287631833216,,
"1768-05-01",,,,,,,,,,,,3.17880794701987,,3.7455171908055,,
"1768-06-01",,,,,,,,,,,,3.17460317460317,,3.74387371919642,,
"1768-07-01",,,,,,,,,,,,3.34261838440111,,3.61686017980448,,
"1768-08-01",,,,,,,,,,,,3.32409972299169,,3.67470777326971,,
"1768-09-01",,,,,,,,,,,,3.39462517680339,,3.62876590643468,,
"1768-10-01",,,,,,,,,,,,3.41880341880342,,3.66689838202218,,
"1768-11-01",,,,,,,,,,,,3.38504936530324,,3.59195561802715,,
"1768-12-01",,,,,,,,,,,,3.33333333333333,,3.64823974775413,,
"1769-01-01",,,,,,,,,,,,3.39943342776204,,3.6149176510978,,
"1769-02-01",,,,,,,,,,,,3.40425531914894,,3.63150332290988,,
"1769-03-01",,,,,,,,,,,,3.37078651685393,,3.66059863978526,,
"1769-04-01",,,,,,,,,,,,3.38504936530324,,3.62274631965842,,
"1769-05-01",,,,,,,,,,,,3.34728033472803,,3.47669354980984,,
"1769-06-01",,,,,,,,,,,,3.34261838440111,,3.52416952132521,,
"1769-07-01",,,,,,,,,,,,3.34261838440111,,3.47617966518001,,
"1769-08-01",,,,,,,,,,,,3.36134453781513,,3.46335439094674,,
"1769-09-01",,,,,,,,,,,,3.40909090909091,,3.40836449619693,,
"1769-10-01",,,,,,,,,,,,3.39462517680339,,3.38192909315313,,
"1769-11-01",,,,,,,,,,,,3.50877192982456,,3.27854951896968,,
"1769-12-01",,,,,,,,,,,,3.47322720694645,,3.29832417008562,,
"1770-01-01",,,,,,,,,,,,3.57675111773472,,3.16724032706707,,
"1770-02-01",,,,,,,,,,,,3.50467289719626,,3.26780053827234,,
"1770-03-01",,,,,,,,,,,,3.49344978165939,,3.29064689356983,,
"1770-04-01",,,,,,,,,,,,3.45821325648415,,3.27589049126764,,
"1770-05-01",,,,,,,,,,,,3.44827586206897,,3.4002988986663,,
"1770-06-01",,,,,,,,,,,,3.51906158357771,,3.26281120324068,,
"1770-07-01",,,,,,,,,,,,3.57142857142857,,3.24081796741795,,
"1770-08-01",,,,,,,,,,,,3.53460972017673,,3.258833113026,,
"1770-09-01",,,,,,,,,,,,3.82165605095541,,3.05060472359057,,
"1770-10-01",,,,,,,,,,,,3.79746835443038,,2.94888013611218,,
"1770-11-01",,,,,,,,,,,,3.84615384615385,,2.83772040262286,,
"1770-12-01",,,,,,,,,,,,3.83337592639918,,2.86039624462351,,
"1771-01-01",,,,,,,,,,,,3.55555555555556,,3.12448563877908,,
"1771-02-01",,,,,,,,,,,,3.40909090909091,,3.31722472513321,,
"1771-03-01",,,,,,,,,,,,3.50877192982456,,3.19921163369537,,
"1771-04-01",,,,,,,,,,,,3.42857142857143,,3.28687464682596,,
"1771-05-01",,,,,,,,,,,,3.38028169014085,,3.35107214189936,,
"1771-06-01",,,,,,,,,,,,3.37078651685393,,3.34612154948146,,
"1771-07-01",,,,,,,,,,,,3.43839541547278,,3.29884560995538,,
"1771-08-01",,,,,,,,,,,,3.43347639484979,,3.29231985812628,,
"1771-09-01",,,,,,,,,,,,3.46320346320346,,3.24445829779107,,
"1771-10-01",,,,,,,,,,,,3.45323741007194,,3.25393243747687,,
"1771-11-01",,,,,,,,,,,,3.44827586206897,,3.23739686812711,,
"1771-12-01",,,,,,,,,,,,3.39462517680339,,3.3786391010789,,
"1772-01-01",,,,,,,,,,,,3.41880341880342,,3.30408561788421,,
"1772-02-01",,,,,,,,,,,,3.41394025604552,,3.26358207016716,,
"1772-03-01",,,,,,,,,,,,3.38028169014085,,3.28288424700136,,
"1772-04-01",,,,,,,,,,,,3.36605890603086,,3.23763089742212,,
"1772-05-01",,,,,,,,,,,,3.33333333333333,,3.3125143498099,,
"1772-06-01",,,,,,,,,,,,3.35195530726257,,3.20898218953021,,
"1772-07-01",,,,,,,,,,,,3.39904826648538,,3.20443153639597,,
"1772-08-01",,,,,,,,,,,,3.38983050847458,,3.17806623824869,,
"1772-09-01",,,,,,,,,,,,3.40425531914894,,3.08904690210778,,
"1772-10-01",,,,,,,,,,,,3.43347639484979,,2.9943291367259,,
"1772-11-01",,,,,,,,,,,,3.40425531914894,,2.91916207608374,,
"1772-12-01",,,,,,,,,,,,3.37552742616034,,2.88559512643463,,
"1773-01-01",,,,,,,,,,,,3.43839541547278,,2.8587717877215,,
"1773-02-01",,,,,,,,,,,,3.43343709943234,,2.87271570066606,,
"1773-03-01",,,,,,,,,,,,3.38983050847458,,2.80636669096228,,
"1773-04-01",,,,,,,,,,,,3.49854227405248,,2.73683473857781,,
"1773-05-01",,,,,,,,,,,,3.47826086956522,,2.71626159957545,,
"1773-06-01",,,,,,,,,,,,3.7037037037037,,2.75687674100359,,
"1773-07-01",,,,,,,,,,,,3.38983050847458,,2.77967310058417,,
"1773-08-01",,,,,,,,,,,,3.44827586206897,,2.80265434157069,,
"1773-09-01",,,,,,,,,,,,3.42465753424658,,2.81189995859308,,
"1773-10-01",,,,,,,,,,,,3.41394025604552,,2.75867187033514,,
"1773-11-01",,,,,,,,,,,,3.42857142857143,,2.71125120988148,,
"1773-12-01",,,,,,,,,,,,3.43347639484979,,2.72160983674642,,
"1774-01-01",,,,,,,,,,,,3.47322720694645,,2.69519140386778,,
"1774-02-01",,,,,,,,,,,,3.46320346320346,,2.70402650024133,,
"1774-03-01",,,,,,,,,,,,3.45323741007194,,2.72822051619136,,
"1774-04-01",,,,,,,,,,,,3.41394025604552,,2.74382236232918,,
"1774-05-01",,,,,,,,,,,,3.40909090909091,,2.82034524283198,,
"1774-06-01",,,,,,,,,,,,3.38501117053686,,2.83960373623323,,
"1774-07-01",,,,,,,,,,,,3.37078651685393,,2.81404079130753,,
"1774-08-01",,,,,,,,,,,,3.39462517680339,,2.81272749096745,,
"1774-09-01",,,,,,,,,,,,3.37078651685393,,2.81996097290275,,
"1774-10-01",,,,,,,,,,,,3.38028169014085,,2.78770136861396,,
"1774-11-01",,,,,,,,,,,,3.33796940194715,,2.8300178431152,,
"1774-12-01",,,,,,,,,,,,3.29214494216799,,2.87021709812582,,
"1775-01-01",,,,,,,,,,,,3.44332855093257,,2.87104438131366,,
"1775-02-01",,,,,,,,,,,,3.38983050847458,,2.88307641157426,,
"1775-03-01",,,,,,,,,,,,3.38983050847458,,2.959493977535,,
"1775-04-01",,,,,,,,,,,,3.36605890603086,,2.87301877208187,,
"1775-05-01",,,,,,,,,,,,3.38028169014085,,2.86688304985133,,
"1775-06-01",,,,,,,,,,,,3.37552742616034,,2.84829226038497,,
"1775-07-01",,,,,,,,,,,,3.41880341880342,,2.80629928308494,,
"1775-08-01",,,,,,,,,,,,3.37548944596967,,2.85458033696441,,
"1775-09-01",,,,,,,,,,,,3.36605890603086,,2.876778564501,,
"1775-10-01",,,,,,,,,,,,3.37078651685393,,2.85806528448751,,
"1775-11-01",,,,,,,,,,,,3.34261838440111,,2.93609097829029,,
"1775-12-01",,,,,,,,,,,,3.35195530726257,,2.93489109982339,,
"1776-01-01",,,,,,,,,,,,3.45323741007194,,2.90146306685144,,
"1776-02-01",,,,,,,,,,,,3.4833091436865,,2.87693005405842,,
"1776-03-01",,,,,,,,,,,,3.48837209302326,,2.86727339197604,,
"1776-04-01",,,,,,,,,,,,3.50877192982456,,2.85154779252666,,
"1776-05-01",,,,,,,,,,,,3.54505169867061,,2.82168049892511,,
"1776-06-01",,,,,,,,,,,,3.53982300884956,,2.85891074012565,,
"1776-07-01",,,,,,,,,,,,3.56612184249629,,2.80029807072446,,
"1776-08-01",,,,,,,,,,,,3.58208955223881,,2.87213190124315,,
"1776-09-01",,,,,,,,,,,,3.58744394618834,,2.89138436387056,,
"1776-10-01",,,,,,,,,,,,3.66412213740458,,2.83905115558622,,
"1776-11-01",,,,,,,,,,,,3.65296803652968,,2.8634517535492,,
"1776-12-01",,,,,,,,,,,,3.66412213740458,,2.87821199398992,,
"1777-01-01",,,,,,,,,,,,3.72093023255814,,2.83367672523781,,
"1777-02-01",,,,,,,,,,,,3.77947994355977,,2.81911597710283,,
"1777-03-01",,,,,,,,,,,,3.81558028616852,,2.80694776594846,,
"1777-04-01",,,,,,,,,,,,3.76761359354985,,2.80088797513733,,
"1777-05-01",,,,,,,,,,,,3.78548895899054,,2.83514827005138,,
"1777-06-01",,,,,,,,,,,,3.79746835443038,,2.82389580231061,,
"1777-07-01",,,,,,,,,,,,3.9344262295082,,2.69659410669315,,
"1777-08-01",,,,,,,,,,,,3.86473429951691,,2.72417937065884,,
"1777-09-01",,,,,,,,,,,,3.84615384615385,,2.75292897267023,,
"1777-10-01",,,,,,,,,,,,3.79746835443038,,2.76803715633141,,
"1777-11-01",,,,,,,,,,,,3.82775119617225,,2.74970580789965,,
"1777-12-01",,,,,,,,,,,,3.99334442595674,,2.63062659767511,,
"1778-01-01",,,,,,,,,,,,4.18994413407821,,2.56787805913535,,
"1778-02-01",,,,,,,,,,,,4.33996383363472,,2.43760520997927,,
"1778-03-01",,,,,,,,,,,,4.9792531120332,,2.20201589274476,,
"1778-04-01",,,,,,,,,,,,4.93827160493827,,2.19457122403534,,
"1778-05-01",,,,,,,,,,,,4.8780487804878,,2.2623291313821,,
"1778-06-01",,,,,,,,,,,,4.85751295336788,,2.28390208882396,,
"1778-07-01",,,,,,,,,,,,4.86815415821501,,2.26788662033852,,
"1778-08-01",,,,,,,,,,,,4.69659966184482,,2.32700478390537,,
"1778-09-01",,,,,,,,,,,,4.55407969639469,,2.34099815630343,,
"1778-10-01",,,,,,,,,,,,4.59770114942529,,2.36008939187535,,
"1778-11-01",,,,,,,,,,,,4.8,,2.30597746866161,,
"1778-12-01",,,,,,,,,,,,4.8780487804878,,2.26669591865024,,
"1779-01-01",,,,,,,,,,,,4.8582995951417,,2.2665401364005,,
"1779-02-01",,,,,,,,,,,,5.06329113924051,,2.27748055898853,,
"1779-03-01",,,,,,,,,,,,4.83870967741935,,2.39525834459674,,
"1779-04-01",,,,,,,,,,,,4.71512770137525,,2.43501007559748,,
"1779-05-01",,,,,,,,,,,,4.7713717693837,,2.44687469952205,,
"1779-06-01",,,,,,,,,,,,4.93827160493827,,2.31079139628004,,
"1779-07-01",,,,,,,,,,,,5,,2.26814514073518,,
"1779-08-01",,,,,,,,,,,,4.9079754601227,,2.304064650708,,
"1779-09-01",,,,,,,,,,,,4.89795918367347,,2.32993644473145,,
"1779-10-01",,,,,,,,,,,,4.8582995951417,,2.3290330709261,,
"1779-11-01",,,,,,,,,,,,4.89795918367347,,2.32008325332273,,
"1779-12-01",,,,,,,,,,,,4.83870967741935,,2.33403459528124,,
"1780-01-01",,,,,,,,,,,,4.93745885450955,,2.36187174074704,,
"1780-02-01",,,,,,,,,,,,4.94845360824742,,2.3882681830709,,
"1780-03-01",,,,,,,,,,,,4.93827160493827,,2.40548330566705,,
"1780-04-01",,,,,,,,,,,,4.93827160493827,,2.4102010665692,,
"1780-05-01",,,,,,,,,,,,4.88798370672098,,2.37171069751251,,
"1780-06-01",,,,,,,,,,,,4.73372781065089,,2.38590448386316,,
"1780-07-01",,,,,,,,,,,,4.81927710843374,,2.45942660263648,,
"1780-08-01",,,,,,,,,,,,4.86815415821501,,2.40247735734529,,
"1780-09-01",,,,,,,,,,,,4.9079754601227,,2.37976094789726,,
"1780-10-01",,,,,,,,,,,,4.9079754601227,,2.37753379354284,,
"1780-11-01",,,,,,,,,,,,4.9079754601227,,2.35982289432585,,
"1780-12-01",,,,,,,,,,,,4.9792531120332,,2.39551157380405,,
"1781-01-01",,,,,,,,,,,,5.16129032258065,,2.30119494075119,,
"1781-02-01",,,,,,,,,,,,5.09554140127389,,2.28069631596989,,
"1781-03-01",,,,,,,,,,,,5.13918629550321,,2.30724700919448,,
"1781-04-01",,,,,,,,,,,,5.11727078891258,,2.33048438793517,,
"1781-05-01",,,,,,,,,,,,5.1063829787234,,2.31171517173081,,
"1781-06-01",,,,,,,,,,,,5.07399577167019,,2.35676466204322,,
"1781-07-01",,,,,,,,,,,,5.24017467248908,,2.24587155483677,,
"1781-08-01",,,,,,,,,,,,5.26315789473684,,2.28144745767037,,
"1781-09-01",,,,,,,,,,,,4.50281425891182,,2.28535785713465,,
"1781-10-01",,,,,,,,,,,,5.36912751677852,,2.23006250322551,,
"1781-11-01",,,,,,,,,,,,5.21739130434783,,2.46960823006772,,
"1781-12-01",,,,,,,,,,,,5.1948051948052,,2.26193608757736,,
"1782-01-01",,,,,,,,,,,,5.38116591928251,,2.23080709812898,,
"1782-02-01",,,,,,,,,,,,5.51724137931035,,2.20535173713561,,
"1782-03-01",,,,,,,,,,,,5.39325842696629,,2.23119684054293,,
"1782-04-01",,,,,,,,,,,,5.04201680672269,,2.28385548282673,,
"1782-05-01",,,,,,,,,,,,5.02092050209205,,2.29927663519114,,
"1782-06-01",,,,,,,,,,,,5.01043841336117,,2.29580324175283,,
"1782-07-01",,,,,,,,,,,,5.18358531317495,,2.23320144309728,,
"1782-08-01",,,,,,,,,,,,5.29801324503311,,2.21492285014555,,
"1782-09-01",,,,,,,,,,,,5.1948051948052,,2.25514460431914,,
"1782-10-01",,,,,,,,,,,,5.18349574953349,,2.27711302715003,,
"1782-11-01",,,,,,,,,,,,5,,2.31160733977738,,
"1782-12-01",,,,,,,,,,,,4.6242774566474,,2.41060733244921,,
"1783-01-01",,,,,,,,,,,,4.41176470588235,,2.51090353772238,,
"1783-02-01",,,,,,,,,,,,4.40366972477064,,2.55788326361037,,
"1783-03-01",,,,,,,,,,,,4.41988950276243,,2.59272722495282,,
"1783-04-01",,,,,,,,,,,,4.41988950276243,,2.55227362133765,,
"1783-05-01",,,,,,,,,,,,4.45269016697588,,2.53308359410955,,
"1783-06-01",,,,,,,,,,,,4.51127819548872,,2.50582665608128,,
"1783-07-01",,,,,,,,,,,,4.7713717693837,,2.47740996382028,,
"1783-08-01",,,,,,,,,,,,4.64396284829721,,2.4658239314631,,
"1783-09-01",,,,,,,,,,,,5.0314465408805,,2.43481403349407,,
"1783-10-01",,,,,,,,,,,,5.09554140127389,,2.39417452377152,,
"1783-11-01",,,,,,,,,,,,5.17241379310345,,2.23350918935327,,
"1783-12-01",,,,,,,,,,,,5.26315789473684,,2.24354697628504,,
"1784-01-01",,,,,,,,,,,,5.35714285714286,,2.23221867964728,,
"1784-02-01",,,,,,,,,,,,5.23925951798812,,2.24709210203348,,
"1784-03-01",,,,,,,,,,,,5.17241379310345,,2.27674738812122,,
"1784-04-01",,,,,,,,,,,,5.16129032258065,,2.24723795608419,,
"1784-05-01",,,,,,,,,,,,5.16129032258065,,2.24202865190992,,
"1784-06-01",,,,,,,,,,,,5.08474576271186,,2.22527343826186,,
"1784-07-01",,,,,,,,,,,,5.24017467248908,,2.22385755790054,,
"1784-08-01",,,,,,,,,,,,4.55401056530451,,2.25736469765093,,
"1784-09-01",,,,,,,,,,,,4.642166344294,,2.20212006441797,,
"1784-10-01",,,,,,,,,,,,5.46697038724374,,2.1972879746298,,
"1784-11-01",,,,,,,,,,,,4.54545454545455,,2.23061071890156,,
"1784-12-01",,,,,,,,,,,,5.32150776053215,,2.26265223755292,,
"1785-01-01",,,,,,,,,,,,5.33333333333333,,2.29862161840734,,
"1785-02-01",,,,,,,,,,,,5.4176072234763,,2.26284955015595,,
"1785-03-01",,,,,,,,,,,,5.45454545454545,,2.27272913483011,,
"1785-04-01",,,,,,,,,,,,5.20833333333333,,2.2831252237168,,
"1785-05-01",,,,,,,,,,,,4.4362292051756,,2.31524160747105,,
"1785-06-01",,,,,,,,,,,,5.11727078891258,,2.34411763660036,,
"1785-07-01",,,,,,,,,,,,5.16129032258065,,2.33744815778296,,
"1785-08-01",,,,,,,,,,,,5.1063829787234,,2.39437874569998,,
"1785-09-01",,,,,,,,,,,,5.01043841336117,,2.46247399147265,,
"1785-10-01",,,,,,,,,,,,4.58891013384321,,2.56326782999269,,
"1785-11-01",,,,,,,,,,,,4.28571428571429,,2.74133156669371,,
"1785-12-01",,,,,,,,,,,,4.18848167539267,,2.77002663803894,,
"1786-01-01",,,,,,,,,,,,4.25531914893617,,2.82917421645258,,
"1786-02-01",,,,,,,,,,,,4.27807486631016,,2.80228653332869,,
"1786-03-01",,,,,,,,,,,,4.33212996389892,,2.75321664387247,,
"1786-04-01",,,,,,,,,,,,4.29338103756708,,2.7413268550334,,
"1786-05-01",,,,,,,,,,,,4.04040404040404,,2.84291011754857,,
"1786-06-01",,,,,,,,,,,,4.03361344537815,,2.83808583056728,,
"1786-07-01",,,,,,,,,,,,3.95387149917628,,2.90736692622707,,
"1786-08-01",,,,,,,,,,,,3.85802469135802,,3.04162494492583,,
"1786-09-01",,,,,,,,,,,,3.87722132471729,,2.98566239829856,,
"1786-10-01",,,,,,,,,,,,3.9344262295082,,2.94861337858925,,
"1786-11-01",,,,,,,,,,,,4.06091370558376,,2.90521936306238,,
"1786-12-01",,,,,,,,,,,,3.9800466992146,,2.93435463379556,,
"1787-01-01",,,,,,,,,,,,4.06779661016949,,2.90482001916937,,
"1787-02-01",,,,,,,,,,,,4,,2.94284557085684,,
"1787-03-01",,,,,,,,,,,,3.933910306845,,3.00497655676612,,
"1787-04-01",,,,,,,,,,,,3.88349514563107,,3.01024099433141,,
"1787-05-01",,,,,,,,,,,,3.90243902439024,,3.02134925128697,,
"1787-06-01",,,,,,,,,,,,4.06779661016949,,2.94603549721306,,
"1787-07-01",,,,,,,,,,,,4.24778761061947,,2.88344203169147,,
"1787-08-01",,,,,,,,,,,,4.13793103448276,,2.98243338868817,,
"1787-09-01",,,,,,,,,,,,4.1522491349481,,2.85046400553186,,
"1787-10-01",,,,,,,,,,,,3.97350993377483,,2.94857967868026,,
"1787-11-01",,,,,,,,,,,,3.90243902439024,,3.0685290642914,,
"1787-12-01",,,,,,,,,,,,3.87722132471729,,3.14754550458817,,
"1788-01-01",,,,,,,,,,,,3.97350993377483,,3.05115606604342,,
"1788-02-01",,,,,,,,,,,,3.98671096345515,,3.0204396945356,,
"1788-03-01",,,,,,,,,,,,3.96694214876033,,3.178488528764,,
"1788-04-01",,,,,,,,,,,,3.99334442595674,,3.17046129714637,,
"1788-05-01",,,,,,,,,,,,3.96825396825397,,3.13793978113144,,
"1788-06-01",,,,,,,,,,,,3.98671096345515,,3.15094313300722,,
"1788-07-01",,,,,,,,,,,,4.03361344537815,,3.10481477331772,,
"1788-08-01",,,,,,,,,,,,4.04721753794266,,3.10636079433966,,
"1788-09-01",,,,,,,,,,,,4.02010050251256,,3.11413471230201,,
"1788-10-01",,,,,,,,,,,,3.96694214876033,,3.12267838314517,,
"1788-11-01",,,,,,,,,,,,4.06091370558376,,3.07405066111199,,
"1788-12-01",,,,,,,,,,,,4.05405405405405,,3.06484475152791,,
"1789-01-01",,,,,,,,,,,,4.18118466898955,,3.01373610437613,,
"1789-02-01",,,,,,,,,,,,4.05405405405405,,3.1171548116171,,
"1789-03-01",,,,,,,,,,,,4.04040404040404,,3.12632554517393,,
"1789-04-01",,,,,,,,,,,,4,,3.14255103405428,,
"1789-05-01",,,,,,,,,,,,3.94088669950739,,3.17276207658513,,
"1789-06-01",,,,,,,,,,,,3.88978930307942,,3.21516267807828,,
"1789-07-01",,,,,,,,,,,,3.80348652931854,,3.26802576446901,,
"1789-08-01",,,,,,,,,,,,3.78548895899054,,3.31073260157585,,
"1789-09-01",,,,,,,,,,,,3.73831775700935,,3.34119705712572,,
"1789-10-01",,,,,,,,,,,,3.7914691943128,,3.30156403705763,,
"1789-11-01",,,,,,,,,,,,3.85232744783307,,3.25434157831741,,
"1789-12-01",,,,,,,,,,,,3.80952380952381,,3.25325018977474,,
"1790-01-01",,,,,,,,,,,,3.80348652931854,,3.26867313822091,,
"1790-02-01",,,,,,,,,,,,3.87722132471729,,3.2516607458641,,
"1790-03-01",,,,,,,,,,,,3.77952755905512,,3.290394479475,,
"1790-04-01",,,,,,,,,,,,3.76175548589342,,3.27883582043774,,
"1790-05-01",,,,,,,,,,,,4.0133779264214,,2.95935279861716,,
"1790-06-01",,,,,,,,,,,,4.05405405405405,,3.00060745510183,,
"1790-07-01",,,,,,,,,,,,4.06091370558376,,3.03021303665042,,
"1790-08-01",,,,,,,,,,,,3.90828556539865,,3.15514751736401,,
"1790-09-01",,,,,,,,,,,,3.9344262295082,,3.11813443261914,,
"1790-10-01",,,,,,,,,,,,4.04040404040404,,2.99350529403142,,
"1790-11-01",,,,,,,,,,,,3.77952755905512,,3.21767010907285,,
"1790-12-01",,,,,,,,,,,,3.6979969183359,,3.2622709158132,,
"1791-01-01",,,,,,,,,,,,3.7117228580266,,3.24392865716735,,
"1791-02-01",,,,,,,,,,,,3.72670807453416,,3.23950351186605,,
"1791-03-01",,,,,,,,,,,,3.9344262295082,,3.0861513779144,,
"1791-04-01",,,,,,,,,,,,3.6979969183359,,3.21151277032696,,
"1791-05-01",,,,,,,,,,,,3.67534456355283,,3.21234349398724,,
"1791-06-01",,,,,,,,,,,,4.8582995951417,,3.04324683029601,,
"1791-07-01",,,,,,,,,,,,3.6144578313253,,3.30860072058243,,
"1791-08-01",,,,,,,,,,,,3.37552742616034,,3.53463964267609,,
"1791-09-01",,,,,,,,,,,,3.36134453781513,,3.6315858669775,,
"1791-10-01",,,,,,,,,,,,3.43839541547278,,3.54997520242775,,
"1791-11-01",,,,,,,,,,,,3.40425531914894,,3.50832825483702,,
"1791-12-01",,,,,,,,,,,,3.31491712707182,,3.5496134733903,,
"1792-01-01",,,,,,,,,,,,3.21285140562249,,3.67350393697299,,
"1792-02-01",,,,,,,,,,,,3.12093628088427,,3.91969343693066,,
"1792-03-01",,,,,,,,,,,,3.10880829015544,,3.97486050955568,,
"1792-04-01",,,,,,,,,,,,3.23014804845222,,3.79245096260854,,
"1792-05-01",,,,,,,,,,,,3.21285140562249,,3.77774803437081,,
"1792-06-01",,,,,,,,,,,,3.2345013477089,,3.80712814493224,,
"1792-07-01",,,,,,,,,,,,3.20427236315087,,3.81326053342602,,
"1792-08-01",,,,,,,,,,,,3.35195530726257,,3.68717402790143,,
"1792-09-01",,,,,,,,,,,,3.32871012482663,,3.79392269337355,,
"1792-10-01",,,,,,,,,,,,3.3195020746888,,3.7590615590565,,
"1792-11-01",,,,,,,,,,,,3.80952380952381,,3.26025582718605,,
"1792-12-01",,,,,,,,,,,,3.80348652931854,,3.29674101903239,,
"1793-01-01",,,,,,,,,,,,3.96039603960396,,3.2466325976591,,
"1793-02-01",,,,,,,,,,,,4.09556313993174,,3.28422424429752,,
"1793-03-01",,,,,,,,,,,,3.92156862745098,,3.47745411336527,,
"1793-04-01",,,,,,,,,,,,3.87722132471729,,3.4852257161221,,
"1793-05-01",,,,,,,,,,,,3.8961038961039,,3.48634826782601,,
"1793-06-01",,,,,,,,,,,,3.86473429951691,,3.50573196675498,,
"1793-07-01",,,,,,,,,,,,3.86468451292093,,3.55494592929096,,
"1793-08-01",,,,,,,,,,,,3.94736842105263,,3.50751861614283,,
"1793-09-01",,,,,,,,,,,,4.00667779632721,,3.45332537411,,
"1793-10-01",,,,,,,,,,,,4.04721753794266,,3.41343090689585,,
"1793-11-01",,,,,,,,,,,,3.98009950248756,,3.47340287507511,,
"1793-12-01",,,,,,,,,,,,4.07470288624788,,3.42143787459775,,
"1794-01-01",,,,,,,,,,,,4.45269016697588,,3.35275443147345,,
"1794-02-01",,,,,,,,,,,,4.54545454545455,,3.30527808426086,,
"1794-03-01",,,,,,,,,,,,4.4362292051756,,3.32432334783495,,
"1794-04-01",,,,,,,,,,,,4.21052631578947,,3.44162533318346,,
"1794-05-01",,,,,,,,,,,,4.24772746580579,,3.43832780166455,,
"1794-06-01",,,,,,,,,,,,4.41176470588235,,3.34001633308402,,
"1794-07-01",,,,,,,,,,,,4.45269016697588,,3.34924021539923,,
"1794-08-01",,,,,,,,,,,,4.47761194029851,,3.32571521868834,,
"1794-09-01",,,,,,,,,,,,4.642166344294,,3.31361520444672,,
"1794-10-01",,,,,,,,,,,,4.49438202247191,,3.2742122314393,,
"1794-11-01",,,,,,,,,,,,4.37956204379562,,3.21974313032187,,
"1794-12-01",,,,,,,,,,,,4.54545454545455,,3.26992058974742,,
"1795-01-01",,,,,,,,,,,,4.79041916167665,,3.08818930535975,,
"1795-02-01",,,,,,,,,,,,4.7808764940239,,3.07258995321821,,
"1795-03-01",,,,,,,,,,,,4.83870967741935,,3.17779623228124,,
"1795-04-01",,,,,,,,,,,,4.57142857142857,,3.2423675682258,,
"1795-05-01",,,,,,,,,,,,4.5045045045045,,3.29839382401547,,
"1795-06-01",,,,,,,,,,,,4.41982438564441,,3.35237252827305,,
"1795-07-01",,,,,,,,,,,,4.49370880766926,,3.36062170195848,,
"1795-08-01",,,,,,,,,,,,4.4362292051756,,3.37863989094907,,
"1795-09-01",,,,,,,,,,,,4.3630017452007,,3.40645515374951,,
"1795-10-01",,,,,,,,,,,,4.37158469945355,,3.36246920757961,,
"1795-11-01",,,,,,,,,,,,4.3956043956044,,3.39875371602375,,
"1795-12-01",,,,,,,,,,,,4.27807486631016,,3.60380673056515,,
"1796-01-01",,,,,,,,,,,,4.39496044535599,,3.57518558872771,,
"1796-02-01",,,,,,,,,,,,4.4280442804428,,3.54633439176079,,
"1796-03-01",,,,,,,,,,,,4.33996383363472,,3.59808785039631,,
"1796-04-01",,,,,,,,,,,,4.50281425891182,,3.42268255155944,,
"1796-05-01",,,,,,,,,,,,4.66019417475728,,3.25880549757332,,
"1796-06-01",,,,,,,,,,,,4.70514429109159,,3.20284940925857,,
"1796-07-01",,,,,,,,,,,,4.96894409937888,,3.0784769129556,,
"1796-08-01",,,,,,,,,,,,5.4054054054054,,2.90906748812214,,
"1796-09-01",,,,,,,,,,,,4.4280442804428,,2.97151360100517,,
"1796-10-01",,,,,,,,,,,,5.22875816993464,,2.96266043162419,,
"1796-11-01",,,,,,,,,,,,5.32141336739038,,2.94275791630233,,
"1796-12-01",,,,,,,,,,,,5.4421768707483,,2.8481626253359,,
"1797-01-01",,,,,,,,,,,,4.58883994126285,,2.89361214075071,,
"1797-02-01",,,,,,,,,,,,4.84840649040015,,2.73754504506671,,
"1797-03-01",,,,,,,,,,,,5.98503740648379,,2.54781652341474,,
"1797-04-01",,,,,,,,,,,,6.21761658031088,,2.50713269221051,,
"1797-05-01",,,,,,,,,,,,6.26631853785901,,2.39280517011727,,
"1797-06-01",,,,,,,,,,,,5.51724137931035,,2.66509657048073,,
"1797-07-01",,,,,,,,,,,,5.66037735849057,,2.76112533381641,,
"1797-08-01",,,,,,,,,,,,5.72792362768496,,2.67484016713465,,
"1797-09-01",,,,,,,,,,,,6.06060606060606,,2.57422384993507,,
"1797-10-01",,,,,,,,,,,,6.09013398294763,,2.48103270984833,,
"1797-11-01",,,,,,,,,,,,6.09137055837563,,2.45878972068196,,
"1797-12-01",,,,,,,,,,,,6.06060606060606,,2.55536864998101,,
"1798-01-01",,,,,,,,,,,,6.2992125984252,,2.45293364261463,,
"1798-02-01",,,,,,,,,,,,6.01503759398496,,2.49786164753375,,
"1798-03-01",,,,,,,,,,,,6.01503759398496,,2.50761733386353,,
"1798-04-01",,,,,,,,,,,,6.21761658031088,,2.44700135234713,,
"1798-05-01",,,,,,,,,,,,6.04838709677419,,2.46833999311356,,
"1798-06-01",,,,,,,,,,,,6.09137055837563,,2.46944186814591,,
"1798-07-01",,,,,,,,,,,,6,,2.51959049612128,,
"1798-08-01",,,,,,,,,,,,6,,2.57983691034051,,
"1798-09-01",,,,,,,,,,,,5.94059405940594,,2.59944715712521,,
"1798-10-01",,,,,,,,,,,,5.34521158129176,,2.80904484339295,,
"1798-11-01",,,,,,,,,,,,5.70071258907363,,2.7034666560266,,
"1798-12-01",,,,,,,,,,,,5.49199084668192,,2.79767837282753,,
"1799-01-01",,,,,,,,,,,,5.67375886524823,,2.79477153335538,,
"1799-02-01",,,,,,,,,,,,5.55555555555556,,2.8267661140451,,
"1799-03-01",,,,,,,,,,,,5.60747663551402,,2.76865104187078,,
"1799-04-01",,,,,,,,,,,,5.4054054054054,,2.84536451154894,,
"1799-05-01",,,,,,,,,,,,5.35714285714286,,2.87800251624023,,
"1799-06-01",,,,,,,,,,,,4.84848484848485,,3.12246972440053,,
"1799-07-01",,,,,,,,,,,,4.73372781065089,,3.33487998919932,,
"1799-08-01",,,,,,,,,,,,4.50281425891182,,3.47458680874187,,
"1799-09-01",,,,,,,,,,,,4.94845360824742,,3.3196874316287,,
"1799-10-01",,,,,,,,,,,,4.93827160493827,,3.27044305144896,,
"1799-11-01",,,,,,,,,,,,4.73372781065089,,3.28544557014766,,
"1799-12-01",,,,,,,,,,,,4.76190476190476,,3.26467799911615,,
"1800-01-01",,,,,,,,,,,,4.96894409937888,,3.24169988778731,,
"1800-02-01",,,,,,,,,,,,4.75247524752475,,3.35883591966455,,
"1800-03-01",,,,,,,,,,,,4.73372781065089,,3.44205288179079,,
"1800-04-01",,,,,,,,,,,,4.74308300395257,,3.41618217304012,,
"1800-05-01",,,,,,,,,,,,4.6875,,3.42909184643218,,
"1800-06-01",,,,,,,,,,,,4.6242774566474,,3.44318769505808,,
"1800-07-01",,,,,,,,,,,,4.61538461538461,,3.44563760042628,,
"1800-08-01",,,,,,,,,,,,4.56273764258555,,3.48700016432191,,
"1800-09-01",,,,,,,,,,,,4.54545454545455,,3.56024788933242,,
"1800-10-01",,,,,,,,,,,,4.70588235294118,,3.43627344715661,,
"1800-11-01",,,,,,,,,,,,4.7244094488189,,3.43737639700859,,
"1800-12-01",,,,,,,,,,,,4.7713717693837,,3.38639735319621,,
"1801-01-01",,,,,,,,,,,,5.2060737527115,,3.16658747959325,,
"1801-02-01",,,,,,,,,,,,5.36912751677852,,3.13621500818872,,
"1801-03-01",,,,,,,,,,,,5.18358531317495,,3.28518903204109,,
"1801-04-01",,,,,,,,,,,,4.89795918367347,,3.38398812873601,,
"1801-05-01",,,,,,,,,,,,4.9079754601227,,3.4129376696512,,
"1801-06-01",,,,,,,,,,,,4.84848484848485,,3.42401698223551,,
"1801-07-01",,,,,,,,,,,,5.12820512820513,,3.33843940629263,,
"1801-08-01",,,,,,,,,,,,4.95867768595041,,3.41151568737827,,
"1801-09-01",,,,,,,,,,,,5.1063829787234,,3.3605014873283,,
"1801-10-01",,,,,,,,,,,,4.40366972477064,,3.77333799785827,,
"1801-11-01",,,,,,,,,,,,4.44444444444444,,3.73971332682537,,
"1801-12-01",,,,,,,,,,,,4.3557168784029,,3.77265266227772,,
"1802-01-01",,,,,,,,,,,,4.37158469945355,,3.75791074015714,,
"1802-02-01",,,,,,,,,,,,4.33996383363472,,3.77581398760225,,
"1802-03-01",,,,,,,,,,,,4.24778761061947,,3.7898303396832,,
"1802-04-01",,,,,,,,,,,,3.90243902439024,,3.91679090730146,,
"1802-05-01",,,,,,,,,,,,3.95387149917628,,3.72695053112728,,
"1802-06-01",,,,,,,,,,,,3.98671096345515,,3.81410095416646,,
"1802-07-01",,,,,,,,,,,,4.18118466898955,,3.67984329503548,,
"1802-08-01",,,,,,,,,,,,4.46096654275093,,3.61109590106986,,
"1802-09-01",,,,,,,,,,,,4.32432432432432,,3.68093704634888,,
"1802-10-01",,,,,,,,,,,,4.3956043956044,,3.58057624478437,,
"1802-11-01",,,,,,,,,,,,4.45262407979102,,3.55136288781473,,
"1802-12-01",,,,,,,,,,,,4.0885860306644,,3.75816885898547,,
"1803-01-01",,,,,,,,,,,,4.23968343697004,,3.70181799950818,,
"1803-02-01",,,,,,,,,,,,4.21792618629174,,3.77278047614993,,
"1803-03-01",,,,,,,,,,,,4.82897384305835,,3.50816548001263,,
"1803-04-01",,,,,,,,,,,,4.75247524752475,,3.50644309277472,,
"1803-05-01",,,,,,,,,,,,5,,3.05184776033639,,
"1803-06-01",,,,,,,,,,,,4.46096654275093,,2.95223407782204,,
"1803-07-01",,,,,,,,,,,,5.75539568345324,,2.74009838184822,,
"1803-08-01",,,,,,,,,,,,5.54272517321016,,2.85618535244002,,
"1803-09-01",,,,,,,,,,,,5.71428571428571,,2.83876958809588,,
"1803-10-01",,,,,,,,,,,,5.59440559440559,,2.84195144484666,,
"1803-11-01",,,,,,,,,,,,5.5045871559633,,2.91051193804017,,
"1803-12-01",,,,,,,,,,,,5.34521158129176,,2.95700078089323,,
"1804-01-01",,,,,,,,,,,,5.38020086083214,,3.05119534067389,,
"1804-02-01",,,,,,,,,,,,5.39325842696629,,3.02414802022046,,
"1804-03-01",,,,,,,,,,,,5.30973451327434,,3.02905735142212,,
"1804-04-01",,,,,,,,,,,,5.35714285714286,,2.9844979745268,,
"1804-05-01",,,,,,,,,,,,5.35714285714286,,3.00319517713989,,
"1804-06-01",,,,,,,,,,,,5.25164113785558,,3.07682728930156,,
"1804-07-01",,,,,,,,,,,,5.11727078891258,,3.15618668622761,,
"1804-08-01",,,,,,,,,,,,5.26315789473684,,3.1468278844244,,
"1804-09-01",,,,,,,,,,,,5.24017467248908,,3.16799641367437,,
"1804-10-01",,,,,,,,,,,,5.21739130434783,,3.18246849603521,,
"1804-11-01",,,,,,,,,,,,5.11727078891258,,3.25996861867364,,
"1804-12-01",,,,,,,,,,,,5.03355704697987,,3.2986992601919,,
"1805-01-01",,,,,,,,,,,,4.91803278688525,,3.43082739328356,,
"1805-02-01",,,,,,,,,,,,5.17241379310345,,3.39672505871047,,
"1805-03-01",,,,,,,,,,,,5.16129032258065,,3.35488327522981,,
"1805-04-01",,,,,,,,,,,,5.16129032258065,,3.28681142298773,,
"1805-05-01",,,,,,,,,,,,5.06329113924051,,3.31068212047311,,
"1805-06-01",,,,,,,,,,,,5.02092050209205,,3.38366011866119,,
"1805-07-01",,,,,,,,,,,,5.11727078891258,,3.41762148750659,,
"1805-08-01",,,,,,,,,,,,5.15021459227468,,3.32547567776804,,
"1805-09-01",,,,,,,,,,,,5.1063829787234,,3.52606518774308,,
"1805-10-01",,,,,,,,,,,,5.06329113924051,,3.53593491017918,,
"1805-11-01",,,,,,,,,,,,4.91803278688525,,3.5980207652937,,
"1805-12-01",,,,,,,,,,,,4.9792531120332,,3.62192591629842,,
"1806-01-01",,,,,,,,,,,,4.92813141683778,,3.5909845485852,,
"1806-02-01",,,,,,,,,,,,5.01043841336117,,3.61202604645053,,
"1806-03-01",,,,,,,,,,,,4.94845360824742,,3.65650912584032,,
"1806-04-01",,,,,,,,,,,,4.98960498960499,,3.66359370833377,,
"1806-05-01",,,,,,,,,,,,4.88798370672098,,3.67418614895003,,
"1806-06-01",,,,,,,,,,,,4.74308300395257,,3.77424771685767,,
"1806-07-01",,,,,,,,,,,,4.6875,,3.71930442620263,,
"1806-08-01",,,,,,,,,,,,4.7713717693837,,3.80577073530236,,
"1806-09-01",,,,,,,,,,,,4.75247524752475,,3.82606041460866,,
"1806-10-01",,,,,,,,,,,,4.89795918367347,,3.70560951307442,,
"1806-11-01",,,,,,,,,,,,5.06329113924051,,3.65931283626757,,
"1806-12-01",,,,,,,,,,,,4.96894409937888,,3.65713719236889,,
"1807-01-01",,,,,,,,,,,,4.83870967741935,,3.73292829384795,,
"1807-02-01",,,,,,,,,,,,4.80961923847695,,3.83399482491638,,
"1807-03-01",,,,,,,,,,,,4.82897384305835,,3.84010923714838,,
"1807-04-01",,,,,,,,,,,,4.73372781065089,,3.92299684090105,,
"1807-05-01",,,,,,,,,,,,4.71512770137525,,3.90195072050995,,
"1807-06-01",,,,,,,,,,,,4.69667318982387,,3.92994432502831,,
"1807-07-01",,,,,,,,,,,,4.83870967741935,,3.79013943854942,,
"1807-08-01",,,,,,,,,,,,4.8,,3.80909292643978,,
"1807-09-01",,,,,,,,,,,,4.7808764940239,,3.77131091759678,,
"1807-10-01",,,,,,,,,,,,4.7808764940239,,3.70751517992698,,
"1807-11-01",,,,,,,,,,,,4.69659966184482,,3.77319763148023,,
"1807-12-01",,,,,,,,,,,,4.66926070038911,,3.76273976664797,,
"1808-01-01",,,,,,,,,,,,4.7244094488189,,3.71201661070344,,
"1808-02-01",,,,,,,,,,,,4.69667318982387,,3.75871946921734,,
"1808-03-01",,,,,,,,,,,,4.642166344294,,3.76137273820798,,
"1808-04-01",,,,,,,,,,,,4.50281425891182,,3.88555594771595,,
"1808-05-01",,,,,,,,,,,,4.40366972477064,,3.87220258449511,,
"1808-06-01",,,,,,,,,,,,4.3010752688172,,3.93889191240594,,
"1808-07-01",,,,,,,,,,,,4.41176470588235,,3.98634303532189,,
"1808-08-01",,,,,,,,,,,,4.56273764258555,,3.89299140301324,,
"1808-09-01",,,,,,,,,,,,4.54545454545455,,3.90315056638227,,
"1808-10-01",,,,,,,,,,,,4.46927374301676,,3.87016805309015,,
"1808-11-01",,,,,,,,,,,,4.51977401129944,,3.89182189860216,,
"1808-12-01",,,,,,,,,,,,4.48598130841121,,3.92646160301553,,
"1809-01-01",,,,,,,,,,,,4.50274667547204,,3.98154060216089,,
"1809-02-01",,,,,,,,,,,,4.4280442804428,,4.00828808966536,,
"1809-03-01",,,,,,,,,,,,4.45269016697588,,4.00763423786731,,
"1809-04-01",,,,,,,,,,,,4.4280442804428,,4.01727556235098,,
"1809-05-01",,,,,,,,,,,,4.403605084696,,4.08244384521917,,
"1809-06-01",,,,,,,,,,,,4.33212996389892,,4.23593710211051,,
"1809-07-01",,,,,,,,,,,,4.41176470588235,,4.16167243560877,,
"1809-08-01",,,,,,,,,,,,4.3956043956044,,4.20489353676851,,
"1809-09-01",,,,,,,,,,,,4.3956043956044,,4.22401090008134,,
"1809-10-01",,,,,,,,,,,,4.33212996389892,,4.36234088549604,,
"1809-11-01",,,,,,,,,,,,4.28571428571429,,4.40057570177257,,
"1809-12-01",,,,,,,,,,,,4.24028268551237,,4.38760951861209,,
"1810-01-01",,,,,,,,,,,,4.41982438564441,,4.2930553177603,,
"1810-02-01",,,,,,,,,,,,4.41988950276243,,4.25500443678921,,
"1810-03-01",,,,,,,,,,,,4.3557168784029,,4.26460010966704,,
"1810-04-01",,,,,,,,,,,,4.27807486631016,,4.20291891944131,,
"1810-05-01",,,,,,,,,,,,4.26287744227353,,4.22785023911087,,
"1810-06-01",,,,,,,,,,,,4.21052631578947,,4.20262154943998,,
"1810-07-01",,,,,,,,,,,,4.36363636363636,,4.21599897474396,,
"1810-08-01",,,,,,,,,,,,4.40366972477064,,4.06921338466514,,
"1810-09-01",,,,,,,,,,,,4.6875,,3.98763485639616,,
"1810-10-01",,,,,,,,,,,,4.54545454545455,,4.05366105445413,,
"1810-11-01",,,,,,,,,,,,4.48598130841121,,3.99613743994081,,
"1810-12-01",,,,,,,,,,,,4.46927374301676,,3.97980433186372,,
"1811-01-01",,,,,,,,,,,,4.55407969639469,,3.9071292603389,,
"1811-02-01",,,,,,,,,,,,4.56273764258555,,3.92127088641045,,
"1811-03-01",,,,,,,,,,,,4.6242774566474,,3.9026203708984,,
"1811-04-01",,,,,,,,,,,,4.63320463320463,,3.83734356660619,,
"1811-05-01",,,,,,,,,,,,4.66019417475728,,3.77206676231398,,
"1811-06-01",,,,,,,,,,,,4.70588235294118,,3.73010310241185,,
"1811-07-01",,,,,,,,,,,,4.82897384305835,,3.60887475158346,,
"1811-08-01",,,,,,,,,,,,4.67836257309941,,3.39905645207279,,
"1811-09-01",,,,,,,,,,,,4.71512770137525,,3.44568274085294,,
"1811-10-01",,,,,,,,,,,,4.67836257309941,,3.46899588524301,,
"1811-11-01",,,,,,,,,,,,4.7244094488189,,3.464333256365,,
"1811-12-01",,,,,,,,,,,,4.7244094488189,,3.39905645207279,,
"1812-01-01",,,,,,,,,,,,4.7808764940239,,3.41304433870684,,
"1812-02-01",,,,,,,,,,,,4.8780487804878,,3.45034536973095,,
"1812-03-01",,,,,,,,,,,,4.82897384305835,,3.50163428738911,,
"1812-04-01",,,,,,,,,,,,4.95867768595041,,3.47365851412103,,
"1812-05-01",,,,,,,,,,,,4.89715964740451,,3.41770696758485,,
"1812-06-01",,,,,,,,,,,,4.9079754601227,,3.38040593656074,,
"1812-07-01",,,,,,,,,,,,5.29801324503311,,3.32445439002456,,
"1812-08-01",,,,,,,,,,,,5.08474576271186,,3.25451495685434,,
"1812-09-01",,,,,,,,,,,,5.27472527472527,,3.20788866807419,,
"1812-10-01",,,,,,,,,,,,5.1063829787234,,3.1799128948061,,
"1812-11-01",,,,,,,,,,,,5.13918629550321,,3.14727449266,,
"1812-12-01",,,,,,,,,,,,5,,3.14727449266,,
"1813-01-01",,,,,,,,,,,,5.06329113924051,,3.09598557500182,,
"1813-02-01",,,,,,,,,,,,5.12820512820513,,3.1192987193919,,
"1813-03-01",,,,,,,,,,,,5.08474576271186,,3.1799128948061,,
"1813-04-01",,,,,,,,,,,,5.02092050209205,,3.17058763705006,,
"1813-05-01",,,,,,,,,,,,5.13909825955872,,3.1799128948061,,
"1813-06-01",,,,,,,,,,,,5.1948051948052,,3.18457552368411,,
"1813-07-01",,,,,,,,,,,,5.1948051948052,,3.12862397714793,,
"1813-08-01",,,,,,,,,,,,4.48591422931993,,3.12396134826992,,
"1813-09-01",,,,,,,,,,,,5.1063829787234,,3.13328660602595,,
"1813-10-01",,,,,,,,,,,,5.17241379310345,,3.14727449265999,,
"1813-11-01",,,,,,,,,,,,5,,3.12862397714793,,
"1813-12-01",,,,,,,,,,,,4.9792531120332,,3.13794923490397,,
"1814-01-01",,,,,,,,,,,,4.47928331466965,,3.19856341031816,,
"1814-02-01",,,,,,,,,,,,4.26287744227353,,3.28249073012242,,
"1814-03-01",,,,,,,,,,,,4.7808764940239,,3.37108067880471,,
"1814-04-01",,,,,,,,,,,,4.43786982248521,,3.38506856543874,,
"1814-05-01",,,,,,,,,,,,4.44444444444444,,3.38973119431676,,
"1814-06-01",,,,,,,,,,,,4.44444444444444,,3.38040593656073,,
"1814-07-01",,,,,,,,,,,,4.46096654275093,,3.3384422766586,,
"1814-08-01",,,,,,,,,,,,4.59770114942529,,3.30114124563448,,
"1814-09-01",,,,,,,,,,,,4.59770114942529,,3.26850284348837,,
"1814-10-01",,,,,,,,,,,,4.66926070038911,,3.23586444134227,,
"1814-11-01",,,,,,,,,,,,4.54545454545455,,3.22187655470823,,
"1814-12-01",,,,,,,,,,,,4.53686200378072,,3.2125512969522,,
"1815-01-01",,,,,,,,,,,,4.59699662886914,,3.21721392583021,,
"1815-02-01",,,,,,,,,,,,4.69667318982387,,3.22653918358624,,
"1815-03-01",,,,,,,,,,,,5.14933058702369,,3.20788866807418,,
"1815-04-01",,,,,,,,,,,,5.25164113785558,,3.17058763705006,,
"1815-05-01",,,,,,,,,,,,5.05263157894737,,3.09132294612381,,
"1815-06-01",,,,,,,,,,,,5.08474576271186,,3.07267243061176,,
"1815-07-01",,,,,,,,,,,,5.2863436123348,,3.03070877070962,,
"1815-08-01",,,,,,,,,,,,5.32150776053215,,2.98408248192947,,
"1815-09-01",,,,,,,,,,,,5.25164113785558,,2.91414304875926,,
"1815-10-01",,,,,,,,,,,,4.91803278688525,,2.88616727549116,,
"1815-11-01",,,,,,,,,,,,4.9079754601227,,2.94678145090535,,
"1815-12-01",,,,,,,,,,,,4.9079754601227,,3.01205825519756,,
"1816-01-01",,,,,,,,,,,,4.8582995951417,,2.97475722417344,,
"1816-02-01",,,,,,,,,,,,4.8582995951417,,2.94678145090535,,
"1816-03-01",,,,,,,,,,,,4.98960498960499,,2.86285413110108,,
"1816-04-01",,,,,,,,,,,,4.80961923847695,,2.85352887334506,,
"1816-05-01",,,,,,,,,,,,4.66926070038911,,2.81156521344292,,
"1816-06-01",,,,,,,,,,,,4.66926070038911,,2.81156521344292,,
"1816-07-01",,,,,,,,,,,,4.74308300395257,,2.79757732680889,,
"1816-08-01",,,,,,,,,,,,4.86815415821501,,2.65769846046844,,
"1816-09-01",,,,,,,,,,,,4.87012987012987,,2.55512062515211,,
"1816-10-01",,,,,,,,,,,,4.84848484848485,,2.56910851178615,,
"1816-11-01",,,,,,,,,,,,4.76190476190476,,2.59708428505424,,
"1816-12-01",,,,,,,,,,,,4.76190476190476,,2.64837320271241,,
"1817-01-01",,,,,,,,,,,,4.7244094488189,,2.62039742944432,,
"1817-02-01",,,,,,,,,,,,4.45269016697588,,2.62039742944432,,
"1817-03-01",,,,,,,,,,,,4.18848167539267,,2.69033686261454,,
"1817-04-01",,,,,,,,,,,,4.15944540727903,,2.72297526476065,,
"1817-05-01",,,,,,,,,,,,4.1025079998906,,2.83954098671102,,
"1817-06-01",,,,,,,,,,,,4.10958904109589,,2.87684201773513,,
"1817-07-01",,,,,,,,,,,,3.85852090032154,,2.97009459529543,,
"1817-08-01",,,,,,,,,,,,3.79746835443038,,3.1192987193919,,
"1817-09-01",,,,,,,,,,,,3.7037037037037,,3.10064820387984,,
"1817-10-01",,,,,,,,,,,,3.64188163884674,,3.17058763705006,,
"1817-11-01",,,,,,,,,,,,3.59820089955022,,3.31512913226853,,
"1817-12-01",,,,,,,,,,,,3.59820089955022,,3.50629691626713,,
"1818-01-01",,,,,,,,,,,,3.80348652931854,,3.52961006065721,,
"1818-02-01",,,,,,,,,,,,3.76128385155466,,3.55292320504728,,
"1818-03-01",,,,,,,,,,,,3.80952380952381,,3.57623634943735,,
"1818-04-01",,,,,,,,,,,,3.77358490566038,,3.60421212270545,,
"1818-05-01",,,,,,,,,,,,3.79746835443038,,3.61820000933948,,
"1818-06-01",,,,,,,,,,,,3.79746835443038,,3.61820000933948,,
"1818-07-01",,,,,,,,,,,,3.88349514563107,,3.5902242360714,,
"1818-08-01",,,,,,,,,,,,4.05405405405405,,3.5902242360714,,
"1818-09-01",,,,,,,,,,,,4.02010050251256,,3.57157372055934,,
"1818-10-01",,,,,,,,,,,,3.86473429951691,,3.60421212270545,,
"1818-11-01",,,,,,,,,,,,3.83337592639918,,3.6228626382175,,
"1818-12-01",,,,,,,,,,,,3.7914691943128,,3.70212732914375,,
"1819-01-01",,,,,,,,,,,,3.81679389312977,,3.68347681363169,,
"1819-02-01",,,,,,,,,,,,4.10958904109589,,3.69280207138772,,
"1819-03-01",,,,,,,,,,,,4.04040404040404,,3.64617578260758,,
"1819-04-01",,,,,,,,,,,,4.16666666666667,,3.64151315372956,,
"1819-05-01",,,,,,,,,,,,3.44332855093257,,3.65083841148559,,
"1819-06-01",,,,,,,,,,,,4.52830188679245,,3.64151315372956,,
"1819-07-01",,,,,,,,,,,,4.2031523642732,,3.57157372055934,,
"1819-08-01",,,,,,,,,,,,4.18848167539267,,3.54359794729125,,
"1819-09-01",,,,,,,,,,,,4.31654676258993,,3.53427268953522,,
"1819-10-01",,,,,,,,,,,,4.51127819548872,,3.50163428738911,,
"1819-11-01",,,,,,,,,,,,4.4362292051756,,3.44568274085293,,
"1819-12-01",,,,,,,,,,,,4.47761194029851,,3.39905645207279,,
"1820-01-01",,,,,,,,,,,,4.41982438564441,,3.36641804992669,,
"1820-02-01",,,,,,,,,,,,4.3956043956044,,3.37574330768272,,
"1820-03-01",,,,,,,,,,,,4.37158469945355,,3.37574330768272,,
"1820-04-01",,,,,,,,,,,,4.31654676258993,,3.40838170982882,,
"1820-05-01",,,,,,,,,,,,4.30879712746858,,3.4037190809508,,
"1820-06-01",,,,,,,,,,,,4.29338103756708,,3.44102011197492,,
"1820-07-01",,,,,,,,,,,,4.3731778425656,,3.41770696758485,,
"1820-08-01",,,,,,,,,,,,4.44444444444444,,3.4363574830969,,
"1820-09-01",,,,,,,,,,,,4.52830188679245,,3.4363574830969,,
"1820-10-01",,,,,,,,,,,,4.41988950276243,,3.42236959646287,,
"1820-11-01",,,,,,,,,,,,4.32432432432432,,3.4363574830969,,
"1820-12-01",,,,,,,,,,,,4.30879712746858,,3.50629691626713,,
"1821-01-01",,,,,,,,,,,,4.18994413407821,,3.45034536973095,,
"1821-02-01",,,,,,,,,,,,4.11663807890223,,3.48298377187706,,
"1821-03-01",,,,,,,,,,,,4.17391304347826,,3.52961006065721,,
"1821-04-01",,,,,,,,,,,,4.14507772020725,,3.52961006065721,,
"1821-05-01",,,,,,,,,,,,3.90879478827362,,3.54826057616927,,
"1821-06-01",,,,,,,,,,,,3.91517128874388,,3.60421212270545,,
"1821-07-01",,,,,,,,,,,,4.03361344537815,,3.5902242360714,,
"1821-08-01",,,,,,,,,,,,3.94736842105263,,3.60421212270545,,
"1821-09-01",,,,,,,,,,,,3.92798690671031,,3.60421212270545,,
"1821-10-01",,,,,,,,,,,,3.87096774193548,,3.58556160719338,,
"1821-11-01",,,,,,,,,,,,3.87096774193548,,3.62752526709551,,
"1821-12-01",,,,,,,,,,,,3.88349514563107,,3.66482629811964,,
"1822-01-01",,,,,,,,,,,,3.94083493156083,,3.68347681363169,,
"1822-02-01",,,,,,,,,,,,3.81558028616852,,3.67881418475368,,
"1822-03-01",,,,,,,,,,,,3.77358490566038,,3.75341624680192,,
"1822-04-01",,,,,,,,,,,,3.82165605095541,,3.82335567997214,,
"1822-05-01",,,,,,,,,,,,3.77952755905512,,3.85599408211824,,
"1822-06-01",,,,,,,,,,,,3.77358490566038,,3.85599408211824,,
"1822-07-01",,,,,,,,,,,,3.73250388802488,,3.86531933987427,,
"1822-08-01",,,,,,,,,,,,3.73250388802488,,3.88396985538633,,
"1822-09-01",,,,,,,,,,,,3.68663594470046,,3.91194562865442,,
"1822-10-01",,,,,,,,,,,,3.64188163884674,,3.95390928855656,,
"1822-11-01",,,,,,,,,,,,3.6979969183359,,3.98654769070266,,
"1822-12-01",,,,,,,,,,,,3.76761359354985,,4.00986083509273,,
"1823-01-01",,,,,,,,,,,,4.0048057669203,,3.97722243294662,,
"1823-02-01",,,,,,,,,,,,4.12785337864799,,3.95857191743457,,
"1823-03-01",,,,,,,,,,,,4.08418874397582,,3.87930722650832,,
"1823-04-01",,,,,,,,,,,,3.9106800672637,,3.86531933987427,,
"1823-05-01",,,,,,,,,,,,3.76539103585907,,3.96789717519059,,
"1823-06-01",,,,,,,,,,,,3.73524577917227,,4.02851135060479,,
"1823-07-01",,,,,,,,,,,,3.63803933933206,,4.06114975275089,,
"1823-08-01",,,,,,,,,,,,3.650656509729,,4.12176392816509,,
"1823-09-01",,,,,,,,,,,,3.63865709295556,,4.1590649591892,,
"1823-10-01",,,,,,,,,,,,3.67363432643915,,4.20102861909133,,
"1823-11-01",,,,,,,,,,,,3.61184685769323,,4.30360645440766,,
"1823-12-01",,,,,,,,,,,,3.5218708177784,,4.38287114533391,,
"1824-01-01",,,,,,,,,,,,3.31788672734713,,4.51808738279634,,
"1824-02-01",,,,,,,,,,,,3.26306858970176,,4.65796624913678,,
"1824-03-01",,,,,,,,,,,,3.19294996647403,,4.74655619781907,,
"1824-04-01",,,,,,,,,,,,3.16058955530505,,4.83980877537936,,
"1824-05-01",,,,,,,,,,,,3.20211766715054,,4.89576032191554,,
"1824-06-01",,,,,,,,,,,,3.18447673739743,,4.98901289947583,,
"1824-07-01",,,,,,,,,,,,3.26811625778901,,4.98435027059782,,
"1824-08-01",,,,,,,,,,,,3.22778477131145,,5.03097655937797,,
"1824-09-01",,,,,,,,,,,,3.18420633657061,,5.06827759040208,,
"1824-10-01",,,,,,,,,,,,3.15610074273571,,5.04496444601202,,
"1824-11-01",,,,,,,,,,,,3.19315387808538,,4.97036238396378,,
"1824-12-01",,,,,,,,,,,,3.18447673739743,,4.84913403313539,,
"1825-01-01",,,,,,,,,,,,3.215123943028,,4.60667733147862,,
"1825-02-01",,,,,,,,,,,,3.20591598362846,,4.59735207372259,,
"1825-03-01",,,,,,,,,,,,3.24601551595417,,4.69060465128289,,
"1825-04-01",,,,,,,,,,,,3.29019521824962,,4.62024558151364,,
"1825-05-01",,,,,,,,,,,,3.4062652572298,,4.56395832569825,,
"1825-06-01",,,,,,,,,,,,3.32505763433233,,4.66715162802647,,
"1825-07-01",,,,,,,,,,,,3.34993411796235,,4.65307981407262,,
"1825-08-01",,,,,,,,,,,,3.37738950307342,,4.65307981407262,,
"1825-09-01",,,,,,,,,,,,3.4367804240987,,4.51705227918542,,
"1825-10-01",,,,,,,,,,,,3.46036726031189,,4.52643348848798,,
"1825-11-01",,,,,,,,,,,,3.61624416880628,,4.46076502337003,,
"1825-12-01",,,,,,,,,,,,3.71673521978294,,4.39040595360078,,
"1826-01-01",,,,,,,,,,,,3.74097489805843,,4.32473748848282,,
"1826-02-01",,,,,,,,,,,,3.92356887825166,,4.11366027917509,,
"1826-03-01",,,,,,,,,,,,3.78926627174092,,4.00577637219559,,
"1826-04-01",,,,,,,,,,,,3.84916408986515,,3.97294213963661,,
"1826-05-01",,,,,,,,,,,,3.84216390671226,,3.91665488382121,,
"1826-06-01",,,,,,,,,,,,3.88978930307942,,3.89789246521608,,
"1826-07-01",,,,,,,,,,,,3.87406699553191,,3.86974883730838,,
"1826-08-01",,,,,,,,,,,,3.84201629014907,,3.86974883730838,,
"1826-09-01",,,,,,,,,,,,3.77681538926377,,3.85098641870325,,
"1826-10-01",,,,,,,,,,,,3.70617448669483,,3.91196427916993,,
"1826-11-01",,,,,,,,,,,,3.64334118675767,,4.04330120940585,,
"1826-12-01",,,,,,,,,,,,3.81281614600544,,4.03861060475457,,
"1827-01-01",,,,,,,,,,,,3.80585086139091,,4.00108576754431,,
"1827-02-01",,,,,,,,,,,,3.64879164183461,,4.01984818614943,,
"1827-03-01",,,,,,,,,,,,3.65612889073049,,4.02453879080072,,
"1827-04-01",,,,,,,,,,,,3.64422633074998,,4.03861060475456,,
"1827-05-01",,,,,,,,,,,,3.65452552076989,,4.03861060475456,,
"1827-06-01",,,,,,,,,,,,3.52356678920849,,4.06206362801098,,
"1827-07-01",,,,,,,,,,,,3.46036726031189,,4.0855166512674,,
"1827-08-01",,,,,,,,,,,,3.46680533888022,,4.04799181405713,,
"1827-09-01",,,,,,,,,,,,3.48606156384722,,4.08082604661612,,
"1827-10-01",,,,,,,,,,,,3.43037482562261,,4.10427906987252,,
"1827-11-01",,,,,,,,,,,,3.60174324372997,,4.13242269778022,,
"1827-12-01",,,,,,,,,,,,3.63901018922853,,4.12773209312894,,
"1828-01-01",,,,,,,,,,,,3.50050173858253,,4.07613544196482,,
"1828-02-01",,,,,,,,,,,,3.61785774583343,,4.06675423266226,,
"1828-03-01",,,,,,,,,,,,3.63345687086694,,4.0855166512674,,
"1828-04-01",,,,,,,,,,,,3.53627630105499,,4.11835088382637,,
"1828-05-01",,,,,,,,,,,,3.53786100923382,,4.13242269778022,,
"1828-06-01",,,,,,,,,,,,3.42434480869327,,4.1652569303392,,
"1828-07-01",,,,,,,,,,,,3.48452291073814,,4.12773209312894,,
"1828-08-01",,,,,,,,,,,,3.44621605477186,,4.12304148847766,,
"1828-09-01",,,,,,,,,,,,3.43552099675916,,4.13242269778022,,
"1828-10-01",,,,,,,,,,,,3.51234589582382,,4.14649451173407,,
"1828-11-01",,,,,,,,,,,,3.50119624204937,,4.14180390708279,,
"1828-12-01",,,,,,,,,,,,3.49723718262573,,4.13242269778022,,
"1829-01-01",,,,,,,,,,,,3.45121137519269,,4.0808260466161,,
"1829-02-01",,,,,,,,,,,,3.4657640276799,,4.07613544196482,,
"1829-03-01",,,,,,,,,,,,3.46004797933198,,4.05737302335969,,
"1829-04-01",,,,,,,,,,,,3.43949920891518,,4.02922939545199,,
"1829-05-01",,,,,,,,,,,,3.44107728659586,,4.03392000010328,,
"1829-06-01",,,,,,,,,,,,3.45025876940771,,4.04330120940585,,
"1829-07-01",,,,,,,,,,,,3.38837561273126,,4.04799181405713,,
"1829-08-01",,,,,,,,,,,,3.42622201918684,,4.06675423266226,,
"1829-09-01",,,,,,,,,,,,3.3771613832853,,4.10427906987252,,
"1829-10-01",,,,,,,,,,,,3.33163049996668,,4.15587572103663,,
"1829-11-01",,,,,,,,,,,,3.23213169859295,,4.2215441861546,,
"1829-12-01",,,,,,,,,,,,3.21236976517577,,4.21216297685203,,
"1830-01-01",,,,,,,,,,,,3.24583991517538,,4.15118511638535,,
"1830-02-01",,,,,,,,,,,,3.29420549253862,,4.13242269778022,,
"1830-03-01",,,,,,,,,,,,3.26665722965689,,4.15587572103663,,
"1830-04-01",,,,,,,,,,,,3.28148585679596,,4.24030660475972,,
"1830-05-01",,,,,,,,,,,,3.27636105498826,,4.28252204662127,,
"1830-06-01",,,,,,,,,,,,3.30276441381436,,4.38102474429821,,
"1830-07-01",,,,,,,,,,,,3.31323305281293,,4.32473748848281,,
"1830-08-01",,,,,,,,,,,,3.30330991653637,,4.36226232569308,,
"1830-09-01",,,,,,,,,,,,3.4299434059338,,4.27783144196999,,
"1830-10-01",,,,,,,,,,,,3.61755236407047,,4.18870995359561,,
"1830-11-01",,,,,,,,,,,,3.68885719204191,,4.04799181405713,,
"1830-12-01",,,,,,,,,,,,3.71140142517815,,4.01046697684686,,
"1831-01-01",,,,,,,,,,,,3.72976601934505,,3.95417972103147,,
"1831-02-01",,,,,,,,,,,,3.86090448122313,,3.92603609312377,,
"1831-03-01",,,,,,,,,,,,3.83533623114293,,3.86505823265709,,
"1831-04-01",,,,,,,,,,,,3.84344372557812,,3.86036762800581,,
"1831-05-01",,,,,,,,,,,,3.63314885010839,,3.87443944195966,,
"1831-06-01",,,,,,,,,,,,3.69008228883504,,3.87443944195966,,
"1831-07-01",,,,,,,,,,,,3.63949580851399,,3.83222400009812,,
"1831-08-01",,,,,,,,,,,,3.67755222124154,,3.81346158149298,,
"1831-09-01",,,,,,,,,,,,3.71903900032232,,3.8087709768417,,
"1831-10-01",,,,,,,,,,,,3.66689890359723,,3.81815218614426,,
"1831-11-01",,,,,,,,,,,,3.64923548516586,,3.81346158149298,,
"1831-12-01",,,,,,,,,,,,3.63971658740173,,3.81346158149298,,
"1832-01-01",,,,,,,,,,,,3.64990145266078,,3.85098641870324,,
"1832-02-01",,,,,,,,,,,,3.65461455998441,,3.88382065126223,,
"1832-03-01",,,,,,,,,,,,3.63420513876607,,3.91196427916992,,
"1832-04-01",,,,,,,,,,,,3.56849730578453,,3.94010790707762,,
"1832-05-01",,,,,,,,,,,,3.56239535463646,,3.95417972103146,,
"1832-06-01",,,,,,,,,,,,3.60867525531377,,3.98232334893916,,
"1832-07-01",,,,,,,,,,,,3.61136858831602,,3.98232334893916,,
"1832-08-01",,,,,,,,,,,,3.58059318493764,,4.00108576754429,,
"1832-09-01",,,,,,,,,,,,3.60113795959523,,4.00108576754429,,
"1832-10-01",,,,,,,,,,,,3.61102083559022,,4.00108576754429,,
"1832-11-01",,,,,,,,,,,,3.66779553262504,,4.06206362801097,,
"1832-12-01",,,,,,,,,,,,3.56510475466137,,4.06206362801097,,
"1833-01-01",,,,,,,,,,,,3.46484338907881,,4.03392000010327,,
"1833-02-01",,,,,,,,,,,,3.43438043776903,,4.06206362801097,,
"1833-03-01",,,,,,,,,,,,3.46572398974146,,4.13242269778022,,
"1833-04-01",,,,,,,,,,,,3.45502706437867,,4.20747237220074,,
"1833-05-01",,,,,,,,,,,,3.40754202635166,,4.244997209411,,
"1833-06-01",,,,,,,,,,,,3.41005967604433,,4.28721265127255,,
"1833-07-01",,,,,,,,,,,,3.38203463203463,,4.32004688383153,,
"1833-08-01",,,,,,,,,,,,3.41258104879991,,4.34819051173923,,
"1833-09-01",,,,,,,,,,,,3.43092406221409,,4.38102474429821,,
"1833-10-01",,,,,,,,,,,,3.47979399619543,,4.36226232569307,,
"1833-11-01",,,,,,,,,,,,3.44127464812967,,4.35288111639051,,
"1833-12-01",,,,,,,,,,,,3.43061019119934,,4.35757172104179,,
"1834-01-01",,,,,,,,,,,,3.38371306113242,,4.37633413964693,,
"1834-02-01",,,,,,,,,,,,3.31759319672222,,4.40447776755462,,
"1834-03-01",,,,,,,,,,,,3.32119252953094,,4.40447776755462,,
"1834-04-01",,,,,,,,,,,,3.32086165290354,,4.39509655825206,,
"1834-05-01",,,,,,,,,,,,3.29044782994966,,4.42324018615976,,
"1834-06-01",,,,,,,,,,,,3.29731927942583,,4.47014623267258,,
"1834-07-01",,,,,,,,,,,,3.30261897684864,,4.48421804662643,,
"1834-08-01",,,,,,,,,,,,3.36881821856893,,4.48421804662643,,
"1834-09-01",,,,,,,,,,,,3.34455617739526,,4.46076502337002,,
"1834-10-01",,,,,,,,,,,,3.30895734753979,,4.46076502337002,,
"1834-11-01",,,,,,,,,,,,3.3403852577664,,4.47952744197515,,
"1834-12-01",,,,,,,,,,,,3.31499038652788,,4.48421804662643,,
"1835-01-01",,,,,,,,,,,,3.25492578769204,,4.50298046523157,,
"1835-02-01",,,,,,,,,,,,3.31268426806241,,4.49359925592899,,
"1835-03-01",,,,,,,,,,,,3.29837060492117,,4.50298046523157,,
"1835-04-01",,,,,,,,,,,,3.26630156673599,,4.54519590709311,,
"1835-05-01",,,,,,,,,,,,3.34982190113559,,4.56864893034952,,
"1835-06-01",,,,,,,,,,,,3.33982744224882,,4.51705227918541,,
"1835-07-01",,,,,,,,,,,,3.34120372432842,,4.6014831629085,,
"1835-08-01",,,,,,,,,,,,3.35908632851864,,4.61086437221107,,
"1835-09-01",,,,,,,,,,,,3.31649291928762,,4.66246102337518,,
"1835-10-01",,,,,,,,,,,,3.32240630814211,,4.7375106977957,,
"1835-11-01",,,,,,,,,,,,3.32620048119034,,4.77503553500597,,
"1835-12-01",,,,,,,,,,,,3.33126054899174,,4.81256037221623,,
"1836-01-01",,,,,,,,,,,,3.30389198475804,,4.95327851175472,,
"1836-02-01",,,,,,,,,,,,3.28511514328577,,5.05647181408294,,
"1836-03-01",,,,,,,,,,,,3.29974921905935,,5.17373693036502,,
"1836-04-01",,,,,,,,,,,,3.30389198475804,,5.23471479083169,,
"1836-05-01",,,,,,,,,,,,3.30775337390844,,5.35197990711376,,
"1836-06-01",,,,,,,,,,,,3.3131232813173,,5.33321748850864,,
"1836-07-01",,,,,,,,,,,,3.29927745823665,,5.27693023269324,,
"1836-08-01",,,,,,,,,,,,3.31671291638567,,5.33790809315992,,
"1836-09-01",,,,,,,,,,,,3.39305103148751,,5.32383627920607,,
"1836-10-01",,,,,,,,,,,,3.41635065423115,,5.30976446525222,,
"1836-11-01",,,,,,,,,,,,3.49003594737026,,5.25347720943683,,
"1836-12-01",,,,,,,,,,,,3.41366832798525,,5.34728930246248,,
"1837-01-01",,,,,,,,,,,,3.35409143253245,,5.32383627920607,,
"1837-02-01",,,,,,,,,,,,3.3534165725847,,5.29569265129837,,
"1837-03-01",,,,,,,,,,,,3.3502333995935,,5.29100204664709,,
"1837-04-01",,,,,,,,,,,,3.3448917927505,,5.25347720943683,,
"1837-05-01",,,,,,,,,,,,3.33960436820251,,5.33790809315992,,
"1837-06-01",,,,,,,,,,,,3.32719650422554,,5.40826716292916,,
"1837-07-01",,,,,,,,,,,,3.28091165598548,,5.49738865130354,,
"1837-08-01",,,,,,,,,,,,3.28914909712857,,5.5067698606061,,
"1837-09-01",,,,,,,,,,,,3.29041174018909,,5.57243832572405,,
"1837-10-01",,,,,,,,,,,,3.26278467796315,,5.55367590711893,,
"1837-11-01",,,,,,,,,,,,3.25319626533069,,5.6146537675856,,
"1837-12-01",,,,,,,,,,,,3.30371006640457,,5.65217860479586,,
"1838-01-01",,,,,,,,,,,,3.26260725821361,,5.8632558141036,,
"1838-02-01",,,,,,,,,,,,3.25754120789628,,6.04149879085235,,
"1838-03-01",,,,,,,,,,,,3.24573456382737,,6.1071672559703,,
"1838-04-01",,,,,,,,,,,,3.24072073629175,,6.12123906992416,,
"1838-05-01",,,,,,,,,,,,3.21836614278818,,6.17752632573955,,
"1838-06-01",,,,,,,,,,,,3.20543642016861,,6.18221693039083,,
"1838-07-01",,,,,,,,,,,,3.20184426229508,,6.17752632573955,,
"1838-08-01",,,,,,,,,,,,3.2073555353611,,6.17283572108827,,
"1838-09-01",,,,,,,,,,,,3.223830555466,,6.25726660481136,,
"1838-10-01",,,,,,,,,,,,3.21874597656753,,6.28541023271906,,
"1838-11-01",,,,,,,,,,,,3.24173627394833,,6.33700688388317,,
"1838-12-01",,,,,,,,,,,,3.24974272870064,,6.34169748853445,,
"1839-01-01",,,,,,,,,,,,3.24907401390604,,6.36984111644215,,
"1839-02-01",,,,,,,,,,,,3.24844074844075,,6.44958139551396,,
"1839-03-01",,,,,,,,,,,,3.26726203441516,,6.38860353504728,,
"1839-04-01",,,,,,,,,,,,3.2536196518627,,6.37922232574472,,
"1839-05-01",,,,,,,,,,,,3.24622626197046,,6.36515051179087,,
"1839-06-01",,,,,,,,,,,,3.26918466534446,,6.39798474434984,,
"1839-07-01",,,,,,,,,,,,3.27139492279508,,6.42612837225754,,
"1839-08-01",,,,,,,,,,,,3.31334283158278,,6.36515051179087,,
"1839-09-01",,,,,,,,,,,,3.35889828136371,,6.34638809318573,,
"1839-10-01",,,,,,,,,,,,3.35053273470482,,6.32293506992932,,
"1839-11-01",,,,,,,,,,,,3.35469153611325,,6.25257600016008,,
"1839-12-01",,,,,,,,,,,,3.31528345673555,,6.25726660481136,,
"1840-01-01",,,,,,,,,,,,3.29088096883536,,6.4355095815601,,
"1840-02-01",,,,,,,,,,,,3.33129754039198,,6.53870288388833,,
"1840-03-01",,,,,,,,,,,,3.3398646241539,,6.55277469784218,,
"1840-04-01",,,,,,,,,,,,3.34098046640087,,6.7403988838935,,
"1840-05-01",,,,,,,,,,,,3.28119873126982,,6.97023851180635,,
"1840-06-01",,,,,,,,,,,,3.28349714335749,,7.13910027925254,,
"1840-07-01",,,,,,,,,,,,3.34586172668771,,7.08750362808843,,
"1840-08-01",,,,,,,,,,,,3.36379436003812,,6.93740427924737,,
"1840-09-01",,,,,,,,,,,,3.43516694911373,,6.85297339552428,,
"1840-10-01",,,,,,,,,,,,3.45638047836306,,6.69818344203195,,
"1840-11-01",,,,,,,,,,,,3.36821305070283,,6.7403988838935,,
"1840-12-01",,,,,,,,,,,,3.40047379934938,,6.82013916296531,,
"1841-01-01",,,,,,,,,,,,3.35942486646286,,6.89518883738583,,
"1841-02-01",,,,,,,,,,,,3.4064199661629,,6.76854251180119,,
"1841-03-01",,,,,,,,,,,,3.4105636524863,,6.76385190714991,,
"1841-04-01",,,,,,,,,,,,3.3642847530615,,6.91864186064225,,
"1841-05-01",,,,,,,,,,,,3.37780780273602,,6.83890158157044,,
"1841-06-01",,,,,,,,,,,,3.35822148590107,,6.78730493040633,,
"1841-07-01",,,,,,,,,,,,3.35961297258556,,6.70756465133452,,
"1841-08-01",,,,,,,,,,,,3.36821305070283,,6.67942102342682,,
"1841-09-01",,,,,,,,,,,,3.38161528490109,,6.61844316296014,,
"1841-10-01",,,,,,,,,,,,3.4461368805569,,6.6043713490063,,
"1841-11-01",,,,,,,,,,,,3.4109902104581,,6.64189618621655,,
"1841-12-01",,,,,,,,,,,,3.36451113653186,,6.67942102342682,,
"1842-01-01",,,,,,,,,,,,3.41650628067738,,6.82013916296531,,
"1842-02-01",,,,,,,,,,,,3.38211088814232,,6.80606734901145,,
"1842-03-01",,,,,,,,,,,,3.371582058688,,6.91395125599096,,
"1842-04-01",,,,,,,,,,,,3.27225130890052,,7.02652576762175,,
"1842-05-01",,,,,,,,,,,,3.28504319831806,,7.00307274436534,,
"1842-06-01",,,,,,,,,,,,3.28738302395406,,6.93740427924737,,
"1842-07-01",,,,,,,,,,,,3.29927745823665,,6.8764264187807,,
"1842-08-01",,,,,,,,,,,,3.25376080519734,,6.86704520947813,,
"1842-09-01",,,,,,,,,,,,3.25941699894612,,6.88580762808326,,
"1842-10-01",,,,,,,,,,,,3.23230581922791,,6.85766400017557,,
"1842-11-01",,,,,,,,,,,,3.20996372740988,,6.94209488389866,,
"1842-12-01",,,,,,,,,,,,3.18840271651911,,7.03121637227304,,
"1843-01-01",,,,,,,,,,,,3.17232044666272,,7.12502846529869,,
"1843-02-01",,,,,,,,,,,,3.14676512545104,,7.20007813971922,,
"1843-03-01",,,,,,,,,,,,3.11944349128116,,7.3407962792577,,
"1843-04-01",,,,,,,,,,,,3.13925746096857,,7.3970835350731,,
"1843-05-01",,,,,,,,,,,,3.16769792832555,,7.38770232577053,,
"1843-06-01",,,,,,,,,,,,3.19148936170213,,7.37832111646796,,
"1843-07-01",,,,,,,,,,,,3.20639569060419,,7.42053655832951,,
"1843-08-01",,,,,,,,,,,,3.20140007896787,,7.48620502344746,,
"1843-09-01",,,,,,,,,,,,3.18136989787803,,7.55187348856543,,
"1843-10-01",,,,,,,,,,,,3.16803244065219,,7.69259162810391,,
"1843-11-01",,,,,,,,,,,,3.1673300463486,,7.85207218624753,,
"1843-12-01",,,,,,,,,,,,3.10160870104628,,8.15696148858093,,
"1844-01-01",,,,,,,,,,,,3.08635624781383,,8.29298902346813,,
"1844-02-01",,,,,,,,,,,,3.093708428293,,8.27891720951427,,
"1844-03-01",,,,,,,,,,,,3.05941381631279,,8.56035348859124,,
"1844-04-01",,,,,,,,,,,,3.03560767806369,,8.64009376766305,,
"1844-05-01",,,,,,,,,,,,3.05225459873026,,8.67292800022204,,
"1844-06-01",,,,,,,,,,,,3.04389293613913,,8.66823739557075,,
"1844-07-01",,,,,,,,,,,,3.02026598475772,,8.89338641883233,,
"1844-08-01",,,,,,,,,,,,3.06378806756674,,8.92153004674003,,
"1844-09-01",,,,,,,,,,,,3.0206917384081,,8.9590548839503,,
"1844-10-01",,,,,,,,,,,,3.02914032997435,,8.86524279092464,,
"1844-11-01",,,,,,,,,,,,3.0097214001224,,9.00596093046312,,
"1844-12-01",,,,,,,,,,,,2.99034119793068,,9.26394418628368,,
"1845-01-01",,,,,,,,,,,,3.00646389737937,,9.70017041885299,,
"1845-02-01",,,,,,,,,,,,3.02489488490275,,10.0238221397915,,
"1845-03-01",,,,,,,,,,,,3.0243459851807,,10.2911866049146,,
"1845-04-01",,,,,,,,,,,,3.0584781012968,,10.4319047444531,,
"1845-05-01",,,,,,,,,,,,3.04806803287849,,10.9666336746994,,
"1845-06-01",,,,,,,,,,,,3.03336703741153,,11.2386887444738,,
"1845-07-01",,,,,,,,,,,,3.03530054534233,,11.374716279361,,
"1845-08-01",,,,,,,,,,,,3.05181990193485,,11.5201250235508,,
"1845-09-01",,,,,,,,,,,,3.07856497824481,,11.4826001863405,,
"1845-10-01",,,,,,,,,,,,3.12376351027718,,11.2902853956379,,
"1845-11-01",,,,,,,,,,,,3.22372662798195,,10.5350980467813,,
"1845-12-01",,,,,,,,,,,,3.15517132580299,,11.1214236281917,,
"1846-01-01",,,,,,,,,,,,3.16896945113449,,11.3043572095917,,
"1846-02-01",,,,,,,,,,,,3.13116448007014,,11.2480699537764,,
"1846-03-01",,,,,,,,,,,,3.14699619213461,,11.0745175816788,,
"1846-04-01",,,,,,,,,,,,3.14805292926325,,11.0041585119097,,
"1846-05-01",,,,,,,,,,,,3.14772262268249,,11.2527605584276,,
"1846-06-01",,,,,,,,,,,,3.17490554655999,,11.158948465402,,
"1846-07-01",,,,,,,,,,,,3.13191631519606,,11.4685283723866,,
"1846-08-01",,,,,,,,,,,,3.13938886563416,,11.5670310700636,,
"1846-09-01",,,,,,,,,,,,3.17185088071726,,11.374716279361,,
"1846-10-01",,,,,,,,,,,,3.21557194306294,,11.3840974886635,,
"1846-11-01",,,,,,,,,,,,3.19768061566011,,11.3184290235456,,
"1846-12-01",,,,,,,,,,,,3.18393598166053,,11.40755051192,,
"1847-01-01",,,,,,,,,,,,3.28583476632238,,11.309047814243,,
"1847-02-01",,,,,,,,,,,,3.3447053314603,,11.2246169305199,,
"1847-03-01",,,,,,,,,,,,3.38172964198756,,10.9337994421404,,
"1847-04-01",,,,,,,,,,,,3.47636650173239,,10.6382913491095,,
"1847-05-01",,,,,,,,,,,,3.45065562456867,,10.6805067909712,,
"1847-06-01",,,,,,,,,,,,3.39785482098968,,11.0088491165609,,
"1847-07-01",,,,,,,,,,,,3.39285916241617,,10.9197276281866,,
"1847-08-01",,,,,,,,,,,,3.46048700587129,,10.4600483723608,,
"1847-09-01",,,,,,,,,,,,3.50508236943568,,10.1598496746788,,
"1847-10-01",,,,,,,,,,,,3.74747045744123,,9.45625897698628,,
"1847-11-01",,,,,,,,,,,,3.57351312074901,,9.69547981420171,,
"1847-12-01",,,,,,,,,,,,3.53227914424651,,9.6157395351299,,
"1848-01-01",,,,,,,,,,,,3.35908632851864,,9.76583888397094,,
"1848-02-01",,,,,,,,,,,,3.43524562006183,,9.70955162815555,,
"1848-03-01",,,,,,,,,,,,3.70754856888625,,8.85117097697078,,
"1848-04-01",,,,,,,,,,,,3.68391969055075,,8.70576223278102,,
"1848-05-01",,,,,,,,,,,,3.61097737120847,,9.2311099537247,,
"1848-06-01",,,,,,,,,,,,3.54157812721349,,9.0106515351144,,
"1848-07-01",,,,,,,,,,,,3.49597380350297,,9.36244688396062,,
"1848-08-01",,,,,,,,,,,,3.4799150900718,,9.1466790700016,,
"1848-09-01",,,,,,,,,,,,3.5222016108202,,8.70107162812974,,
"1848-10-01",,,,,,,,,,,,3.54731527355713,,8.30237023277069,,
"1848-11-01",,,,,,,,,,,,3.47959219179512,,8.8746240002272,,
"1848-12-01",,,,,,,,,,,,3.3892560582952,,9.34837507000677,,
"1849-01-01",,,,,,,,,,,,3.28943761581562,,10.0378939537454,,
"1849-02-01",,,,,,,,,,,,3.23558278238549,,10.2395899537506,,
"1849-03-01",,,,,,,,,,,,3.28123461921272,,10.0801093956069,,
"1849-04-01",,,,,,,,,,,,3.29409697821504,,9.81274493048377,,
"1849-05-01",,,,,,,,,,,,3.33463013394098,,9.8877946049043,,
"1849-06-01",,,,,,,,,,,,3.27543099212805,,9.97222548862739,,
"1849-07-01",,,,,,,,,,,,3.22768058872894,,10.0425845583966,,
"1849-08-01",,,,,,,,,,,,3.25962948878144,,9.93470065141713,,
"1849-09-01",,,,,,,,,,,,3.26328155593265,,9.31554083744779,,
"1849-10-01",,,,,,,,,,,,3.27139492279508,,9.10446362814006,,
"1849-11-01",,,,,,,,,,,,3.17736024910504,,9.14198846535032,,
"1849-12-01",,,,,,,,,,,,3.12966189219358,,9.12322604674519,,
"1850-01-01",,,,,,,,,,,,3.126,,9.40935293047344,,
"1850-02-01",,,,,,,,,,,,3.172,,9.25456297698112,,
"1850-03-01",,,,,,,,,,,,3.155,,9.05286697697595,,
"1850-04-01",,,,,,,,,,,,3.159,,8.76204948859641,,
"1850-05-01",,,,,,,,,,,,3.15,,9.04348576767338,,
"1850-06-01",,,,,,,,,,,,3.127,,9.11384483744262,,
"1850-07-01",,,,,,,,,,,,3.106,,9.17951330256059,,
"1850-08-01",,,,,,,,,,,,3.126,,9.37182809326318,,
"1850-09-01",,,,,,,,,,,,3.13,,9.90186641885815,,
"1850-10-01",,,,,,,,,,,,3.118,,10.131706046771,,
"1850-11-01",,,,,,,,,,,,3.142,,10.3521644653813,,
"1850-12-01",,,,,,,,,,,,3.107,,10.8259155351609,,
"1851-01-01",,,,,,,,,,,,3.109,,10.9900866979557,,
"1851-02-01",,,,,,,,,,,,3.134,,11.6561525584379,,
"1851-03-01",,,,,,,,,,,,3.13,,11.8859921863508,,
"1851-04-01",,,,,,,,,,,,3.126,,11.9657324654226,,
"1851-05-01",,,,,,,,,,,,3.102,,11.5811028840174,,
"1851-06-01",,,,,,,,,,,,3.091,,11.2433793491251,,
"1851-07-01",,,,,,,,,,,,3.106,,11.1214236281917,,
"1851-08-01",,,,,,,,,,,,3.142,,10.7649376746942,,
"1851-09-01",,,,,,,,,,,,3.134,,10.9760148840019,,
"1851-10-01",,,,,,,,,,,,3.101,,11.0885893956327,,
"1851-11-01",,,,,,,,,,,,3.078,,11.6092465119251,,
"1851-12-01",,,,,,,,,,,,3.091,,11.6233183258789,,
"1852-01-01",,,,,,,,,,,,3.118,,11.6045559072739,,
"1852-02-01",,,,,,,,,,,,3.104,,11.7358928375098,,
"1852-03-01",,,,,,,,,,,,3.062,,12.2753123724073,,
"1852-04-01",,,,,,,,,,,,3.046,,12.767825860792,,
"1852-05-01",,,,,,,,,,,,3.039,,12.6505607445099,,
"1852-06-01",,,,,,,,,,,,2.976,,13.2603393491767,,
"1852-07-01",,,,,,,,,,,,2.997,,13.6871843724434,,
"1852-08-01",,,,,,,,,,,,3.012,,13.3166266049921,,
"1852-09-01",,,,,,,,,,,,3.02,,13.7012561863973,,
"1852-10-01",,,,,,,,,,,,3.02,,14.0483609305922,,
"1852-11-01",,,,,,,,,,,,2.997,,14.3532502329256,,
"1852-12-01",,,,,,,,,,,,2.983,,15.0099348841052,,
"1853-01-01",,,,,,,,,,,,3.023,,14.8926697678231,,
"1853-02-01",,,,,,,,,,,,3.023,,14.6065428840949,,
"1853-03-01",,,,,,,,,,,,3.031,,14.8363825120078,,
"1853-04-01",,,,,,,,,,,,3.008,,14.7847858608436,,
"1853-05-01",,,,,,,,,,,,3.02,,14.9255040003821,,
"1853-06-01",,,,,,,,,,,,3.067,,14.7144267910744,,
"1853-07-01",,,,,,,,,,,,3.062,,14.7050455817718,,
"1853-08-01",,,,,,,,,,,,3.074,,14.5221120003718,,
"1853-09-01",,,,,,,,,,,,3.238,,13.5042507910434,,
"1853-10-01",,,,,,,,,,,,3.302,,13.2134333026639,,
"1853-11-01",,,,,,,,,,,,3.175,,13.7340904189563,,
"1853-12-01",,,,,,,,,,,,3.196,,13.8748085584948,,
"1854-01-01",,,,,,,,,,,,3.314,,13.480797767787,,
"1854-02-01",,,,,,,,,,,,3.288,,13.795068279423,,
"1854-03-01",,,,,,,,,,,,3.515,,13.0211185119612,,
"1854-04-01",,,,,,,,,,,,3.474,,13.1008587910331,,
"1854-05-01",,,,,,,,,,,,3.386,,13.4432729305767,,
"1854-06-01",,,,,,,,,,,,3.196,,14.0061454887307,,
"1854-07-01",,,,,,,,,,,,3.253,,14.2219133026897,,
"1854-08-01",,,,,,,,,,,,3.205,,14.1421730236178,,
"1854-09-01",,,,,,,,,,,,3.18,,14.128101209664,,
"1854-10-01",,,,,,,,,,,,3.205,,14.2172226980384,,
"1854-11-01",,,,,,,,,,,,3.297,,13.9310958143101,,
"1854-12-01",,,,,,,,,,,,3.286,,13.9920736747769,,
"1855-01-01",,,,3.41530801847637,,,,,,,,3.302,,14.6815925585154,,
"1855-02-01",,,,4.04121363674662,,,,,,,,3.316,,14.475205953859,,
"1855-03-01",,,,4.19707059585729,,,,,,,,3.253,,14.5361838143256,,
"1855-04-01",,,,4.13779556182051,,,,,,,,3.415,,14.3626314422282,,
"1855-05-01",,,,3.64488197527923,,,,,,,,3.33,,14.7519516282847,,
"1855-06-01",,,,4.06576373837301,,,,,,,,3.295,,15.0286973027104,,
"1855-07-01",,,,4.01658458742597,,,,,,,,3.311,,14.9677194422437,,
"1855-08-01",,,,3.89793197172878,,,,,,,,3.311,,14.9489570236386,,
"1855-09-01",,,,3.41846686149626,,,,,,,,3.42,,14.5268026050231,,
"1855-10-01",,,,3.27011534798918,,,,,,,,3.444,,14.4142280933923,,
"1855-11-01",,,,3.16153937344857,,,,,,,,3.41,,14.5408744189769,,
"1855-12-01",,,,3.49332833135816,,,,,,,,3.397,,14.5737086515359,,
"1856-01-01",,,,3.20938375300648,,,,,,,,3.325,,14.9911724655001,,
"1856-02-01",,,,3.55380907171058,,,,,,,,3.307,,15.2397745120181,,
"1856-03-01",,,,3.61617648183745,,,,,,,,3.266,,15.4461611166745,,
"1856-04-01",,,,3.36007252924076,,,,,,,,3.271,,15.6853819538899,,
"1856-05-01",,,,3.5138464856963,,,,,,,,3.209,,16.0465585120387,,
"1856-06-01",,,,3.23990899267468,,,,,,,,3.156,,16.4452599073978,,
"1856-07-01",,,,3.33944642810007,,,,,,,,3.142,,16.6797901399619,,
"1856-08-01",,,,3.55754746348605,,,,,,,,3.172,,16.5250001864696,,
"1856-09-01",,,,3.74855374373944,,,,,,,,3.24,,16.2341826980901,,
"1856-10-01",,,,3.87605988867646,,,,,,,,3.271,,16.182586046926,,
"1856-11-01",,,,3.64874140770844,,,,,,,,3.22,,16.5531438143773,,
"1856-12-01",,,,3.57645375412323,,,,,,,,3.185,,16.6188122794952,,
"1857-01-01",,,,3.76846444000273,,,,,,,,3.235,,16.6141216748439,,
"1857-02-01",,,,3.59869230249811,,,,,,,,3.218,,16.7595304190337,,
"1857-03-01",,,,3.61340779167353,,,,,,,,3.24,,16.7266961864747,,
"1857-04-01",,,,3.9218699316752,,,,,,,,3.258,,16.7548398143825,,
"1857-05-01",,,,3.86857144347865,,,,,,,,3.244,,16.7360773957773,,
"1857-06-01",,,,3.85409918037594,,,,,,,,3.219,,16.9471546050851,,
"1857-07-01",,,,3.87844577951927,,,,,,,,3.33,,16.8861767446184,,
"1857-08-01",,,,3.7230957043686,,,,,,,,3.339,,16.5531438143773,,
"1857-09-01",,,,3.42444895604774,,,,,,,,3.358,,16.3561384190234,,
"1857-10-01",,,,3.60157594917796,,,,,,,,3.42,,16.1872766515772,,
"1857-11-01",,,,5.01921100424473,,,,,,,,3.334,,15.8776967445926,,
"1857-12-01",,,,5.12811751693748,,,,,,,,3.219,,16.0653209306439,,
"1858-01-01",,,,5.4577813201435,,,,,,,,3.159,,17.1535412097415,,
"1858-02-01",,,,5.43993879839423,,,,,,,,3.11,,17.3364747911415,,
"1858-03-01",,,,5.91215155660385,,,,,,,,3.106,,16.9565358143876,,
"1858-04-01",,,,6.00038006592803,,,,,,,,3.11,,16.9143203725261,,
"1858-05-01",,,,6.39653244315886,,,,,,,,3.106,,17.0644197213671,,
"1858-06-01",,,,6.00808124736071,,,,,,,,3.135,,16.8580331167106,,
"1858-07-01",,,,6.21887689645417,,,,,,,,3.134,,17.1347787911363,,
"1858-08-01",,,,5.31731473521358,,,,,,,,3.114,,17.3177123725364,,
"1858-09-01",,,,5.05143260233183,,,,,,,,3.106,,17.3036405585826,,
"1858-10-01",,,,4.18306489177454,,,,,,,,3.082,,17.5147177678903,,
"1858-11-01",,,,3.58625177396068,,,,,,,,3.098,,17.6132204655672,,
"1858-12-01",,,,3.18819366867597,,,,,,,,3.103,,18.0447560934852,,
"1859-01-01",,,,3.28027076340594,,,,,,,,3.142,,18.0119218609262,,
"1859-02-01",,,,3.1980269891526,,,,,,,,3.163,,17.8946567446441,,
"1859-03-01",,,,3.01434282254588,,,,,,,,3.146,,17.941562791157,,
"1859-04-01",,,,2.94776343622419,,,,,,,,3.398,,17.1394693957877,,
"1859-05-01",,,,2.77982336565834,,,,,,,,3.3,,17.0925633492748,,
"1859-06-01",,,,3.20248323661414,,,,,,,,3.254,,17.4396680934697,,
"1859-07-01",,,,3.12325632603183,,,,,,,,3.167,,17.9040379539468,,
"1859-08-01",,,,3.37976385396251,,,,,,,,3.165,,18.1385681865109,,
"1859-09-01",,,,3.42576899531154,,,,,,,,3.159,,18.1291869772083,,
"1859-10-01",,,,3.55262661377824,,,,,,,,3.157,,18.438766884193,,
"1859-11-01",,,,3.68751537715853,,,,,,,,3.159,,18.5372695818699,,
"1859-12-01",,,,3.64835822015621,,,,,,,,3.135,,19.0438548842085,,
"1860-01-01",,,,3.32590838919481,,,,,,,,3.184,,19.0579266981624,,
"1860-02-01",,,,3.1005250576291,,,,,,,,3.174,,19.1142139539777,,
"1860-03-01",,,,3.00862443873028,,,,,,,,3.218,,19.0954515353725,,
"1860-04-01",,,,2.86811773042786,,,,,,,,3.192,,19.2549320935162,,
"1860-05-01",,,,2.64258320193631,,,,,,,,3.197,,19.3065287446803,,
"1860-06-01",,,,2.91468990623428,,,,,,,,3.215,,19.4191032563111,,
"1860-07-01",,,,2.95608561791853,,,,,,,,3.222,,19.5973462330599,,
"1860-08-01",,,,2.94884656289623,,,,,,,,3.235,,19.4191032563111,,
"1860-09-01",,,,2.85654394718461,,,,,,,,3.244,,19.6301804656188,,
"1860-10-01",,,,2.78841604226052,,,,,,,,3.262,,19.799042233065,,
"1860-11-01",,,,2.81728213961542,,,,,,,,3.249,,19.7896610237625,,
"1860-12-01",,,,3.052376965972,,,,,,,,3.245,,20.3103181400549,,
"1861-01-01",,,,3.02025813289537,,,,,,,,3.289,,19.9491415819061,,
"1861-02-01",,,,3.24460998025188,,,,,,,,3.297,,19.6864677214342,,
"1861-03-01",,,,3.1791541478737,,,,,,,,3.298,,19.6723959074804,,
"1861-04-01",,,,3.66146642765465,,,,,,,,3.302,,19.7239925586445,,
"1861-05-01",,,,3.56259356001825,,,,,,,,3.311,,19.5926556284086,,
"1861-06-01",,,,3.86578060574309,,,,,,,,3.359,,19.6958489307368,,
"1861-07-01",,,,3.58774356844217,,,,,,,,3.348,,19.8271858609727,,
"1861-08-01",,,,3.71172793163991,,,,,,,,3.249,,19.9679040005112,,
"1861-09-01",,,,4.1648803336874,,,,,,,,3.244,,19.8459482795778,,
"1861-10-01",,,,4.32808948685757,,,,,,,,3.253,,19.9866664191163,,
"1861-11-01",,,,4.38342289662918,,,,,,,,3.282,,20.0429536749317,,
"1861-12-01",,,,3.93027292830677,,,,,,,,3.239,,19.8506388842291,,
"1862-01-01",,,,4.09755490911677,,,,,,,,3.24,,20.5073235354087,,
"1862-02-01",,,,4.32518201068768,,,,,,,,3.227,,20.8544282796037,,
"1862-03-01",,,,4.10329882438381,,,,,,,,3.222,,20.8169034423934,,
"1862-04-01",,,,4.52441058435195,,,,,,,,3.231,,20.7746880005319,,
"1862-05-01",,,,4.75091392177598,,,,,,,,3.244,,20.826284651696,,
"1862-06-01",,,,4.74638751647512,,,,,,,,3.272,,20.7793786051832,,
"1862-07-01",,,,4.98425442668838,,,,,,,,3.214,,21.0373618610037,,
"1862-08-01",,,,5.02751094957941,,,,,,,,3.231,,20.8872625121626,,
"1862-09-01",,,,4.6940773001242,,,,,,,,3.235,,21.1827706051935,,
"1862-10-01",,,,5.11289666439139,,,,,,,,3.24,,21.4173008377576,,
"1862-11-01",,,,5.22788316550061,,,,,,,,3.24,,21.6471404656704,,
"1862-12-01",,,,4.56562972692466,,,,,,,,3.241,,21.6987371168346,,
"1863-01-01",,,,4.87418246651244,,,,,,,,3.262,,21.905123721491,,
"1863-02-01",,,,4.55279329838881,,,,,,,,3.262,,22.0599136749834,,
"1863-03-01",,,,4.65758327176155,,,,,,,,3.275,,22.0317700470757,,
"1863-04-01",,,,4.42381143417287,,,,,,,,3.266,,22.2147036284757,,
"1863-05-01",,,,4.47058920028213,,,,,,,,3.249,,22.8244822331425,,
"1863-06-01",,,,4.47017899763059,,,,,,,,3.263,,22.8620070703527,,
"1863-07-01",,,,4.53184819984324,,,,,,,,3.227,,22.9605097680296,,
"1863-08-01",,,,4.29143891134272,,,,,,,,3.227,,22.9464379540758,,
"1863-09-01",,,,4.11313585658767,,,,,,,,3.24,,23.3404487447836,,
"1863-10-01",,,,3.77844686860836,,,,,,,,3.253,,23.7438407447939,,
"1863-11-01",,,,3.06887822985177,,,,,,,,3.284,,23.528072930835,,
"1863-12-01",,,,2.56711326501779,,,,,,,,3.281,,23.7344595354914,,
"1864-01-01",,,,3.00150258556819,,,,,,,,3.325,,23.8048186052606,,
"1864-02-01",,,,3.43625531007205,,,,,,,,3.302,,24.2035200006197,,
"1864-03-01",,,,3.25228383345718,,,,,,,,3.307,,24.1613045587582,,
"1864-04-01",,,,2.95943407372485,,,,,,,,3.319,,24.7945361866813,,
"1864-05-01",,,,2.95830037678504,,,,,,,,3.311,,24.7710831634249,,
"1864-06-01",,,,2.70262971702782,,,,,,,,3.345,,24.757011349471,,
"1864-07-01",,,,2.66585096800113,,,,,,,,3.343,,25.751419535543,,
"1864-08-01",,,,2.62946609413627,,,,,,,,3.391,,25.1791657680865,,
"1864-09-01",,,,2.52064595166195,,,,,,,,3.44,,24.3958347913222,,
"1864-10-01",,,,2.88565400250075,,,,,,,,3.391,,24.7101053029582,,
"1864-11-01",,,,3.06898587991171,,,,,,,,3.343,,25.8123973960097,,
"1864-12-01",,,,3.79899120715304,,,,,,,,3.35,,25.9390437215943,,
"1865-01-01",,,,3.29123226709487,,,,,,,,3.353,,25.9812591634559,,
"1865-02-01",,,,3.28605999291614,,,,,,,,3.381,,25.601320186702,,
"1865-03-01",,,,3.23722077469296,,,,,,,,3.367,,25.4606020471635,,
"1865-04-01",,,,3.21755250153087,,,,,,,,3.334,,25.7279665122866,,
"1865-05-01",,,,2.93571992709759,,,,,,,,3.343,,25.6998228843789,,
"1865-06-01",,,,2.90156534845606,,,,,,,,3.331,,26.5863471634713,,
"1865-07-01",,,,2.82375142335007,,,,,,,,3.334,,26.4503196285842,,
"1865-08-01",,,,3.03003230965206,,,,,,,,3.358,,26.4784632564919,,
"1865-09-01",,,,2.7920620649404,,,,,,,,3.391,,26.7786619541739,,
"1865-10-01",,,,2.69251321191104,,,,,,,,3.415,,26.6613968378919,,
"1865-11-01",,,,2.44004421581532,,,,,,,,3.386,,26.8490210239432,,
"1865-12-01",,,,2.87224596254256,,,,,,,,3.441,,26.7270653030099,,
"1866-01-01",,,,2.78734460078482,,,,,,,,3.459,,26.3236733029995,,
"1866-02-01",,,,3.1615742285907,,,,,,,,3.444,,26.6051095820765,,
"1866-03-01",,,,2.82957508472308,,,,,,,,3.465,,26.5347505123072,,
"1866-04-01",,,,2.44684577384364,,,,,,,,3.489,,26.2673860471841,,
"1866-05-01",,,,3.06947212549888,,,,,,,,3.513,,25.0572100471531,,
"1866-06-01",,,,3.75059141783691,,,,,,,,3.461,,25.1744751634352,,
"1866-07-01",,,,3.54333885403621,,,,,,,,3.405,,25.4652926518147,,
"1866-08-01",,,,3.57662845583921,,,,,,,,3.4,,25.3574087448352,,
"1866-09-01",,,,3.5226838165886,,,,,,,,3.386,,25.4559114425122,,
"1866-10-01",,,,3.52715015934906,,,,,,,,3.391,,25.4512208378609,,
"1866-11-01",,,,3.59000178554729,,,,,,,,3.386,,25.3527181401839,,
"1866-12-01",,,,3.67479369736154,,,,,,,,3.326,,25.784253768102,,
"1867-01-01",,,,3.5994099675933,,,,,,,,3.316,,26.3096014890456,,
"1867-02-01",,,,3.83521294430586,,,,,,,,3.316,,25.8452316285687,,
"1867-03-01",,,,4.30933909933897,,,,,,,,3.321,,25.1322597215737,,
"1867-04-01",,,,5.05817939824895,,,,,,,,3.334,,24.8132986052864,,
"1867-05-01",,,,4.95277699192159,,,,,,,,3.171,,25.169784558784,,
"1867-06-01",,,,5.23129645733943,,,,,,,,3.173,,25.4324584192557,,
"1867-07-01",,,,5.27462758511421,,,,,,,,3.197,,24.9633979541275,,
"1867-08-01",,,,5.00992115130152,,,,,,,,3.188,,25.4043147913481,,
"1867-09-01",,,,5.4568470457973,,,,,,,,3.201,,25.5075080936763,,
"1867-10-01",,,,5.41362827867376,,,,,,,,3.214,,25.5121986983275,,
"1867-11-01",,,,5.3900995187407,,,,,,,,3.207,,25.15571274483,,
"1867-12-01",,,,4.54866156162436,,,,,,,,3.25,,24.9540167448249,,
"1868-01-01",,,,5.29284962579951,,,,,,,,3.214,,25.1228785122711,,
"1868-02-01",,,,5.37975185273819,,,,,,,,3.244,,25.221381209948,,
"1868-03-01",,,,5.24637678224595,,,,,,,,3.249,,25.0103040006403,,
"1868-04-01",,,,5.43898432356169,,,,,,,,3.24,,25.6341544192609,,
"1868-05-01",,,,5.52056949453765,,,,,,,,3.222,,25.9062094890353,,
"1868-06-01",,,,5.70963681347566,,,,,,,,3.164,,25.9343531169431,,
"1868-07-01",,,,5.45992915990983,,,,,,,,3.184,,26.1782645588098,,
"1868-08-01",,,,5.49979146209694,,,,,,,,3.209,,26.0656900471789,,
"1868-09-01",,,,4.73670795740658,,,,,,,,3.205,,26.2251706053226,,
"1868-10-01",,,,4.48169840189216,,,,,,,,3.209,,26.2673860471841,,
"1868-11-01",,,,4.15208744342195,,,,,,,,3.231,,26.4268666053277,,
"1868-12-01",,,,3.20161668291384,,,,,,,,3.25,,26.3424357216046,,
"1869-01-01",,,,3.74248370088195,,,,,,,,3.231,,27.0413358146458,,
"1869-02-01",,,,4.12285260187787,,,,,,,,3.235,,27.1632915355792,,
"1869-03-01",,,,4.52481177282015,,,,,,,,3.244,,26.8349492099893,,
"1869-04-01",,,,4.69344621994411,,,,,,,,3.24,,26.7036122797534,,
"1869-05-01",,,,5.28427429158825,,,,,,,,3.284,,26.8349492099893,,
"1869-06-01",,,,5.31404307025687,,,,,,,,3.233,,26.9662861402253,,
"1869-07-01",,,,5.21977390533192,,,,,,,,3.227,,27.4681808379125,,
"1869-08-01",,,,4.78298151917387,,,,,,,,3.24,,27.5854459541946,,
"1869-09-01",,,,4.91411723614864,,,,,,,,3.262,,27.3274626983741,,
"1869-10-01",,,,4.81202670688038,,,,,,,,3.24,,27.8715728379228,,
"1869-11-01",,,,4.87732660796503,,,,,,,,3.24,,28.1295560937434,,
"1869-12-01",,,,3.87186236713092,,,,,,,,3.259,,28.3640863263076,,
"1870-01-01",,,,4.41770668174405,,,,,,,,3.257,,29.1802515356308,,
"1870-02-01",,,,3.96331706623609,,,,,,,,3.257,,29.3397320937744,,
"1870-03-01",,,,3.89258181895096,,,,,,,,3.24,,29.4569972100565,,
"1870-04-01",,,,3.84136077031066,,,,,,,,3.227,,30.1324442798412,,
"1870-05-01",,,,3.37267688775174,,,,,,,,3.218,,30.7516040938106,,
"1870-06-01",,,,3.54265625420018,,,,,,,,3.237,,30.6577920007849,,
"1870-07-01",,,,3.22238999302195,,,,,,,,3.365,,29.2740636286565,,
"1870-08-01",,,,3.68650256810597,,,,,,,,3.3,,29.5883341402924,,
"1870-09-01",,,,3.76966302962742,,,,,,,,3.293,,30.0761570240259,,
"1870-10-01",,,,3.69039193067274,,,,,,,,3.28,,30.2966154426361,,
"1870-11-01",,,,3.81287623385514,,,,,,,,3.291,,30.1418254891438,,
"1870-12-01",,,,4.02787676552305,,,,,,,,3.27,,30.6577920007849,,
"1871-01-01",,,,4.04406588718239,,,,,,,,3.249,,31.339076267469,,
"1871-02-01",,,,3.87038874957442,,,,,,,,3.284,,31.339076267469,,
"1871-03-01",,,,3.47043462957888,,,,,,,,3.257,,31.8035882674809,,
"1871-04-01",,,,3.3540498098866,,,,,,,,3.253,,32.9803520008444,,
"1871-05-01",,,,2.93856318815917,,,,,,,,3.253,,33.5067989341912,,
"1871-06-01",,,,2.98873926071457,,,,,,,,3.254,,33.4138965341889,,
"1871-07-01",,,,2.99473909639214,,,,,,,,3.207,,34.033245867538,,
"1871-08-01",,,,2.81089472845656,,,,,,,,3.222,,34.1571157342078,,
"1871-09-01",,,,2.58287473731824,,,,,,,,3.262,,34.9932373342293,,
"1871-10-01",,,,2.71126704179402,,,,,,,,3.266,,35.3648469342388,,
"1871-11-01",,,,2.54055938561512,,,,,,,,3.253,,35.7983914675832,,
"1871-12-01",,,,2.65342348532785,,,,,,,,3.241,,36.4487082675999,,
"1872-01-01",,,,2.39434483799425,,,,,,,,3.249,,38.0899840009752,,
"1872-02-01",,,,2.3877517742106,,,,,,,,3.266,,37.7183744009657,,
"1872-03-01",,,,2.34230040149566,,,,,,,,3.253,,38.5235285343196,,
"1872-04-01",,,,2.29440135250538,,,,,,,,3.258,,38.5235285343196,,
"1872-05-01",,,,2.46255094927115,,,,,,,,3.255,,38.4615936009847,,
"1872-06-01",,,,2.19123214982237,,,,,,,,3.245,,38.5235285343196,,
"1872-07-01",,,,2.1723642779896,,,,,,,,3.249,,38.5235285343196,,
"1872-08-01",,,,2.18743608273917,,,,,,,,3.257,,38.2757888009799,,
"1872-09-01",,,,2.16360478939064,,,,,,,,3.275,,38.1209514676427,,
"1872-10-01",,,,2.24653051581279,,,,,,,,3.289,,37.470634667626,,
"1872-11-01",,,,2.39978697543405,,,,,,,,3.275,,37.7183744009657,,
"1872-12-01",,,,2.47769589333431,,,,,,,,3.268,,37.9041792009704,,
"1873-01-01",,,,2.33457863098673,,,,,,,,3.262,,38.616430934322,,
"1873-02-01",,,,2.27092728351276,,,,,,,,3.257,,39.1119104010014,,
"1873-03-01",,,,2.28673264163655,,,,,,,,3.262,,39.4525525343434,,
"1873-04-01",,,,2.30915203681046,,,,,,,,3.24,,39.3286826676736,,
"1873-05-01",,,,2.15609213131865,,,,,,,,3.24,,38.9570730676641,,
"1873-06-01",,,,2.11888425646298,,,,,,,,3.25,,39.8860970676879,,
"1873-07-01",,,,2.41602628110733,,,,,,,,3.244,,38.7093333343243,,
"1873-08-01",,,,3.26601702830382,,,,,,,,3.253,,39.0809429343339,,
"1873-09-01",,,,2.77515816990259,,,,,,,,3.275,,39.7002922676831,,
"1873-10-01",,,,2.25446669662509,,,,,,,,3.28,,39.762227201018,,
"1873-11-01",,,,2.2501991691183,,,,,,,,3.255,,38.8951381343291,,
"1873-12-01",,,,2.36176567421466,,,,,,,,3.263,,39.2667477343386,,
"1874-01-01",,,,2.51633212943293,,,,,,,,3.262,,39.3906176010085,,
"1874-02-01",,,,2.46081718048604,,,,,,,,3.27,,39.359650134341,,
"1874-03-01",,,,2.59581262893716,,,,,,,,3.289,,38.8641706676617,,
"1874-04-01",,,,2.66640173856489,,,,,,,,3.266,,37.5945045342958,,
"1874-05-01",,,,3.32809921011303,,,,,,,,3.249,,38.1519189343101,,
"1874-06-01",,,,2.97855402488167,,,,,,,,3.245,,37.811276800968,,
"1874-07-01",,,,2.89237587268241,,,,,,,,3.249,,37.5325696009609,,
"1874-08-01",,,,2.81465289989506,,,,,,,,3.253,,37.6564394676308,,
"1874-09-01",,,,2.78181214584181,,,,,,,,3.271,,37.7803093343005,,
"1874-10-01",,,,2.90311629199414,,,,,,,,3.262,,37.6564394676308,,
"1874-11-01",,,,2.99649157654651,,,,,,,,3.262,,37.8732117343029,,
"1874-12-01",,,,3.02553430062429,,,,,,,,3.272,,37.2228949342863,,
"1875-01-01",,,,3.24517966504867,,,,,,,,3.244,,37.0990250676165,,
"1875-02-01",,,,3.15879750068373,,,,,,,,3.24,,37.0990250676165,,
"1875-03-01",,,,3.34907699350699,,,,,,,,3.253,,37.0990250676165,,
"1875-04-01",,,,3.23335452764214,,,,,,,,3.223,,37.0370901342815,,
"1875-05-01",,,,3.35789783531763,,,,,,,,3.235,,37.0061226676141,,
"1875-06-01",,,,3.35854231091151,,,,,,,,3.215,,35.8293589342507,,
"1875-07-01",,,,3.52663098624468,,,,,,,,3.175,,35.3648469342388,,
"1875-08-01",,,,3.60724664417169,,,,,,,,3.186,,35.1171072008991,,
"1875-09-01",,,,3.56397320180415,,,,,,,,3.209,,34.9932373342293,,
"1875-10-01",,,,3.68814733678136,,,,,,,,3.197,,34.7454976008895,,
"1875-11-01",,,,3.61559385215723,,,,,,,,3.205,,34.5596928008848,,
"1875-12-01",,,,3.45555914573016,,,,,,,,3.196,,34.2809856008776,,
"1876-01-01",,,,3.53579074836861,,,,,,,,3.197,,34.8074325342245,,
"1876-02-01",,,,3.70097744080111,,,,,,,,3.192,,34.8074325342245,,
"1876-03-01",,,,3.76902546550831,,,,,,,,3.209,,34.033245867538,,
"1876-04-01",,,,4.03126653064502,,,,,,,,3.175,,33.4138965341888,,
"1876-05-01",,,,3.90502108718236,,,,,,,,3.184,,33.5377664008586,,
"1876-06-01",,,,4.00937922434555,,,,,,,,3.198,,32.7326122675047,,
"1876-07-01",,,,4.12583698191384,,,,,,,,3.106,,33.0422869341793,,
"1876-08-01",,,,4.25439540249286,,,,,,,,3.128,,33.1971242675166,,
"1876-09-01",,,,4.35864007074738,,,,,,,,3.146,,33.0732544008467,,
"1876-10-01",,,,4.36574111380549,,,,,,,,3.175,,33.1661568008491,,
"1876-11-01",,,,4.34853924542898,,,,,,,,3.182,,33.692603734196,,
"1876-12-01",,,,5.03538668876043,,,,,,,,3.187,,33.4448640008562,,
"1877-01-01",,,,4.64185002036354,,,,,,,,3.134,,33.2590592008515,,
"1877-02-01",,,,4.85596730371152,,,,,,,,3.134,,33.7235712008634,,
"1877-03-01",,,,4.87656985068308,,,,,,,,3.134,,32.9493845341769,,
"1877-04-01",,,,4.95858637199269,,,,,,,,3.227,,32.082295467488,,
"1877-05-01",,,,5.8667848478455,,,,,,,,3.195,,31.9584256008182,,
"1877-06-01",,,,5.41613770214707,,,,,,,,3.177,,31.9584256008182,,
"1877-07-01",,,,5.39109145670862,,,,,,,,3.18,,31.4010112008039,,
"1877-08-01",,,,5.57314450450118,,,,,,,,3.167,,31.4939136008063,,
"1877-09-01",,,,6.07154846685856,,,,,,,,3.161,,31.2771413341341,,
"1877-10-01",,,,6.4492951846148,,,,,,,,3.146,,30.7042432007861,,
"1877-11-01",,,,6.99771902245496,,,,,,,,3.124,,30.5029546674476,,
"1877-12-01",,,,7.06130526811842,,,,,,,,3.168,,30.2242474674405,,
"1878-01-01",,,,6.82213335810811,,,,,,,,3.159,,30.3171498674428,,
"1878-02-01",,,,7.10970935485197,,,,,,,,3.159,,30.1623125341056,,
"1878-03-01",,,,7.01359195862389,,,,,,,,3.203,,29.9455402674333,,
"1878-04-01",,,,7.51703189782822,,,,,,,,3.197,,29.4810282674214,,
"1878-05-01",,,,7.23615850878624,,,,,,,,3.116,,29.2023210674143,,
"1878-06-01",,,,7.29988569946045,,,,,,,,3.131,,29.8216704007635,,
"1878-07-01",,,,6.90701248490993,,,,,,,,3.155,,29.8836053340984,,
"1878-08-01",,,,6.5309373498772,,,,,,,,3.188,,30.5029546674476,,
"1878-09-01",,,,6.17163222741432,,,,,,,,3.192,,29.3261909340842,,
"1878-10-01",,,,6.12040387757627,,,,,,,,3.223,,28.2732970673905,,
"1878-11-01",,,,6.55930458722047,,,,,,,,3.163,,27.7778176007111,,
"1878-12-01",,,,6.43219869534287,,,,,,,,3.168,,27.5300778673715,,
"1879-01-01",,,,7.66915879728026,,,,,,,,3.122,,26.7868586673524,,
"1879-02-01",,,,7.94027383205529,,,,,,,,3.13,,26.6010538673477,,
"1879-03-01",,,,8.44727714724571,,,,,,,,3.114,,26.6010538673477,,
"1879-04-01",,,,8.60746664827875,,,,,,,,3.062,,26.6939562673501,,
"1879-05-01",,,,8.45724056893017,,,,,,,,3.066,,26.2294442673382,,
"1879-06-01",,,,8.36075979895825,,,,,,,,3.079,,26.012672000666,,
"1879-07-01",,,,8.09951766491936,,,,,,,,3.066,,25.5171925339866,,
"1879-08-01",,,,8.47469711258631,,,,,,,,3.09,,25.9197696006636,,
"1879-09-01",,,,8.24812517656193,,,,,,,,3.094,,25.7958997339938,,
"1879-10-01",,,,7.8932454783995,,,,,,,,3.098,,27.6849152007088,,
"1879-11-01",,,,6.93666199419514,,,,,,,,3.078,,29.8216704007635,,
"1879-12-01",,,,5.30557578058925,,,,,,,,3.083,,30.1623125341056,,
"1880-01-01",,,,5.73132075426906,,,,,,,,3.05,,33.1661568008491,,
"1880-02-01",,,,5.42911340675321,,,,,,,,3.076,,32.949384534177,,
"1880-03-01",,,,5.20017817743935,,,,,,,,3.082,,32.1751978674904,,
"1880-04-01",,,,5.11739012604597,,,,,,,,3.058,,32.2061653341579,,
"1880-05-01",,,,5.83629445178542,,,,,,,,3.058,,31.6487509341437,,
"1880-06-01",,,,5.64531259358314,,,,,,,,3.044,,30.8435968007896,,
"1880-07-01",,,,6.07399237465081,,,,,,,,3.066,,31.4319786674714,,
"1880-08-01",,,,6.17550623980728,,,,,,,,3.086,,31.4010112008039,,
"1880-09-01",,,,6.13195491990864,,,,,,,,3.09,,31.2152064007992,,
"1880-10-01",,,,5.83409629457276,,,,,,,,3.046,,31.2771413341341,,
"1880-11-01",,,,5.79177561111901,,,,,,,,3.016,,31.339076267469,,
"1880-12-01",,,,5.31306505006527,,,,,,,,3.032,,31.8345557341484,,
"1881-01-01",,,,5.92748134304652,,,,,,,,3.043,,32.8255146675071,,
"1881-02-01",,,,5.75603699295927,,,,,,,,3.035,,32.6397098675023,,
"1881-03-01",,,,5.59990159302255,,,,,,,,3.016,,31.6487509341437,,
"1881-04-01",,,,5.60473719475579,,,,,,,,2.987,,31.1842389341318,,
"1881-05-01",,,,5.07861226348445,,,,,,,,2.809,,31.2152064007992,,
"1881-06-01",,,,4.89553745204899,,,,,,,,2.841,,31.5248810674738,,
"1881-07-01",,,,4.72775773906821,,,,,,,,2.855,,31.1532714674643,,
"1881-08-01",,,,4.35677194221123,,,,,,,,2.861,,31.1532714674643,,
"1881-09-01",,,,4.25600805773828,,,,,,,,2.927,,30.6577920007849,,
"1881-10-01",,,,4.243386539125,,,,,,,,2.926,,30.8745642674571,,
"1881-11-01",,,,4.13683005464885,,,,,,,,2.899,,31.5248810674738,,
"1881-12-01",,,,4.33693882789079,,,,,,,,2.907,,31.5248810674738,,
"1882-01-01",,,,4.26105066510553,,,,,,,,2.913,,33.5997013341935,,
"1882-02-01",,,,4.24557698222165,,,,,,,,2.937,,31.1223040007968,,
"1882-03-01",,,,4.43620018213531,,,,,,,,2.927,,28.0874922673858,,
"1882-04-01",,,,4.28667390740141,,,,,,,,2.934,,30.9055317341246,,
"1882-05-01",,,,4.16118022485037,,,,,,,,2.924,,30.4100522674452,,
"1882-06-01",,,,4.27823057465724,,,,,,,,2.941,,30.1313450674381,,
"1882-07-01",,,,4.16440764098781,,,,,,,,2.956,,29.852637867431,,
"1882-08-01",,,,4.18388811843232,,,,,,,,3.008,,29.6668330674262,,
"1882-09-01",,,,4.22742319937939,,,,,,,,3.007,,29.9455402674333,,
"1882-10-01",,,,4.40426553977275,,,,,,,,2.926,,30.1003776007706,,
"1882-11-01",,,,4.42307671131642,,,,,,,,2.903,,29.7907029340961,,
"1882-12-01",,,,4.64802625373972,,,,,,,,2.907,,29.4810282674214,,
"1883-01-01",,,,3.95017636097662,,,,,,,,2.876,,29.6358656007587,,
"1883-02-01",,,,4.27617620965202,,,,,,,,2.874,,29.9145728007658,,
"1883-03-01",,,,4.46066959840476,,,,,,,,2.877,,29.3261909340842,,
"1883-04-01",,,,4.17589672825831,,,,,,,,2.851,,26.2604117340057,,
"1883-05-01",,,,4.25944908023211,,,,,,,,2.866,,28.4900693340628,,
"1883-06-01",,,,4.0193959707259,,,,,,,,2.841,,28.7378090674024,,
"1883-07-01",,,,4.22049566459311,,,,,,,,2.871,,28.1803946673881,,
"1883-08-01",,,,4.28007030459131,,,,,,,,2.866,,28.242329600723,,
"1883-09-01",,,,4.19811797225447,,,,,,,,2.856,,28.2732970673905,,
"1883-10-01",,,,4.15672339188705,,,,,,,,2.851,,28.5829717340651,,
"1883-11-01",,,,4.01021700853706,,,,,,,,2.801,,27.901687467381,,
"1883-12-01",,,,4.63261170988721,,,,,,,,2.786,,27.9945898673834,,
"1884-01-01",,,,4.56721962560028,,,,,,,,2.764,,27.7468501340437,,
"1884-02-01",,,,4.61706853142769,,,,,,,,2.767,,27.901687467381,,
"1884-03-01",,,,4.67290874460161,,,,,,,,2.769,,27.3442730673667,,
"1884-04-01",,,,4.95324632751848,,,,,,,,2.719,,27.4062080007016,,
"1884-05-01",,,,5.2031644966889,,,,,,,,2.725,,27.3752405340342,,
"1884-06-01",,,,5.42266779732121,,,,,,,,2.721,,26.7249237340176,,
"1884-07-01",,,,5.39325839084562,,,,,,,,2.701,,26.8487936006873,,
"1884-08-01",,,,5.73403510807222,,,,,,,,2.694,,27.2823381340318,,
"1884-09-01",,,,5.89874697145825,,,,,,,,2.705,,27.5300778673715,,
"1884-10-01",,,,5.85098479646155,,,,,,,,2.734,,27.5300778673715,,
"1884-11-01",,,,6.46477048842988,,,,,,,,2.747,,27.3752405340342,,
"1884-12-01",,,,6.50192872157424,,,,,,,,2.762,,27.4062080007016,,
"1885-01-01",,,,6.54514548026066,,,,,,,,2.76,,27.7468501340437,,
"1885-02-01",,,,6.85492893591401,,,,,,,,2.899,,27.4062080007016,,
"1885-03-01",,,,6.77577726963741,,,,,,,,2.963,,26.8487936006873,,
"1885-04-01",,,,6.85395296692575,,,,,,,,2.969,,26.6629888006826,,
"1885-05-01",,,,7.01662238316695,,,,,,,,2.882,,26.6320213340152,,
"1885-06-01",,,,6.79035899596919,,,,,,,,2.797,,26.6939562673501,,
"1885-07-01",,,,7.08558663118078,,,,,,,,2.826,,26.6629888006826,,
"1885-08-01",,,,7.13753393094887,,,,,,,,2.833,,27.4371754673691,,
"1885-09-01",,,,7.1646905875644,,,,,,,,2.853,,26.7558912006849,,
"1885-10-01",,,,6.98495341080222,,,,,,,,2.867,,26.8797610673548,,
"1885-11-01",,,,7.1081425865176,,,,,,,,2.857,,27.4681429340366,,
"1885-12-01",,,,6.84230682111206,,,,,,,,2.853,,27.4681429340366,,
"1886-01-01",,,,6.9885967820042,,,,,,,,2.851,,27.499110400704,,
"1886-02-01",,,,7.0268103578524,,,,,,,,2.809,,27.4371754673691,,
"1886-03-01",,,,7.39392796821385,,,,,,,,2.845,,27.0345984006921,,
"1886-04-01",,,,7.32516758067977,,,,,,,,2.842,,26.9726634673572,,
"1886-05-01",,,,6.89334839523204,,,,,,,,2.841,,26.8797610673548,,
"1886-06-01",,,,6.86322200723121,,,,,,,,2.805,,26.9726634673572,,
"1886-07-01",,,,6.39718825773803,,,,,,,,2.811,,27.0655658673596,,
"1886-08-01",,,,6.51493005962772,,,,,,,,2.825,,27.1894357340294,,
"1886-09-01",,,,6.56094415359457,,,,,,,,2.821,,27.2823381340318,,
"1886-10-01",,,,6.79016292697509,,,,,,,,2.842,,27.7468501340437,,
"1886-11-01",,,,6.7291800238575,,,,,,,,2.841,,27.8087850673786,,
"1886-12-01",,,,6.59652148699356,,,,,,,,2.837,,27.499110400704,,
"1887-01-01",,,,5.7367057868852,,,,,,,,2.851,,27.5920128007063,,
"1887-02-01",,,,5.58138346855337,,,,,,,,2.857,,26.9726634673572,,
"1887-03-01",,,,5.83924707941456,,,,,,,,2.829,,26.4152490673429,,
"1887-04-01",,,,5.85481363342428,,,,,,,,2.772,,26.8797610673548,,
"1887-05-01",,,,6.39286784137649,,,,,,,,2.725,,26.7249237340175,,
"1887-06-01",,,,6.43374774845209,,,,,,,,2.728,,26.5700864006803,,
"1887-07-01",,,,6.70581398124639,,,,,,,,2.711,,26.2604117340056,,
"1887-08-01",,,,6.18939771470221,,,,,,,,2.71,,26.1365418673358,,
"1887-09-01",,,,5.97702479646651,,,,,,,,2.728,,25.7029973339914,,
"1887-10-01",,,,6.28720463466618,,,,,,,,2.704,,25.6410624006565,,
"1887-11-01",,,,6.75576786841928,,,,,,,,2.699,,25.3933226673167,,
"1887-12-01",,,,5.9260254463934,,,,,,,,2.67,,26.6320213340152,,
"1888-01-01",,,,5.98300575803887,,,,,,,,2.633,,26.9726634673572,,
"1888-02-01",,,,5.86174946054035,,,,,,,,2.639,,26.6939562673501,,
"1888-03-01",,,,5.56224954806891,,,,,,,,2.601,,26.5081514673453,,
"1888-04-01",,,,5.41225444905339,,,,,,,,2.619,,26.6629888006826,,
"1888-05-01",,,,5.04758618157506,,,,,,,,2.639,,26.7249237340176,,
"1888-06-01",,,,5.01449753542809,,,,,,,,2.628,,26.6629888006826,,
"1888-07-01",,,,4.73030838400252,,,,,,,,2.626,,26.9107285340223,,
"1888-08-01",,,,4.77768983185399,,,,,,,,2.639,,27.0345984006921,,
"1888-09-01",,,,4.5739628571261,,,,,,,,2.663,,28.0874922673857,,
"1888-10-01",,,,4.51971362446965,,,,,,,,2.675,,28.1803946673881,,
"1888-11-01",,,,4.39643630167622,,,,,,,,2.696,,28.1803946673881,,
"1888-12-01",,,,4.24054606816679,,,,,,,,2.663,,28.1803946673881,,
"1889-01-01",,,,4.08845865378001,,,,,,,,2.628,,28.7378090674024,,
"1889-02-01",,,,4.04218113169673,,,,,,,,2.627,,29.3261909340842,,
"1889-03-01",,,,3.88320882308054,,,,,,,,2.637,,29.6358656007587,,
"1889-04-01",,,,3.83004305535874,,,,,,,,2.635,,30.5339221341151,,
"1889-05-01",,,,3.77342977918976,,,,,,,,2.626,,30.6577920007849,,
"1889-06-01",,,,3.71336607254343,,,,,,,,2.639,,30.5648896007825,,
"1889-07-01",,,,3.64984851417055,,,,,,,,2.625,,31.0603690674619,,
"1889-08-01",,,,3.76495922662073,,,,,,,,2.648,,31.4319786674714,,
"1889-09-01",,,,3.58527007551586,,,,,,,,2.676,,31.8655232008158,,
"1889-10-01",,,,3.43853101701344,,,,,,,,2.673,,32.4539050674976,,
"1889-11-01",,,,3.39757104471979,,,,,,,,2.664,,32.0203605341532,,
"1889-12-01",,,,3.35313260631038,,,,,,,,2.668,,31.8655232008158,,
"1890-01-01",,,,3.19595764618538,,,,,,,,2.668,,32.2990677341602,,
"1890-02-01",,,,3.19319040606641,,,,,,,,2.671,,31.7106858674785,,
"1890-03-01",,,,3.30840800792242,,,,,,,,2.663,,31.2152064007992,,
"1890-04-01",,,,3.43235441986613,,,,,,,,2.646,,31.0294016007944,,
"1890-05-01",,,,3.38294045551664,,,,,,,,2.635,,31.0603690674619,,
"1890-06-01",,,,3.3786674866782,,,,,,,,2.679,,30.9674666674595,,
"1890-07-01",,,,3.56520372993464,,,,,,,,2.694,,30.6887594674524,,
"1890-08-01",,,,3.43270890731867,,,,,,,,2.697,,30.5339221341151,,
"1890-09-01",,,,3.5274430554262,,,,,,,,2.737,,30.3790848007777,,
"1890-10-01",,,,3.55807167315809,,,,,,,,2.744,,30.3171498674428,,
"1890-11-01",,,,3.63385081806619,,,,,,,,2.692,,30.2861824007753,,
"1890-12-01",,,,3.79120339386099,,,,,,,,2.713,,30.5029546674476,,
"1891-01-01",,,,3.95730194253304,,,,,,,,2.663,,30.5339221341151,,
"1891-02-01",,,,3.78809872796838,,,,,,,,2.681,,30.6577920007849,,
"1891-03-01",,,,3.93911063969688,,,,,,,,2.674,,30.3790848007777,,
"1891-04-01",,,,4.04617163270139,,,,,,,,2.701,,30.59585706745,,
"1891-05-01",,,,4.10928665898981,,,,,,,,2.715,,30.6577920007849,,
"1891-06-01",,,,4.20129399869096,,,,,,,,2.71,,30.4410197341127,,
"1891-07-01",,,,4.39503084320832,,,,,,,,2.704,,30.4410197341126,,
"1891-08-01",,,,4.4719956260007,,,,,,,,2.707,,30.5648896007825,,
"1891-09-01",,,,4.54144057077002,,,,,,,,2.731,,30.0384426674357,,
"1891-10-01",,,,4.53053076971163,,,,,,,,2.724,,29.8216704007634,,
"1891-11-01",,,,4.40284743565883,,,,,,,,2.724,,29.9455402674333,,
"1891-12-01",,,,4.37689115407001,,,,,,,,2.711,,30.1003776007706,,
"1892-01-01",,,,4.59832700431952,,,,,,,,2.705,,30.0694101341031,,
"1892-02-01",,,,4.86700593369525,,,,,,,,2.697,,29.7597354674286,,
"1892-03-01",,,,4.9644214116444,,,,,,,,2.695,,30.3790848007777,,
"1892-04-01",,,,5.03624056048637,,,,,,,,2.674,,29.5429632007563,,
"1892-05-01",,,,5.15529765073408,,,,,,,,2.651,,29.6978005340937,,
"1892-06-01",,,,5.10309084885726,,,,,,,,2.671,,29.8836053340984,,
"1892-07-01",,,,5.0252919741341,,,,,,,,2.666,,30.3171498674428,,
"1892-08-01",,,,4.81265395113922,,,,,,,,2.665,,30.1623125341056,,
"1892-09-01",,,,5.19352707147938,,,,,,,,2.655,,30.1003776007706,,
"1892-10-01",,,,5.65807809863174,,,,,,,,2.668,,29.9455402674333,,
"1892-11-01",,,,6.27915070418463,,,,,,,,2.653,,30.1623125341056,,
"1892-12-01",,,,6.54691479069399,,,,,,,,2.628,,30.0694101341032,,
"1893-01-01",,,,6.64346879783967,,,,,,,,2.623,,30.0384426674357,,
"1893-02-01",,,,6.69090429635288,,,,,,,,2.618,,30.1623125341056,,
"1893-03-01",,,,6.68923341830529,,,,,,,,2.613,,30.3171498674428,,
"1893-04-01",,,,6.31071158153698,,,,,,,,2.598,,30.2861824007753,,
"1893-05-01",,,,6.06518816962846,,,,,,,,2.623,,30.255214934108,,
"1893-06-01",,,,6.09833864594002,,,,,,,,2.606,,30.2242474674405,,
"1893-07-01",,,,6.26449897197584,,,,,,,,2.609,,30.1623125341056,,
"1893-08-01",,,,6.23591723418571,,,,,,,,2.649,,29.8526378674309,,
"1893-09-01",,,,6.26751502714808,,,,,,,,2.62,,30.255214934108,,
"1893-10-01",,,,6.21362281876452,,,,,,,,2.631,,30.2861824007753,,
"1893-11-01",,,,6.25632412421035,,,,,,,,2.62,,30.3790848007777,,
"1893-12-01",,,,6.10427691411217,,,,,,,,2.612,,30.5648896007825,,
"1894-01-01",,,,5.79389220537373,,,,,,,,2.603,,30.7816618674547,,
"1894-02-01",,,,5.38765853760092,,,,,,,,2.582,,30.8745642674571,,
"1894-03-01",,,,5.86883446016237,,,,,,,,2.574,,30.9055317341245,,
"1894-04-01",,,,5.88997910372108,,,,,,,,2.568,,30.6577920007849,,
"1894-05-01",,,,5.96093118043067,,,,,,,,2.548,,30.7197269341197,,
"1894-06-01",,,,6.11810762665079,,,,,,,,2.534,,30.8126293341221,,
"1894-07-01",,,,6.58001335955407,,,,,,,,2.531,,31.1223040007968,,
"1894-08-01",,,,6.29055292926398,,,,,,,,2.508,,31.3700437341364,,
"1894-09-01",,,,6.23299651131047,,,,,,,,2.517,,31.8655232008158,,
"1894-10-01",,,,6.18884833290234,,,,,,,,2.523,,31.8964906674833,,
"1894-11-01",,,,6.1945350221124,,,,,,,,2.488,,31.9274581341507,,
"1894-12-01",,,,6.21365073091714,,,,,,,,2.478,,32.4539050674976,,
"1895-01-01",,,,6.50112922386618,,,,,,,,2.433,,32.7635797341721,,
"1895-02-01",,,,6.70318135216298,,,,,,,,2.46,,33.1661568008491,,
"1895-03-01",,,,6.56490008155614,,,,,,,,2.446,,33.1351893341816,,
"1895-04-01",,,,6.81464119286417,,,,,,,,2.432,,33.228091734184,,
"1895-05-01",,,,6.65123588317698,,,,,,,,2.415,,33.8784085342006,,
"1895-06-01",,,,6.54811583737057,,,,,,,,2.384,,34.1261482675404,,
"1895-07-01",,,,6.39603558542894,,,,,,,,2.393,,34.6216277342197,,
"1895-08-01",,,,6.1585822599812,,,,,,,,2.378,,35.3338794675712,,
"1895-09-01",,,,6.01784443173999,,,,,,,,2.372,,36.1080661342577,,
"1895-10-01",,,,5.93740560543615,,,,,,,,2.383,,36.3867733342649,,
"1895-11-01",,,,5.80801305473233,,,,,,,,2.397,,35.6125866675784,,
"1895-12-01",,,,5.73891549168433,,,,,,,,2.385,,36.6345130676045,,
"1896-01-01",,,,5.58443935318608,,,,,,,,2.368,,37.1919274676188,,
"1896-02-01",,,,5.43511217150556,,,,,,,,2.332,,38.9880405343315,,
"1896-03-01",,,,5.43659698319647,,,,,,,,2.325,,39.7312597343505,,
"1896-04-01",,,,5.33396827321243,,,,,,,,2.286,,40.505446401037,,
"1896-05-01",,,,5.38214219174011,,,,,,,,2.257,,41.7441450677353,,
"1896-06-01",,,,5.28977750120088,,,,,,,,2.254,,43.3544533344433,,
"1896-07-01",,,,5.23895741940667,,,,,,,,2.249,,43.478323201113,,
"1896-08-01",,,,5.19326265380223,,,,,,,,2.269,,43.8499328011226,,
"1896-09-01",,,,5.1891090707842,,,,,,,,2.331,,42.6422016010916,,
"1896-10-01",,,,5.11724444329149,,,,,,,,2.356,,42.9828437344338,,
"1896-11-01",,,,5.05050332904149,,,,,,,,2.291,,42.9828437344338,,
"1896-12-01",,,,4.98888660963233,,,,,,,,2.298,,43.942835201125,,
"1897-01-01",,,,5.04164753418335,,,,,,,,2.262,,45.2125013344909,,
"1897-02-01",,,,4.97590479913325,,,,,,,,2.266,,45.1505664011559,,
"1897-03-01",,,,4.93732826533908,,,,,,,,2.273,,45.8937856011749,,
"1897-04-01",,,,4.96233482908553,,,,,,,,2.271,,46.0795904011797,,
"1897-05-01",,,,4.86883679593195,,,,,,,,2.25,,46.0795904011797,,
"1897-06-01",,,,5.02100326322761,,,,,,,,2.254,,46.6370048011939,,
"1897-07-01",,,,4.98182339768381,,,,,,,,2.254,,46.5441024011916,,
"1897-08-01",,,,5.11546361766095,,,,,,,,2.272,,46.2034602678495,,
"1897-09-01",,,,5.2762480790556,,,,,,,,2.281,,46.6989397345289,,
"1897-10-01",,,,5.31849959612243,,,,,,,,2.282,,46.3582976011868,,
"1897-11-01",,,,5.42429451858919,,,,,,,,2.25,,46.3892650678543,,
"1897-12-01",,,,5.1566153039872,,,,,,,,2.249,,46.234427734517,,
"1898-01-01",,,,4.9888732815625,,,,,,,,2.26,,47.1015168012058,,
"1898-02-01",,,,4.8660607988201,,,,,,,,2.259,,46.8847445345337,,
"1898-03-01",,,,4.53324489490376,,,,,,,,2.279,,49.671816534605,,
"1898-04-01",,,,4.42742080408831,,,,,,,,2.287,,45.1505664011559,,
"1898-05-01",,,,4.25724081474855,,,,,,,,2.279,,45.491208534498,,
"1898-06-01",,,,4.16836494638881,,,,,,,,2.286,,45.1505664011559,,
"1898-07-01",,,,4.12436840042372,,,,,,,,2.294,,45.6150784011678,,
"1898-08-01",,,,3.97957597648524,,,,,,,,2.301,,45.1815338678234,,
"1898-09-01",,,,3.87965136722997,,,,,,,,2.311,,45.6770133345027,,
"1898-10-01",,,,3.82459065316432,,,,,,,,2.333,,45.83185066784,,
"1898-11-01",,,,3.7779739281851,,,,,,,,2.295,,46.2034602678496,,
"1898-12-01",,,,3.81263413399957,,,,,,,,2.286,,46.3892650678543,,
"1899-01-01",,,,3.89215380769649,,,,,,,,2.283,,47.5660288012177,,
"1899-02-01",,,,3.74789732192713,,,,,,,,2.288,,47.4421589345479,,
"1899-03-01",,,,3.85328859416804,,,,,,,,2.29,,47.720866134555,,
"1899-04-01",,,,3.77132056146025,,,,,,,,2.301,,47.4731264012154,,
"1899-05-01",,,,3.86616398934952,,,,,,,,2.316,,49.1763370679257,,
"1899-06-01",,,,3.73722749748437,,,,,,,,2.359,,49.1453696012582,,
"1899-07-01",,,,3.71226311612011,,,,,,,,2.389,,47.1634517345408,,
"1899-08-01",,,,3.71843281592688,,,,,,,,2.407,,49.7956864012748,,
"1899-09-01",,,,3.61006338579026,,,,,,,,2.438,,46.6370048011939,,
"1899-10-01",,,,3.5328185192039,,,,,,,,2.435,,46.2653952011844,,
"1899-11-01",,,,3.48669230909466,,,,,,,,2.477,,47.5660288012177,,
"1899-12-01",,,,3.47167808177835,,,,,,,,2.555,,45.3983061344956,,
"1900-01-01",,,,3.45135118729152,,,,,,,,2.52,,47.2563541345431,,
"1900-02-01",,,,3.48309373752205,,,,,,,,2.513,,51.5917994679874,,
"1900-03-01",,,,3.4212309523599,,,,,,,,2.502,,48.2782805345692,,
"1900-04-01",,,,3.48426240247502,,,,,,,,2.515,,47.9995733345621,,
"1900-05-01",,,,3.45368341732801,,,,,,,,2.508,,47.6589312012201,,
"1900-06-01",,,,3.51158088512418,,,,,,,,2.517,,46.2653952011844,,
"1900-07-01",,,,3.62154070499196,,,,,,,,2.595,,45.5221760011654,,
"1900-08-01",,,,3.63789941354027,,,,,,,,2.581,,45.9557205345099,,
"1900-09-01",,,,3.85200231617434,,,,,,,,2.573,,45.5221760011654,,
"1900-10-01",,,,3.89968722712318,,,,,,,,2.564,,45.4602410678305,,
"1900-11-01",,,,4.03588677546229,,,,,,,,2.586,,45.088631467821,,
"1900-12-01",,,,4.1877809806072,,,,,,,,2.595,,45.0576640011535,,
"1901-01-01",,,,4.35538655013059,,,,,,,,2.619,,45.1505664011559,,
"1901-02-01",,,,4.54581732357224,,,,,,,,2.605,,44.7789568011463,,
"1901-03-01",,,,4.68625589773524,,,,,,,,2.645,,44.1905749344647,,
"1901-04-01",,,,4.95880336626867,,,,,,,,2.692,,44.6550869344766,,
"1901-05-01",,,,4.89004910428066,,,,,,,,2.709,,44.8099242678138,,
"1901-06-01",,,,4.91701074444286,,,,,,,,2.711,,45.0266965344861,,
"1901-07-01",,,,4.93044583049744,,,,,,,,2.723,,44.7170218678115,,
"1901-08-01",,,,5.03961320133791,,,,,,,,2.682,,43.7879978677877,,
"1901-09-01",,,,4.91676323540631,,,,,,,,2.714,,43.5092906677805,,
"1901-10-01",,,,4.96248852993624,,,,,,,,2.74,,42.9828437344338,,
"1901-11-01",,,,5.03112159684032,,,,,,,,2.769,,42.7041365344266,,
"1901-12-01",,,,5.08624461955147,,,,,,,,2.679,,42.8280064010964,,
"1902-01-01",,,,5.05502061812461,,,,,,,,2.672,,43.7879978677877,,
"1902-02-01",,,,5.09998715181259,,,,,,,,2.679,,43.8499328011226,,
"1902-03-01",,,,4.96621972768489,,,,,,,,2.681,,43.3544533344433,,
"1902-04-01",,,,5.09072130315016,,,,,,,,2.67,,44.2215424011321,,
"1902-05-01",,,,5.14573393734,,,,,,,,2.61,,44.2525098677996,,
"1902-06-01",,,,5.16767226044568,,,,,,,,2.63,,43.8809002677901,,
"1902-07-01",,,,5.08369976021166,,,,,,,,2.647,,43.0757461344361,,
"1902-08-01",,,,5.11231807736077,,,,,,,,2.668,,42.797038934429,,
"1902-09-01",,,,5.21710887482242,,,,,,,,2.702,,42.7351040010941,,
"1902-10-01",,,,5.2159854636771,,,,,,,,2.714,,42.797038934429,,
"1902-11-01",,,,5.21819930749392,,,,,,,,2.721,,42.7351040010941,,
"1902-12-01",,,,5.18733351787614,,,,,,,,2.712,,42.8899413344314,,
"1903-01-01",,,,5.23264052412815,,,,,,,,2.704,,43.2925184011083,,
"1903-02-01",,,,5.17653404103121,,,,,,,,2.74,,43.6641280011178,,
"1903-03-01",,,,5.20110253234804,,,,,,,,2.789,,43.540258134448,,
"1903-04-01",,,,5.19709792661698,,,,,,,,2.734,,43.3544533344433,,
"1903-05-01",,,,5.23735933079986,,,,,,,,2.751,,43.7570304011203,,
"1903-06-01",,,,5.39472698744761,,,,,,,,2.751,,42.6731690677591,,
"1903-07-01",,,,5.66920785813787,,,,,,,,2.764,,40.505446401037,,
"1903-08-01",,,,5.76947237226678,,,,,,,,2.793,,41.9918848010751,,
"1903-09-01",,,,5.8411986022723,,,,,,,,2.857,,41.5273728010632,,
"1903-10-01",,,,6.03006576053981,,,,,,,,2.863,,40.6602837343743,,
"1903-11-01",,,,6.11758211387782,,,,,,,,2.845,,40.2577066676973,,
"1903-12-01",,,,6.21301195053354,,,,,,,,2.853,,39.9170645343553,,
"1904-01-01",,,,6.35278628629648,,,,,,,,2.875,,39.700292267683,,
"1904-02-01",,,,6.4823090896547,,,,,,,,2.937,,39.6383573343481,,
"1904-03-01",,,,6.7108454575243,,,,,,,,2.928,,39.8860970676879,,
"1904-04-01",,,,6.856321335926,,,,,,,,2.826,,40.0719018676926,,
"1904-05-01",,,,7.10083327836625,,,,,,,,2.801,,40.1957717343624,,
"1904-06-01",,,,6.9345493949831,,,,,,,,2.797,,39.6383573343481,,
"1904-07-01",,,,7.04940420638695,,,,,,,,2.859,,37.4396672009585,,
"1904-08-01",,,,6.97198007908622,,,,,,,,2.865,,39.8551296010204,,
"1904-09-01",,,,7.03003649630607,,,,,,,,2.845,,39.3906176010085,,
"1904-10-01",,,,7.00507333665934,,,,,,,,2.871,,40.1338368010275,,
"1904-11-01",,,,7.11559550956911,,,,,,,,2.872,,42.8589738677639,,
"1904-12-01",,,,7.07026552924144,,,,,,,,2.847,,40.908023467714,,
"1905-01-01",,,,6.90549931485126,,,,,,,,2.849,,41.3415680010584,,
"1905-02-01",,,,6.88282324530567,,,,,,,,2.784,,41.8989824010727,,
"1905-03-01",,,,6.7837307875446,,,,,,,,2.757,,42.797038934429,,
"1905-04-01",,,,6.8267213946882,,,,,,,,2.797,,41.8060800010703,,
"1905-05-01",,,,6.64761866181497,,,,,,,,2.803,,41.3415680010584,,
"1905-06-01",,,,6.57417262992726,,,,,,,,2.805,,41.5273728010632,,
"1905-07-01",,,,6.4971263154715,,,,,,,,2.791,,41.2176981343885,,
"1905-08-01",,,,6.38005663139914,,,,,,,,2.79,,42.2705920010822,,
"1905-09-01",,,,6.22295717761357,,,,,,,,2.817,,42.9828437344337,,
"1905-10-01",,,,6.06223824004416,,,,,,,,2.867,,43.4473557344456,,
"1905-11-01",,,,5.93430958094203,,,,,,,,2.841,,43.4783232011131,,
"1905-12-01",,,,5.80274602039758,,,,,,,,2.825,,43.4473557344456,,
"1906-01-01",,,,5.7403734787,,,,,,,,2.807,,43.7879978677877,,
"1906-02-01",,,,5.74548965830962,,,,,,,,2.793,,43.6021930677829,,
"1906-03-01",,,,5.49032988321699,,,,,,,,2.782,,42.797038934429,,
"1906-04-01",,,,5.37547287661465,,,,,,,,2.783,,42.6731690677592,,
"1906-05-01",,,,5.25523845477723,,,,,,,,2.821,,42.8280064010965,,
"1906-06-01",,,,5.20244890817357,,,,,,,,2.861,,42.4254293344195,,
"1906-07-01",,,,5.0350052865787,,,,,,,,2.879,,42.0847872010774,,
"1906-08-01",,,,4.93497994515021,,,,,,,,2.895,,42.7351040010941,,
"1906-09-01",,,,4.75668957709885,,,,,,,,2.907,,42.7041365344266,,
"1906-10-01",,,,4.86429101175392,,,,,,,,2.93,,42.456396801087,,
"1906-11-01",,,,4.82076169906301,,,,,,,,2.911,,42.7351040010941,,
"1906-12-01",,,,4.6989192205632,,,,,,,,2.933,,43.2615509344409,,
"1907-01-01",,,,4.4623287390014,,,,,,,,2.9,,43.7879978677878,,
"1907-02-01",,,,4.3234167116901,,,,,,,,2.916,,43.8499328011226,,
"1907-03-01",,,,4.20933389195351,,,,,,,,2.954,,42.6422016010917,,
"1907-04-01",,,,4.01081741678062,,,,,,,,2.947,,42.9828437344337,,
"1907-05-01",,,,4.09203172703545,,,,,,,,2.994,,42.5802666677568,,
"1907-06-01",,,,4.08880067916578,,,,,,,,2.976,,42.2396245344147,,
"1907-07-01",,,,4.14679264050382,,,,,,,,3.032,,42.1776896010798,,
"1907-08-01",,,,4.30242794125475,,,,,,,,3.073,,41.7441450677354,,
"1907-09-01",,,,4.44646166624584,,,,,,,,3.058,,41.5583402677307,,
"1907-10-01",,,,4.57890411681537,,,,,,,,3.041,,40.8151210677116,,
"1907-11-01",,,,4.84543802100571,,,,,,,,3.063,,40.3196416010322,,
"1907-12-01",,,,5.17324644854761,,,,,,,,3.035,,40.4125440010346,,
"1908-01-01",,,,5.48951606560576,,,,,,,,2.913,,40.9699584010489,,
"1908-02-01",,,,5.90364208937296,,,,,,,,2.89,,40.3815765343672,,
"1908-03-01",,,,6.30639592809978,,,,,,,,2.869,,39.6383573343482,,
"1908-04-01",,,,6.77063338818641,,,,,,,,2.908,,39.421585067676,,
"1908-05-01",,,,7.07787096414378,,,,,,,,2.882,,39.2667477343387,,
"1908-06-01",,,,7.33737838939441,,,,,,,,2.863,,39.5764224010132,,
"1908-07-01",,,,7.43992050835353,,,,,,,,2.913,,39.3286826676736,,
"1908-08-01",,,,7.56759820064821,,,,,,,,2.929,,39.7931946676855,,
"1908-09-01",,,,7.79325908753554,,,,,,,,2.933,,39.3906176010085,,
"1908-10-01",,,,7.8984114903001,,,,,,,,2.982,,39.7002922676831,,
"1908-11-01",,,,7.73739651895423,,,,,,,,3.012,,39.824162134353,,
"1908-12-01",,,,7.63797736940524,,,,,,,,3.007,,39.1119104010013,,
"1909-01-01",,,,7.60016073320211,,,,,,,,3.034,,39.2357802676712,,
"1909-02-01",,,,7.73447355435383,,,,,,,,3.005,,39.0809429343339,,
"1909-03-01",,,,7.82241620657696,,,,,,,,2.998,,38.4925610676522,,
"1909-04-01",,,,7.93682529318326,,,,,,,,2.969,,39.762227201018,,
"1909-05-01",,,,7.96844993426251,,,,,,,,2.974,,38.8641706676617,,
"1909-06-01",,,,7.91728943641106,,,,,,,,2.989,,39.0190080009989,,
"1909-07-01",,,,7.8561760839289,,,,,,,,3.011,,38.8641706676617,,
"1909-08-01",,,,7.56660305148533,,,,,,,,3.003,,39.7931946676855,,
"1909-09-01",,,,7.26706857765349,,,,,,,,3.032,,39.9480320010227,,
"1909-10-01",,,,7.0668178336463,,,,,,,,3.065,,40.1338368010275,,
"1909-11-01",,,,6.8201740875723,,,,,,,,3.066,,40.0099669343577,,
"1909-12-01",,,,6.56354520772391,,,,,,,,3.037,,40.164804267695,,
"1910-01-01",,,,6.55184086992871,,,,,,,,3.074,,41.3725354677259,,
"1910-02-01",,,,6.25615436732881,,,,,,,,3.096,,41.4654378677283,,
"1910-03-01",,,,6.11348103724128,,,,,,,,3.11,,42.115754667745,,
"1910-04-01",,,,5.86889031423599,,,,,,,,3.112,,43.0138112011012,,
"1910-05-01",,,,5.85012803326377,,,,,,,,3.068,,42.858973867764,,
"1910-06-01",,,,5.58376249765016,,,,,,,,3.046,,42.5802666677568,,
"1910-07-01",,,,5.54321049566392,,,,,,,,3.088,,42.797038934429,,
"1910-08-01",,,,5.47354569919667,,,,,,,,3.125,,43.3544533344433,,
"1910-09-01",,,,5.52043213269383,,,,,,,,3.145,,42.858973867764,,
"1910-10-01",,,,5.46536278970453,,,,,,,,3.192,,42.8899413344314,,
"1910-11-01",,,,5.52683822379517,,,,,,,,3.205,,43.4473557344457,,
"1910-12-01",,,,5.4863535392971,,,,,,,,3.175,,43.7260629344528,,
"1911-01-01",,,,5.12540489549974,,,,,,,,3.162,,44.747989334479,,
"1911-02-01",,,,5.00651094694725,,,,,,,,3.145,,45.2125013344909,,
"1911-03-01",,,,4.984001463748,,,,,,,,3.081,,45.8008832011726,,
"1911-04-01",,,,4.98503877175445,,,,,,,,3.117,,45.8628181345075,,
"1911-05-01",,,,4.90036612598429,,,,,,,,3.125,,45.1815338678235,,
"1911-06-01",,,,5.02131421431072,,,,,,,,3.185,,45.0576640011536,,
"1911-07-01",,,,4.87445047796986,,,,,,,,3.238,,44.4692821344718,,
"1911-08-01",,,,4.82393629319427,,,,,,,,3.231,,43.8809002677902,,
"1911-09-01",,,,4.50558699545256,,,,,,,,3.257,,43.540258134448,,
"1911-10-01",,,,4.35639464313779,,,,,,,,3.197,,44.2215424011322,,
"1911-11-01",,,,4.12142245867175,,,,,,,,3.236,,44.7170218678116,,
"1911-12-01",,,,4.05557271332926,,,,,,,,3.268,,44.8408917344813,,
"1912-01-01",,,,3.75823604612396,,,,,,,,3.27,,44.8408917344813,,
"1912-02-01",,,,3.73114693976195,,,,,,,,3.21,,44.4692821344718,,
"1912-03-01",,,,6.85124515554359,,,,,,,,3.216,,44.5312170678068,,
"1912-04-01",,,,4.08704542374531,,,,,,,,3.228,,45.150566401156,,
"1912-05-01",,,,3.74165602925513,,,,,,,,3.263,,44.5312170678068,,
"1912-06-01",,,,3.52077973448269,,,,,,,,3.295,,44.2834773344671,,
"1912-07-01",,,,3.46082286688028,,,,,,,,3.409,,43.9118677344576,,
"1912-08-01",,,,3.1611874559726,,,,,,,,3.356,,45.3054037344932,,
"1912-09-01",,,,3.60513166723054,,,,,,,,3.407,,45.8008832011726,,
"1912-10-01",,,,3.73655218309291,,,,,,,,3.457,,44.9647616011512,,
"1912-11-01",,,,3.88320182039162,,,,,,,,3.367,,44.5002496011393,,
"1912-12-01",,,,3.86299467751934,,,,,,,,3.361,,44.5002496011393,,
"1913-01-01",,,,3.78518472590678,,,,,,,,3.369,,45.9247530678424,,
"1913-02-01",,,,3.80876545037422,,,,,,,,3.39,,45.893785601175,,
"1913-03-01",,,,3.67881980173653,,,,,,,,3.39,,44.8099242678139,,
"1913-04-01",,,,3.5774360983863,,,,,,,,3.369,,46.0486229345123,,
"1913-05-01",,,,3.65028431348947,,,,,,,,3.396,,45.4602410678306,,
"1913-06-01",,,,3.60602677942174,,,,,,,,3.454,,43.4473557344457,,
"1913-07-01",,,,3.62674840533321,,,,,,,,3.462,,43.5092906677807,,
"1913-08-01",,,,3.49394366812247,,,,,,,,3.419,,44.1596074677973,,
"1913-09-01",,,,3.46252962096983,,,,,,,,3.43,,44.0976725344623,,
"1913-10-01",,,,3.53250171879279,,,,,,,,3.469,,43.1686485344385,,
"1913-11-01",,,,3.55818544369617,,,,,,,,3.473,,42.8899413344314,,
"1913-12-01",,,,3.53957397377043,,,,,,,,3.509,,42.4254293344195,,
"1914-01-01",,,,3.73157980821244,,,,,,,,3.324,,43.4473557344457,,
"1914-02-01",,,,3.4821088117255,,,,,,,,3.345,,44.2834773344671,,
"1914-03-01",,,,3.33740936538268,,,,,,,,3.339,,43.7879978677878,,
"1914-04-01",,,,3.29747107152706,,,,,,,,3.38,,43.6331605344504,,
"1914-05-01",,,,3.25303125669821,,,,,,,,3.379,,43.2925184011084,,
"1914-06-01",,,,3.27691263965445,,,,,,,,3.361,,43.1376810677712,,
"1914-07-01",,,1.8226382010579,3.04134799043907,,,,,,,,3.61,,43.0082680245678,,
"1914-08-01",,,1.83719186938124,3.85734381593749,,,,,,,,3.61,,43.0082680245678,,
"1914-09-01",,,2.00095792595633,3.28493347001417,,,,,,,,3.61,,43.0082680245678,,
"1914-10-01",,,1.99508050814663,2.8172081877794,,,,,,,,3.61,,43.0082680245678,,
"1914-11-01",,,1.98107489925976,2.45415298683333,,,,,,,,3.61,,43.0082680245678,,
"1914-12-01",,,1.9685104059386,2.08650059579615,,,,,,,,3.61,,43.0082680245678,,
"1915-01-01",,,2.00516210855599,1.75065191296255,,,,,,,,3.65,,37.702333253232,,
"1915-02-01",,,2.08932849883328,1.56774504726425,,,,,,,,3.704,,37.4003694857575,,
"1915-03-01",,,2.11679619872264,1.31926082086004,,,,,,,,3.756,,36.4944781833344,,
"1915-04-01",,,2.15161171982123,1.1508531929081,,,,,,,,3.759,,36.7533042697409,,
"1915-05-01",,,2.20232768248413,0.989673918172531,,,,,,,,3.756,,36.2356520969278,,
"1915-06-01",,,2.27840295243792,0.908544632048481,,,,,,,,3.846,,35.4591738377079,,
"1915-07-01",,,2.2783872866875,0.834619179092176,,,,,,,,3.846,,32.9140506547094,,
"1915-08-01",,,2.29281917175603,0.695052446132935,,,,,,,,3.846,,32.0081593522862,,
"1915-09-01",,,2.27495394611914,0.63550361294113,,,,,,,,3.846,,32.1375723954895,,
"1915-10-01",,,2.3574068363495,0.546712437697775,,,,,,,,3.846,,31.9218839901506,,
"1915-11-01",,,2.33827351565537,0.50150576017889,,,,,,,,4.167,,32.223847757625,,
"1915-12-01",,,2.41673340873431,0.499877039741115,,,,,,,,4.274,,32.3963984818961,,
"1916-01-01",,,2.45867343114666,0.468986354375386,,,,,,,,4.219,,32.3963984818961,,
"1916-02-01",,,2.45340152520952,0.407183072966716,,,,,,,,4.301,,33.6042535517937,,
"1916-03-01",,,2.48669410322458,0.350880731281356,,,,,,,,4.357,,33.0434636979126,,
"1916-04-01",,,2.5276871438143,0.372910869681288,,,,,,,,4.376,,33.4317028275226,,
"1916-05-01",,,2.57512752279158,0.327602571789917,,,,,,,,4.348,,33.8199419571326,,
"1916-06-01",,,2.64813709990625,0.287788968621831,,,,,,,,4.115,,35.8474129673178,,
"1916-07-01",,,2.64010042341517,0.289886777478642,,,,,,,,4.202,,37.7886086153675,,
"1916-08-01",,,2.6546344105123,0.261061884472737,,,,,,,,4.202,,37.9180216585708,,
"1916-09-01",,,2.72946804241043,0.274149805489229,,,,,,,,4.184,,38.0042970207063,,
"1916-10-01",,,2.71715297417962,0.256318016724273,,,,,,,,4.444,,36.7964419508088,,
"1916-11-01",,,2.87078148781949,0.316820833282228,,,,,,,,4.525,,37.1846810804187,,
"1916-12-01",,,2.95654037285094,0.346410113836371,,,,,,,,4.525,,36.0631013726566,,
"1917-01-01",,,2.99795756768938,0.381507348158844,,,,,,,,4.808,,35.3728984755724,,
"1917-02-01",,,3.00415223506849,0.44544705783774,,,,,,,,4.796,,35.4591738377079,,
"1917-03-01",,,3.13564729927429,0.465398807509347,,,,,,,,4.706,,35.4160361566401,,
"1917-04-01",,,3.18478709693244,0.514199901260304,,,,,,,,4.545,,36.2356520969277,,
"1917-05-01",,,3.22716921051161,0.555434922127218,,,,,,,,4.505,,36.3219274590633,,
"1917-06-01",,,3.20408486304373,0.55268735846363,,,,,,,,4.608,,36.6238912265377,,
"1917-07-01",,,3.27593044975363,0.505956812743446,,,,,,,,4.489,,37.7886086153675,,
"1917-08-01",,,3.28595395998021,0.488076210205992,,,,,,,,4.454,,37.8317462964352,,
"1917-09-01",,,3.27345563254621,0.462625755127245,,,,,,,,4.577,,37.8748839775031,,
"1917-10-01",,,3.16476599203863,0.502436182660993,,,,,,,,4.464,,38.3493984692485,,
"1917-11-01",,,3.31267170378896,0.425416671280308,,,,,,,,4.464,,38.6082245556552,,
"1917-12-01",,,3.31576956611504,0.340812972624897,,,,,,,,4.571,,39.0827390474006,,
"1918-01-01",,,3.3543735865555,0.321452532327981,,,,,,,,4.587,,39.7298042634172,,
"1918-02-01",,,3.46803955874943,0.327343005656666,,,,,,,,4.587,,39.7729419444849,,
"1918-03-01",,,3.50992596644541,0.358479975907491,,,,,,,,4.598,,38.3925361503163,,
"1918-04-01",,,3.55827646554018,0.414862679119058,,,,,,,,4.525,,37.5729202100286,,
"1918-05-01",,,3.60716878529865,0.387242377853768,,,,,,,,4.435,,37.8317462964352,,
"1918-06-01",,,3.67670689171218,0.457711657344109,,,,,,,,4.464,,38.5650868745874,,
"1918-07-01",,,3.63678471538477,0.480611878495325,,,,,,,,4.415,,39.6866665823494,,
"1918-08-01",,,3.8219755038836,0.601625727304371,,,,,,,,4.376,,41.7141375925346,,
"1918-09-01",,,3.81282987195145,0.747936295027873,,,,,,,,4.128,,42.9651303435,,
"1918-10-01",,,3.87903045100346,0.95598195903852,,,,,,,,4.132,,44.3455361376687,,
"1918-11-01",,,3.93134044489563,1.18937034237493,,,,,,,,4.202,,43.7416086027199,,
"1918-12-01",,,3.947335831655,1.55738156954987,,,,,,,,4.695,,43.7416086027199,,
"1919-01-01",,,3.98499275660139,1.98721339235026,,,,,,,,4.854,,45.035739034753,,
"1919-02-01",,,3.93374783893445,2.33096971349737,,,,,,,,4.902,,44.7337752672787,,
"1919-03-01",,,3.88708070217634,2.62509640161026,,,,,,,,4.92,,44.7769129483464,,
"1919-04-01",,,3.83797411298065,2.90603214473762,,,,,,,,4.831,,43.6984709216522,,
"1919-05-01",,,3.80445668068544,3.1009568273577,,,,,,,,4.902,,45.8553549750407,,
"1919-06-01",,,3.81677414630973,3.24629478466305,,,,,,,,4.233,,46.545557872125,,
"1919-07-01",,,3.91198259705863,3.37846317748386,,,,,,,,4.405,,47.7102752609548,,
"1919-08-01",,,3.90315420972107,3.4246203661733,,,,,,,,4.228,,47.4083114934805,,
"1919-09-01",,,3.98941686549046,3.45758637048061,,,,,,,,4.494,,47.494586855616,,
"1919-10-01",,,4.05152644647005,3.40450519784742,,,,,,,,4.444,,48.3142027959037,,
"1919-11-01",,,4.0200497399351,3.30176530120418,,,,,,,,4.525,,47.3220361313449,,
"1919-12-01",,,4.04122051958939,3.07649632259429,,,,,,,,4.908,,46.2435941046506,,
"1920-01-01",,,4.15788367141991,2.36448304446114,,,,,,,,4.95,,46.8043839585316,,
"1920-02-01",,,4.20733734777003,1.66458390630722,,,,,,,,5.038,,47.8828259852259,,
"1920-03-01",,,4.30079971008697,1.19526412422027,,,,,,,,5.457,,48.1847897527003,,
"1920-04-01",,,4.50411635814512,0.810829112381833,,,,,,,,5.305,,44.3455361376687,,
"1920-05-01",,,4.65112830159271,0.839020279500707,,,,,,,,5.27,,40.5062825226371,,
"1920-06-01",,,4.66027822959948,0.91566434838173,,,,,,,,5.333,,37.2709564425542,,
"1920-07-01",,,4.63914047881396,1.18644124293858,,,,,,,,5.376,,38.0905723828419,,
"1920-08-01",,,4.73190292008706,1.54212270704409,,,,,,,,5.435,,36.1925144158599,,
"1920-09-01",,,4.77790296644235,2.20124764715271,,,,,,,,5.427,,36.3219274590633,,
"1920-10-01",,,4.95836094332593,2.69044029378689,,,,,,,,5.556,,34.3375941299458,,
"1920-11-01",,,4.80556274738962,3.00976088695624,,,,,,,,5.658,,35.0709347080979,,
"1920-12-01",,,4.7645120382775,4.98014240686854,,,,,,,,5.587,,32.6552245683027,,
"1921-01-01",,,4.54322053494932,6.48947160941867,,,,,,,,5.165,,33.4748405085904,,
"1921-02-01",,,4.40556706969107,7.92585733876808,,,,,,,,5.442,,33.4748405085904,,
"1921-03-01",,,4.31902447591363,9.21655181230961,,,,,,,,5.138,,33.1297390600482,,
"1921-04-01",,,4.25507746815192,11.1263925064403,,,,,,,,5.236,,32.4826738440316,,
"1921-05-01",,,4.07908401263519,13.0727696454164,,,,,,,,5.376,,33.3454274653871,,
"1921-06-01",,,4.05478631346489,13.4533810891622,,,,,,,,5.301,,33.5179781896581,,
"1921-07-01",,,4.04922483660191,12.4139402026299,,,,,,,,5.095,,34.0356303624714,,
"1921-08-01",,,3.992474510341,11.7389242361345,,,,,,,,5.242,,34.0356303624714,,
"1921-09-01",,,3.79991920760536,11.1370190426139,,,,,,,,5.181,,33.733666594997,,
"1921-10-01",,,3.64094056369981,11.7007539077764,,,,,,,,5.118,,32.4395361629639,,
"1921-11-01",,,3.55521039415873,12.1555290556206,,,,,,,,5.115,,32.9571883357771,,
"1921-12-01",,,3.45057761914,11.8094095537091,,,,,,,,4.988,,33.5179781896581,,
"1922-01-01",,,3.4042182888947,11.0629662338527,,,,,,,,4.831,,33.9537119061237,,
"1922-02-01",,,3.39327104664527,10.9132750475331,,,,,,,,4.484,,34.4564815789686,,
"1922-03-01",,,3.37128344078625,10.4862960591444,,,,,,,,4.415,,35.495538902848,,
"1922-04-01",,,3.37338699556763,10.1825936704495,,,,,,,,4.237,,38.2440131144,,
"1922-05-01",,,3.35597313733316,9.89289339055234,,,,,,,,4.343,,38.5121569399172,,
"1922-06-01",,,3.41042648609364,9.61717438053337,,,,,,,,4.367,,38.3445670489689,,
"1922-07-01",,,3.3117669433956,9.42825224173202,,,,,,,,4.233,,39.1154805473311,,
"1922-08-01",,,3.25545135376244,9.18044134340373,,,,,,,,4.348,,39.6182502201759,,
"1922-09-01",,,3.21824747897426,8.98297853342331,,,,,,,,4.274,,40.1210198930208,,
"1922-10-01",,,3.22681359580413,9.01793709263393,,,,,,,,4.425,,40.5567536094863,,
"1922-11-01",,,3.21481937377329,8.81188255894903,,,,,,,,4.237,,40.0539839366415,,
"1922-12-01",,,3.19848889333537,8.58330944779247,,,,,,,,4.505,,39.4171423510379,,
"1923-01-01",,,3.20408896284867,8.36862824197261,,,,,,,,4.444,,39.5512142637966,,
"1923-02-01",,,3.20092048836773,8.22581499884023,,,,,,,,4.338,,40.2886097839691,,
"1923-03-01",,,3.2221664184088,8.11844765389312,,,,,,,,4.211,,40.8248974350036,,
"1923-04-01",,,3.16595034805399,7.97368679339426,,,,,,,,4.202,,41.6963648679347,,
"1923-05-01",,,3.15332279286461,8.01003053197213,,,,,,,,4.175,,41.2941491296588,,
"1923-06-01",,,3.13169533285098,8.04538754652841,,,,,,,,4.255,,41.1265592387106,,
"1923-07-01",,,3.13714121637933,8.11616962341793,,,,,,,,4.283,,39.3836243728483,,
"1923-08-01",,,3.15346211354873,8.04028515323322,,,,,,,,4.219,,38.8138187436241,,
"1923-09-01",,,3.16588035754574,7.96339726053786,,,,,,,,4.283,,39.3501063946586,,
"1923-10-01",,,3.133793194232,7.92191729860942,,,,,,,,4.301,,39.2160344819,,
"1923-11-01",,,3.15708154643719,7.69733601378194,,,,,,,,4.338,,39.2495524600897,,
"1923-12-01",,,3.18114991102526,7.39889888381883,,,,,,,,4.505,,38.8473367218138,,
"1924-01-01",,,3.23674621481632,7.50002332572596,,,,,,,,4.376,,39.1825165037104,,
"1924-02-01",,,3.22612742696519,7.24252591429007,,,,,,,,4.454,,40.3891637185381,,
"1924-03-01",,,3.20053224102608,7.06340751214528,,,,,,,,4.525,,39.9869479802622,,
"1924-04-01",,,3.18389693232782,7.03549769710882,,,,,,,,4.367,,40.0539839366415,,
"1924-05-01",,,3.15734842589284,6.94028917888599,,,,,,,,4.357,,40.1210198930208,,
"1924-06-01",,,3.15193525007075,6.85061313772711,,,,,,,,4.376,,40.1880558494001,,
"1924-07-01",,,3.14498845598984,6.94855318044633,,,,,,,,4.396,,40.3556457403484,,
"1924-08-01",,,3.14083667554881,7.05202162693552,,,,,,,,4.348,,40.7578614786243,,
"1924-09-01",,,3.18283600490833,7.12460043176362,,,,,,,,4.357,,40.4561996749174,,
"1924-10-01",,,3.2228959854261,7.20270676665037,,,,,,,,4.274,,40.8584154131933,,
"1924-11-01",,,3.22500694871359,7.17708976824554,,,,,,,,4.283,,42.2996884753485,,
"1924-12-01",,,3.23386823268446,7.30267146007534,,,,,,,,4.367,,42.5343143226762,,
"1925-01-01",,,3.23476459487527,7.25169932650152,,,,,,,,4.367,,43.2381918646589,,
"1925-02-01",,,3.24066191608073,7.57085352808895,,,,,,,,4.348,,43.3052278210383,,
"1925-03-01",,,3.23577810610721,7.67746275017917,,,,,,,,4.386,,42.6348682572451,,
"1925-04-01",,,3.22521549688063,7.68078350552419,,,,,,,,4.386,,42.5343143226762,,
"1925-05-01",,,3.21359722530288,7.7629075870497,,,,,,,,4.415,,42.0985806062106,,
"1925-06-01",,,3.20537132743305,7.99667602517404,,,,,,,,4.464,,42.065062628021,,
"1925-07-01",,,3.1890993654688,7.69016933211859,,,,,,,,4.444,,41.6293289115554,,
"1925-08-01",,,3.18313041734515,7.93591211217004,,,,,,,,4.459,,42.6013502790555,,
"1925-09-01",,,3.18234399901871,8.00556940133241,,,,,,,,4.51,,42.4337603881071,,
"1925-10-01",,,3.14903722404237,7.86273406913737,,,,,,,,4.525,,43.4057817556073,,
"1925-11-01",,,3.15079109856981,7.79875473307665,,,,,,,,4.499,,44.310767166728,,
"1925-12-01",,,3.14042251261514,7.88647762964732,,,,,,,,4.469,,44.411321101297,,
"1926-01-01",,,3.12783164161947,7.9438294073593,,,,,,,,4.474,,44.4448390794866,,
"1926-02-01",,,3.11402957160477,8.05227349905126,,,,,,,,4.515,,44.10965929759,,
"1926-03-01",,,3.1075491896204,8.0297342822848,,,,,,,,4.334,,43.3052278210383,,
"1926-04-01",,,3.11488698469394,7.80338461652156,,,,,,,,4.545,,43.13763793009,,
"1926-05-01",,,3.13814791625224,9.8131816185461,,,,,,,,4.469,,43.9085514284521,,
"1926-06-01",,,3.14846475864453,9.65264402650175,,,,,,,,4.505,,44.7800188613832,,
"1926-07-01",,,3.13415185924369,9.32471616777199,,,,,,,,4.484,,44.511875035866,,
"1926-08-01",,,3.14595907979533,9.04789600058939,,,,,,,,4.561,,45.3833424687971,,
"1926-09-01",,,3.14567153748297,8.93142671358818,,,,,,,,4.592,,45.7520402288834,,
"1926-10-01",,,3.20231838661872,8.75679347236809,,,,,,,,4.587,,45.0816806650902,,
"1926-11-01",,,3.18543593717151,8.56039875705977,,,,,,,,4.614,,45.5509323597454,,
"1926-12-01",,,3.13940938069523,8.12372143835777,,,,,,,,4.619,,45.4838964033661,,
"1927-01-01",,,3.11005050291838,7.73807815768813,,,,,,,,4.505,,46.4223997926765,,
"1927-02-01",,,3.0995304121545,7.41144622124944,,,,,,,,4.545,,46.8916514873317,,
"1927-03-01",,,3.05459930614397,7.07097029828509,,,,,,,,4.587,,46.5899896836247,,
"1927-04-01",,,3.05523278110371,6.82588436751569,,,,,,,,4.556,,47.05924137828,,
"1927-05-01",,,3.04533543327039,6.49408800145224,,,,,,,,4.566,,47.461457116556,,
"1927-06-01",,,3.07045325161771,6.29407332966406,,,,,,,,4.598,,47.4279391383662,,
"1927-07-01",,,3.03650306258977,6.2622496979282,,,,,,,,4.577,,47.5955290293145,,
"1927-08-01",,,3.01599588788106,6.28936087579445,,,,,,,,4.566,,47.8971908330215,,
"1927-09-01",,,3.01991014421355,6.33898830813462,,,,,,,,4.598,,48.332924549487,,
"1927-10-01",,,3.02380847803578,6.41113390624514,,,,,,,,4.515,,48.9362481569009,,
"1927-11-01",,,3.01067722453768,6.57863725682619,,,,,,,,4.579,,48.9027301787112,,
"1927-12-01",,,3.01561136026251,6.8050895792167,,,,,,,,4.505,,49.2379099606078,,
"1928-01-01",,,3.00326601658788,7.01766814401894,,,,,,,,4.51,,49.5730897425044,,
"1928-02-01",,,2.97695676331059,7.14117001101511,,,,,,,,4.489,,49.506053786125,,
"1928-03-01",,,3.03694293639791,7.13919057118312,,,,,,,,4.51,,50.8467729137114,,
"1928-04-01",,,3.05305820495276,7.19382611955541,,,,,,,,4.422,,51.8523122594011,,
"1928-05-01",,,3.07964574517069,7.34150176967642,,,,,,,,4.405,,52.8913695832804,,
"1928-06-01",,,3.04700836007415,7.54580587215142,,,,,,,,4.464,,51.1819526956079,,
"1928-07-01",,,3.03172239644778,7.6610728067483,,,,,,,,4.494,,50.8467729137114,,
"1928-08-01",,,3.01270072907657,7.65088623507812,,,,,,,,4.454,,51.6847223684528,,
"1928-09-01",,,3.00179518546368,7.66091351812616,,,,,,,,4.484,,52.5226718231943,,
"1928-10-01",,,2.99123239267745,7.69115083771552,,,,,,,,4.484,,53.1930313869874,,
"1928-11-01",,,2.99728639070904,7.66875761335983,,,,,,,,4.425,,53.427657234315,,
"1928-12-01",,,3.00269551676629,7.44805650137157,,,,,,,,4.444,,53.226549365177,,
"1929-01-01",,,2.97817016596385,7.46604315027733,,,,,,,,4.425,,54.7683763619013,,
"1929-02-01",,,3.0267317270026,7.5456850827264,,,,,,,,4.525,,54.2991246672462,,
"1929-03-01",,,3.00063211613117,6.99504578039129,,,,,,,,4.505,,53.9974628635392,,
"1929-04-01",,,2.99743163599833,6.90663560151211,,,,,,,,4.551,,53.4611752125047,,
"1929-05-01",,,2.98899279605891,6.8434457881081,,,,,,,,4.561,,52.7572976705218,,
"1929-06-01",,,2.97054068625769,6.76906052688814,,,,,,,,4.598,,52.9248875614701,,
"1929-07-01",,,2.99043509057393,6.71990207112942,,,,,,,,4.635,,54.2991246672461,,
"1929-08-01",,,2.98702798574612,6.91448236751506,,,,,,,,4.63,,55.1035561437979,,
"1929-09-01",,,2.99469458130183,7.06147609204308,,,,,,,,4.756,,55.4387359256946,,
"1929-10-01",,,2.99699888721114,7.30656807807962,,,,,,,,4.584,,53.8969089289702,,
"1929-11-01",,,2.99003494859964,7.64977797943242,,,,,,,,4.711,,49.2714279387974,,
"1929-12-01",,,2.9934603200494,7.98187748189696,,,,,,,,4.329,,49.3049459169871,,
"1930-01-01",,,2.97789392148335,8.44856239365509,,,,,,,,4.329,,49.1708740042284,,
"1930-02-01",,,2.93424835271881,8.94903117209654,,,,,,,,4.63,,49.0368020914698,,
"1930-03-01",,,2.91751921002656,9.77465174458424,,,,,,,,4.386,,48.7016223095732,,
"1930-04-01",,,2.89727207581047,10.1242754007814,,,,,,,,4.567,,49.5730897425043,,
"1930-05-01",,,2.87264746561325,10.5806069887501,,,,,,,,4.454,,48.1653346585387,,
"1930-06-01",,,2.85260980648326,10.8887551883636,,,,,,,,4.525,,45.4168604469867,,
"1930-07-01",,,2.87658071765251,11.3400864462201,,,,,,,,4.525,,45.9866660762109,,
"1930-08-01",,,2.85763596176309,11.6797087187296,,,,,,,,4.494,,43.9085514284521,,
"1930-09-01",,,2.82182765951047,12.1261533198968,,,,,,,,4.484,,45.1151986432798,,
"1930-10-01",,,2.81194374061724,12.6430307513303,,,,,,,,4.348,,42.5678323008658,,
"1930-11-01",,,2.7739733263276,12.9754479149539,,,,,,,,4.283,,41.9645086934519,,
"1930-12-01",,,2.75925666543973,13.669689960638,,,,,,,,4.348,,39.7188041547448,,
"1931-01-01",,,2.75633583601159,13.8517705592516,,,,,,,,4.31,,39.9534300020724,,
"1931-02-01",,,2.7463377979507,14.200330399765,,,,,,,,4.425,,39.8193580893138,,
"1931-03-01",,,2.71996682099117,14.6789763594246,,,,,,,,4.386,,39.8863940456931,,
"1931-04-01",,,2.73348363856743,14.5229688868696,,,,,,,,4.274,,37.9758692888826,,
"1931-05-01",,,2.70743234477721,14.6063405709574,,,,,,,,4.158,,34.2553737098306,,
"1931-06-01",,,2.70245519489088,15.0019431605247,,,,,,,,4.132,,34.7246254044858,,
"1931-07-01",,,2.66664343303648,15.1271164017045,,,,,,,,4.31,,35.3279490118996,,
"1931-08-01",,,2.64950933171713,15.2367935969151,,,,,,,,4.348,,32.9146545822443,,
"1931-09-01",,,2.63346322391368,15.5494885978556,,,,,,,,4.717,,29.998590479744,,
"1931-10-01",,,2.62514790005059,15.373282798178,,,,,,,,4.425,,33.719086058796,,
"1931-11-01",,,2.64985979500996,15.2544404481487,,,,,,,,4.739,,33.3168703205201,,
"1931-12-01",,,2.65162030113057,15.1565482204047,,,,,,,,4.545,,30.4008062180199,,
"1932-01-01",,,2.66289377913641,15.1888593845669,,,,,,,,4.425,,31.1046837600027,,
"1932-02-01",,,2.66816120613039,15.1805215091159,,,,,,,,4.292,,30.7359859999164,,
"1932-03-01",,,2.66946670241755,15.1315333877017,,,,,,,,4.132,,31.071165781813,,
"1932-04-01",,,2.65219482667322,15.2968136624435,,,,,,,,4.09,,28.3226915702611,,
"1932-05-01",,,2.6402188546513,15.5671082757224,,,,,,,,3.937,,30.8365399344854,,
"1932-06-01",,,2.61726440804521,15.5782420959374,,,,,,,,3.788,,26.4456847916402,,
"1932-07-01",,,2.58478844017576,15.5851319259271,,,,,,,,3.425,,28.3226915702611,,
"1932-08-01",,,2.57063934131884,15.6241907022804,,,,,,,,3.472,,31.0041298254337,,
"1932-09-01",,,2.58724164031015,15.622579120827,,,,,,,,3.401,,32.445402887589,,
"1932-10-01",,,2.56292246621379,15.3253712185247,,,,,,,,3.241,,32.2778129966407,,
"1932-11-01",,,2.55645653713613,15.3880706337406,,,,,,,,3.448,,32.445402887589,,
"1932-12-01",,,2.55888507982223,15.1915780832117,,,,,,,,3.378,,32.1102231056924,,
"1933-01-01",,,2.55422420495456,15.0636410919272,,,,,,,,3.367,,32.3113309748304,,
"1933-02-01",,,2.54197429454152,14.9673472717114,,,,,,,,3.378,,32.2107770402614,,
"1933-03-01",,,2.5384821183278,14.9391051681317,,,,,,,,3.257,,32.2442950184511,,
"1933-04-01",,,2.5216070909856,14.7239849651586,,,,,,,,3.328,,32.2778129966407,,
"1933-05-01",,,2.52342288850696,14.3583938230539,,,,,,,,3.425,,33.6520501024167,,
"1933-06-01",,,2.53362940386291,13.9151554159983,,,,,,,,3.448,,35.193877099141,,
"1933-07-01",,,2.55115949297914,13.7584303914552,,,,,,,,3.448,,37.439581637848,,
"1933-08-01",,,2.57180160945388,13.5240345248437,,,,,,,,3.39,,37.6742074851757,,
"1933-09-01",,,2.55706464093043,13.2847893962649,,,,,,,,3.378,,38.042905245262,,
"1933-10-01",,,2.53096714718852,13.1135158842132,,,,,,,,3.39,,37.0038479213825,,
"1933-11-01",,,2.55776817143485,12.8645309114025,,,,,,,,3.378,,36.0988625102618,,
"1933-12-01",,,2.56059020791126,12.6470711558389,,,,,,,,3.373,,36.3334883575894,,
"1934-01-01",,,2.55680014869617,12.4247037529296,,,,,,,,3.3001,,38.1434591798309,,
"1934-02-01",,,2.5593061170259,12.1746211219025,,,,,,,,3.185,,38.8138187436241,,
"1934-03-01",,,2.5705129705515,12.0424769906537,,,,,,,,3.096,,38.9478906563827,,
"1934-04-01",,,2.55238787696344,11.8461714656001,,,,,,,,3.16,,39.316588416469,,
"1934-05-01",,,2.569246703712,11.6949435776191,,,,,,,,3.205,,38.8473367218138,,
"1934-06-01",,,2.57959203538593,11.6980336106064,,,,,,,,3.135,,38.3780850271585,,
"1934-07-01",,,2.59746172535605,11.6733454302135,,,,,,,,3.135,,37.841797376124,,
"1934-08-01",,,2.60589208023926,11.6208701955218,,,,,,,,3.096,,37.4060636596584,,
"1934-09-01",,,2.589816223129,11.4313486881426,,,,,,,,3.063,,37.3055097250895,,
"1934-10-01",,,2.59264383448689,11.5053638590626,,,,,,,,3.021,,37.7077254633654,,
"1934-11-01",,,2.59071800228296,11.4059041057305,,,,,,,,2.809,,38.1769771580206,,
"1934-12-01",,,2.57697283955565,11.2422172020172,,,,,,,,2.717,,38.042905245262,,
"1935-01-01",,,2.57576555288687,11.3420554193353,,,,,,,2.67,2.725,,38.7803007654344,,
"1935-02-01",,,2.5771943955392,11.3285126927183,,,,,,,2.67,2.825,,38.1099412016413,,
"1935-03-01",,,2.57085061323722,11.1651698540597,,,,,,,2.67,2.905,,36.8697760086239,,
"1935-04-01",,,2.58042770134993,11.0705275984447,,,,,,,2.67,2.857,,37.3725456814688,,
"1935-05-01",,,2.59901425066829,11.0809999793499,,,,,,,2.67,2.874,,38.3445670489688,,
"1935-06-01",,,2.61012657133006,11.0144971994835,,,,,,,2.70666666666667,2.915,,38.7467827872447,,
"1935-07-01",,,2.61258065497716,10.8710149059712,,,,,,,2.74333333333333,2.924,,38.7467827872447,,
"1935-08-01",,,2.60743170657045,10.7962169810232,,,,,,,2.78,2.985,,39.3836243728483,,
"1935-09-01",,,2.63948187996544,10.7536806628951,,,,,,,2.80666666666667,3.044,,37.7747614197447,,
"1935-10-01",,,2.63897162478981,10.524896545084,,,,,,,2.83333333333333,2.994,,37.741243441555,,
"1935-11-01",,,2.64022468623372,10.4011955407872,,,,,,,2.86,2.915,,39.6517681983655,,
"1935-12-01",,,2.65717298421786,10.0912326208474,,,,,,,2.805,2.89,,40.2550918057794,,
"1936-01-01",,,2.67319643800239,10.3597612043036,,,,,,,2.75,2.915,,41.5287749769864,,
"1936-02-01",,,2.67465738694325,10.0403766294949,,,,,,,2.695,2.928,,42.4672783662968,,
"1936-03-01",,,2.66806613627999,9.82499653490069,,,,,,,2.71,2.941,,41.9645086934519,,
"1936-04-01",,,2.67195054402015,9.75002804318064,,,,,,,2.725,2.946,,42.6013502790554,,
"1936-05-01",,,2.67665555962717,9.4512882206334,,,,,,,2.74,2.967,,41.8304367806932,,
"1936-06-01",,,2.6720976888701,9.36577196281216,,,,,,,2.73833333333333,2.924,,41.9309907152623,,
"1936-07-01",,,2.67721819567322,9.12929480993177,,,,,,,2.73666666666667,2.941,,42.2661704971589,,
"1936-08-01",,,2.68946098143355,8.96034687577647,,,,,,,2.735,2.946,,43.4057817556072,,
"1936-09-01",,,2.68928045625147,8.85891425434235,,,,,,,2.72833333333333,2.941,,43.8079974938831,,
"1936-10-01",,,2.7192041531492,8.6428962265279,,,,,,,2.72166666666667,2.928,,45.5509323597453,,
"1936-11-01",,,2.72110596384788,8.42152897114423,,,,,,,2.715,2.959,,46.0537020325902,,
"1936-12-01",,,2.737532900961,8.19479626695179,,,,,,,2.815,2.959,,46.1542559671592,,
"1937-01-01",,,2.75458686044912,7.92626390771852,,,,,,,2.915,3.026,,46.4894357490558,,
"1937-02-01",,,2.77038521577287,7.75708306940685,,,,,,,3.015,3.268,,46.3218458581074,,
"1937-03-01",,,2.79561706235799,7.72365702101812,,,,,,,3.06166666666667,3.279,,45.8190761852626,,
"1937-04-01",,,2.81155112992954,7.4618035703859,,,,,,,3.10833333333333,3.247,,45.0481626869004,,
"1937-05-01",,,2.81782941446679,7.62702620211441,,,,,,,3.155,3.284,,44.3107671667279,,
"1937-06-01",,,2.83056063496087,7.38172667619326,,,,,,,3.18666666666667,3.356,,43.2717098428486,,
"1937-07-01",,,2.83865112150669,7.4906677673635,,,,,,,3.21833333333333,3.356,,43.2046738864693,,
"1937-08-01",,,2.83538948521371,7.55326540392319,,,,,,,3.25,3.356,,43.1711559082796,,
"1937-09-01",,,2.86751336098019,7.46027701658624,,,,,,,3.175,3.39,,41.3611850860381,,
"1937-10-01",,,2.88221064623643,7.64872200071086,,,,,,,3.1,3.344,,39.3501063946586,,
"1937-11-01",,,2.88225257623259,7.97294824838481,,,,,,,3.025,3.311,,38.3110490707792,,
"1937-12-01",,,2.88111130878117,8.39655911619437,,,,,,,2.985,3.373,,38.7132648090551,,
"1938-01-01",,,2.85022797463276,8.66465854987669,,,,,,,2.945,3.252,,38.5791928962965,,
"1938-02-01",,,2.84874295412768,8.92808360789564,,,,,,,2.905,3.221,,37.3725456814688,,
"1938-03-01",,,2.83963620092751,9.1504393878425,,,,,,,2.90333333333333,3.401,,35.193877099141,,
"1938-04-01",,,2.87133820831899,9.4409938800874,,,,,,,2.90166666666667,3.35,,36.467560270348,,
"1938-05-01",,,2.86018396313554,9.69050588312115,,,,,,,2.9,3.356,,35.5625748592273,,
"1938-06-01",,,2.9098197089913,9.86256267468415,,,,,,,2.92166666666667,3.367,,35.0262872081928,,
"1938-07-01",,,2.85494306069474,9.77507676019999,,,,,,,2.94333333333333,3.306,,36.6351501612963,,
"1938-08-01",,,2.85317928841495,9.61012679440163,,,,,,,2.965,3.356,,36.1994164448307,,
"1938-09-01",,,2.82226977640902,9.33128224102113,,,,,,,3.04666666666667,3.731,,34.9927692300031,,
"1938-10-01",,,2.81186213790663,8.97494104048195,,,,,,,3.12833333333333,3.478,,35.5290568810376,,
"1938-11-01",,,2.80820063328325,8.68674681581381,,,,,,,3.21,3.497,,35.8642366629342,,
"1938-12-01",,,2.80251325002448,8.28458236457395,,,,,,,3.25333333333333,3.571,,34.9927692300031,,
"1939-01-01",,,2.81903920731087,7.58632453266225,,,,,,,3.29666666666667,3.571,,34.7916613608651,,
"1939-02-01",,,2.79770581110533,7.19621540288014,,,,,,,3.34,3.571,,34.5905534917272,,
"1939-03-01",,,2.81768903618146,6.89571108767093,,,,,,,3.38166666666667,3.704,,34.3894456225892,,
"1939-04-01",,,2.81922138837317,6.57552175197914,,,,,,,3.42333333333333,3.781,,33.5179781896581,,
"1939-05-01",,,2.82122710473669,6.12635998161455,,,,,,,3.465,3.571,,34.3559276443996,,
"1939-06-01",,,2.84682238967356,5.65744403028974,,,,,,,3.515,3.731,,34.1548197752617,,
"1939-07-01",,,2.83763195852769,5.27799456257623,,,,,,,3.565,3.788,,33.819639993365,,
"1939-08-01",,,2.8367179797807,4.95156581461451,,,,,,,3.615,4,,33.5850141460374,,
"1939-09-01",,,3.0166883532642,4.75096605090069,,,,,,,3.57833333333333,4.032,,32.1102231056925,,
"1939-10-01",,,3.05966604718037,4.60333709958453,,,,,,,3.54166666666667,3.676,,33.4174242550891,,
"1939-11-01",,,3.13080969378596,4.36298876643776,,,,,,,3.505,3.663,,33.8866759497443,,
"1939-12-01",,,3.15275649476404,4.17557091878947,,,,,,,3.34,3.663,,33.7861220151754,,
"1940-01-01",,,3.18756506502867,4.2595702305664,,,,,,,3.175,3.378,,33.7861220151754,,
"1940-02-01",,,3.25191821491971,4.34772942729343,,,,,,,3.01,3.356,,34.3894456225892,,
"1940-03-01",,,3.30751690481272,3.63885632788421,,,,,,,3.04166666666667,3.454,,34.7581433826754,,
"1940-04-01",,,3.29583768535245,3.33470582979304,,,,,,,3.07333333333333,3.425,,34.5235175353479,,
"1940-05-01",,,3.32892020925073,3.07109345428299,,,,,,,3.105,3.401,,32.6129927785373,,
"1940-06-01",,,3.33185651494314,2.73875577976189,,,,,,,3.08666666666667,3.472,,28.9595331558646,,
"1940-07-01",,,3.44442346303357,2.77468810969627,,,,,,,3.06833333333333,3.436,,28.3226915702611,,
"1940-08-01",,,3.40795549524735,2.59620449678004,,,,,,,3.05,3.39,,29.2611949595715,,
"1940-09-01",,,3.43605904505165,2.53104980263621,,,,,,,3.01,3.381,,29.5293387850888,,
"1940-10-01",,,3.45694886790579,2.39712855696716,,,,,,,2.97,3.333,,30.4008062180199,,
"1940-11-01",,,3.50115337697593,2.23084913024228,,,,,,,2.93,3.342,,31.3057916291407,,
"1940-12-01",,,3.55809415695458,1.95936885409602,,,,,,,2.86166666666667,3.247,,31.3393096073303,,
"1941-01-01",,,3.59275352216754,1.80118331586249,,,,,,,2.79333333333333,3.226,,32.0096691711235,,
"1941-02-01",,,3.61599580785464,1.57445107217429,,,,,,,2.725,3.236,,31.4733815200889,,
"1941-03-01",,,3.63268715647416,1.35200008088484,,,,,,,2.72833333333333,3.205,,31.2052376945717,,
"1941-04-01",,,3.66302623416658,1.27949333667766,,,,,,,2.73166666666667,3.236,,31.1046837600028,,
"1941-05-01",,,3.68992257906075,1.17483957449311,,,,,,,2.735,3.18,,31.4063455637096,,
"1941-06-01",,,3.68413855859832,1.00161698190639,,,,,,,2.72666666666667,3.067,,31.5404174764683,,
"1941-07-01",,,3.65915543432634,0.905490407164021,,,,,,,2.71833333333333,3.058,,32.3448489530201,,
"1941-08-01",,,3.66071529966129,0.813622062878752,,,,,,,2.71,3.067,,32.9146545822443,,
"1941-09-01",,,3.65959611858141,0.689591986459989,,,,,,,2.70166666666667,3.03,,33.5179781896581,,
"1941-10-01",,,3.64900068774098,0.642649665823094,,,,,,,2.69333333333333,3.03,,33.3503882987098,,
"1941-11-01",,,3.65725940216314,0.563541952054253,,,,,,,2.685,3.035,,33.920193927934,,
"1941-12-01",,,3.67309931670651,0.561519563621077,,,,,,,2.70166666666667,3.021,,33.3839062768995,,
"1942-01-01",,,3.66792782583269,0.527330581810359,,,,,,,2.71833333333333,3.017,,33.920193927934,,
"1942-02-01",,,3.66992559354377,0.565108319060715,,,,,,,2.735,2.994,,32.5794748003477,,
"1942-03-01",,,3.6821220062359,0.492766928704784,,,,,,,2.715,3.005,,32.3783669312098,,
"1942-04-01",,,3.67772576575686,0.455975316885567,,,,,,,2.695,3.021,,32.3448489530201,,
"1942-05-01",,,3.68318728694712,0.45473342943325,,,,,,,2.675,3.021,,32.5794748003477,,
"1942-06-01",,,3.66696961891925,0.452623877965101,,,,,,,2.65,3.03,,32.8811366040546,,
"1942-07-01",,,3.67058671516753,0.449646357264621,,,,,,,2.625,3.021,,32.9146545822443,,
"1942-08-01",,,3.69202922626223,0.409383227832234,,,,,,,2.6,3.012,,33.1827984077616,,
"1942-09-01",,,3.68010134202424,0.404668350633266,,,,,,,2.55666666666667,3.03,,33.7526040369857,,
"1942-10-01",,,3.67276242050131,0.362666626099397,,,,,,,2.51333333333333,3.03,,34.9592512518134,,
"1942-11-01",,,3.6657146885883,0.392628872353157,,,,,,,2.47,3.067,,35.8642366629342,,
"1942-12-01",,,3.66087740730708,0.312468111957525,,,,,,,2.56166666666667,3.03,,35.7301647501756,,
"1943-01-01",,,3.65306978690176,0.340686537129766,,,,,,,2.65333333333333,3.026,,36.7692220740549,,
"1943-02-01",,,3.65197361536174,0.334149761794834,,,,,,,2.745,3.035,,36.668668139486,,
"1943-03-01",,,3.6603303800371,0.329274048894224,,,,,,,2.755,3.04,,36.8697760086239,,
"1943-04-01",,,3.65422767773038,0.326058692994561,,,,,,,2.765,3.067,,37.3390277032792,,
"1943-05-01",,,3.66063834526923,0.324503228888104,,,,,,,2.775,3.086,,37.6071715287964,,
"1943-06-01",,,3.64903258894457,0.324607431525446,,,,,,,2.74833333333333,3.106,,37.5401355724171,,
"1943-07-01",,,3.66492874219041,0.32637131598295,,,,,,,2.72166666666667,3.11,,38.2104951362103,,
"1943-08-01",,,3.64928980537772,0.293377928762356,,,,,,,2.695,3.155,,38.3445670489689,,
"1943-09-01",,,3.6452690509365,0.298462182638006,,,,,,,2.70166666666667,3.155,,38.6127108744862,,
"1943-10-01",,,3.65802565014022,0.305207604513061,,,,,,,2.70833333333333,3.13,,38.5121569399171,,
"1943-11-01",,,3.65436679181025,0.313615170336236,,,,,,,2.715,3.125,,37.942351310693,,
"1943-12-01",,,3.64807854660583,0.323686096540424,,,,,,,2.72333333333333,3.145,,38.042905245262,,
"1944-01-01",,,3.65453731752186,0.335421840218699,,,,,,,2.73166666666667,3.135,,38.4451209835379,,
"1944-02-01",,,3.67310180168574,0.34110716339426,,,,,,,2.74,3.145,,38.7803007654345,,
"1944-03-01",,,3.6757586528469,0.34074288863743,,,,,,,2.74,3.165,,38.8473367218138,,
"1944-04-01",,,3.68656984912203,0.334328963243798,,,,,,,2.74,3.165,,38.8808547000034,,
"1944-05-01",,,3.67668693379707,0.321864459226596,,,,,,,2.74,3.145,,39.2495524600896,,
"1944-06-01",,,3.6848848891011,0.339764781885013,,,,,,,2.71166666666667,3.165,,39.8193580893138,,
"1944-07-01",,,3.67814400852813,0.315192834732963,,,,,,,2.68333333333333,3.145,,40.288609783969,,
"1944-08-01",,,3.70124114991546,0.284562271326928,,,,,,,2.655,3.145,,40.4226816967277,,
"1944-09-01",,,3.72066411445827,0.247868659941283,,,,,,,2.65,3.165,,39.6182502201759,,
"1944-10-01",,,3.69709529775041,0.205106691629678,,,,,,,2.645,3.125,,39.7523221329345,,
"1944-11-01",,,3.69524870700795,0.156270179456917,,,,,,,2.64,3.049,,40.1880558494001,,
"1944-12-01",,,3.69013391508342,0.137769266306399,,,,,,,2.64833333333333,3.067,,40.1880558494001,,
"1945-01-01",,,3.71161955670623,0.0767615890474959,,,,,,,2.65666666666667,3.03,,40.590271587676,,
"1945-02-01",,,3.71029527745695,0.0365576635117643,,,,,,,2.665,3.012,,40.4226816967277,,
"1945-03-01",,,3.71073486302151,0.0171516728696325,,,,,,,2.62,3.012,,40.6573075440553,,
"1945-04-01",,,3.71870834130087,0.0185408094017365,,,,,,,2.595,2.976,,41.0595232823312,,
"1945-05-01",,,3.73024156295184,0.0407252740926904,,,,,,,2.615,3.012,,41.3947030642278,,
"1945-06-01",,,3.75663892425259,0.120125485362742,,,,,,,2.635,3.003,,41.3947030642278,,
"1945-07-01",,,3.78531586612644,0.256747662127012,,,,,,,2.64,2.829,,41.7969188025037,,
"1945-08-01",,,3.75707705603062,0.414183824695265,,,,,,,2.65,2.82,,40.7578614786243,,
"1945-09-01",,,3.73996655839146,0.6652806309175,,,,,,,2.645,2.82,,41.0595232823312,,
"1945-10-01",,,3.7366906824872,0.900801708334321,,,,,,,2.625,2.699,,41.5622929551761,,
"1945-11-01",,,3.73510855297261,1.12076532600449,,,,,,,2.65,2.756,,41.9309907152623,,
"1945-12-01",,,3.7292633602141,1.2523583536353,,,,,,,2.69,2.732,,42.0315446498313,,
"1946-01-01",,,3.7295424704241,1.40485672558044,,,,,2,,2.625,2.71,,42.4672783662969,,
"1946-02-01",,,3.72812376832801,1.63917830910985,,,,,2,,2.525,2.7,,42.3332064535382,,
"1946-03-01",,,3.72831308364404,1.80967763388101,,,,,2,,2.45,2.67,,41.8304367806933,,
"1946-04-01",,,3.7346529095217,2.02562572542118,,,,,2,,2.285,2.6,,42.4672783662969,,
"1946-05-01",,,3.74579121531896,2.17778639480063,,,,,2,,2.275,2.5,,43.5398536683659,,
"1946-06-01",,,3.73561430346952,2.37542274529711,,,,,2,,2.385,2.57,,44.3778031231073,,
"1946-07-01",,,3.74853636068114,2.36362183481512,,,,,2,,2.375,2.58,,44.2772491885384,,
"1946-08-01",,,3.76136995561329,2.36089047713308,,,,,2,,2.345,2.59,,43.5398536683659,,
"1946-09-01",,,3.7389566260994,2.29439385966447,,,,,2,,2.28,2.56,,42.2326525189692,,
"1946-10-01",,,3.73919773491796,2.16412763042643,,,,,2,,2.14,2.54,,41.4952569987967,,
"1946-11-01",,,3.73806496158988,2.04291789741013,,,,,2,,2.01,2.53,,42.5007963444865,,
"1946-12-01",,,3.74867768683324,1.82150076646046,,,,,2,,1.98,2.54,,43.6404076029348,,
"1947-01-01",,,3.74711365066352,1.64552884393202,,,,,2,,1.95,2.54,,44.0091053630211,,
"1947-02-01",,,3.72651288106909,4.25709636287719,,,,,2,,1.975,2.58,,43.13763793009,,
"1947-03-01",,,3.74631881515432,2.19065821735065,,,,,2,,2.135,2.64,,43.5398536683659,,
"1947-04-01",,,3.73227501878741,1.52787380555441,,,,,2,,2.21,2.63,,43.1041199519003,,
"1947-05-01",,,3.72404881410546,1.32188411079055,,,,,2,,2.175,2.62,,43.6739255811246,,
"1947-06-01",,,3.73397494750631,1.28134273602794,,,,,2,,2.255,2.68,,43.5063356901762,,
"1947-07-01",,,3.74045287761427,1.22415777210092,,,,,2,,2.55,2.78,,43.8079974938832,,
"1947-08-01",,,3.7293631944552,1.18674342296835,,,,,2,,2.72,2.99,,41.1265592387105,,
"1947-09-01",,,3.76377865233326,1.13268233565827,,,,,2,,2.735,2.99,,39.5512142637966,,
"1947-10-01",,,3.79008766015361,1.20764606116502,,,,,2,,2.685,2.9,,39.8528760675035,,
"1947-11-01",,,3.86902838988428,1.19313692430367,,,,,2,,2.675,2.87,,40.2550918057794,,
"1947-12-01",,,3.87369779328752,1.27124940727091,,,,,2,,2.835,3.01,,41.2941491296588,,
"1948-01-01",978.487777069604,3.35871204348581,3.88161160695066,1.36916039421972,,,,,2,,2.795,3.08,,41.8974727370726,,
"1948-02-01",934.084122545508,3.21056710117365,3.95944214348969,1.45530758898089,,,,,2,,2.665,3.15,,40.6237895658656,,
"1948-03-01",913.460694345111,3.13529470347113,3.97144126892055,1.49328624689716,,,,,2,,2.635,3.22,,40.2550918057794,,
"1948-04-01",942.145724955764,3.22046500696465,4.0289184725637,1.62877596660529,,,,,2,,2.64,3.28,,41.5958109333657,,
"1948-05-01",948.839723154364,3.23694241725858,4.01776934376844,1.71611697845989,,,,,2,,2.61,3.25,,42.2996884753485,,
"1948-06-01",969.385060650133,3.30753351437139,4.09407347656149,1.82815106768106,,,,,2,,2.53,3.27,,41.8974727370726,,
"1948-07-01",947.330423462547,3.23966414722849,4.01250374896736,1.74638065358437,,,,,2,,2.51,3.28,,40.791379456814,,
"1948-08-01",956.670549228344,3.2568370398131,4.03296733370788,1.76214738185804,,,,,2,,2.51,3.26,,40.6908255222449,,
"1948-09-01",964.363246892481,3.27451812439721,4.0468587988849,1.72978469887127,,,,,2,,2.485,3.22,,40.5232356312967,,
"1948-10-01",972.122686112496,3.28437870149361,4.04417857684412,1.68571039994811,,,,,2,,2.36,3.18,,40.4226816967277,,
"1948-11-01",982.060927126189,3.30468749912189,4.06426506942227,1.66634058593938,,,,,2,,2.25,3.16,,40.8584154131933,,
"1948-12-01",981.620220908393,3.30743272766971,4.07070794584613,1.59883803695471,,,,,2,,2.265,3.14,,40.7578614786242,,
"1949-01-01",973.897632200704,3.28883737787912,4.05933750030016,1.5560326728751,,,,,2,,2.265,3.12,,40.8584154131933,,
"1949-02-01",975.191786738753,3.29007107372138,4.06295825496001,1.52176536519591,,,,,2,,2.25,3,,40.8919333913829,,
"1949-03-01",980.689389410378,3.29489887843666,4.06090398466882,1.49603115601598,,,,,2,,2.25,3.11,,39.5847322419863,,
"1949-04-01",993.324355307457,3.31301427885047,4.06572411985662,1.47882632202952,,,,,2,,2.225,3.1,,39.4171423510379,,
"1949-05-01",1015.48695171412,3.36998165541908,4.13556500206,1.4701483739874,,,,,2,,2.225,3.08,,39.5847322419863,,
"1949-06-01",1021.52308147957,3.36645793169537,4.14426464987514,1.46999605633696,,,,,2,,2.45,3.21,,38.042905245262,,
"1949-07-01",1012.72925858767,3.33580905044816,4.13294694106807,1.47836934704043,,,,,2,,2.74,3.36,,37.4730996160378,,
"1949-08-01",1039.87544401261,3.40383314828898,4.23340135173465,1.49526945757165,,,,,2,,2.81,3.48,,37.4730996160378,,
"1949-09-01",1042.93848228511,3.40152978069031,4.22957692848202,1.52069883309143,,,,,2,,2.705,3.45,,38.2104951362102,,
"1949-10-01",1053.44238421502,3.40399735891477,4.21823904136443,1.59107836150387,,,,,2,,2.71,3.56,,39.3501063946586,,
"1949-11-01",1060.39198113085,3.41321100844804,4.2323373036331,1.63357853917833,,,,,2,,2.695,3.62,,38.5791928962964,,
"1949-12-01",1077.13042415271,3.45800330995214,4.3088248647812,1.64820551517332,,,,,2,,2.68,3.51,,39.1825165037103,,
"1950-01-01",1065.49555475852,3.4159153789228,4.29168559061303,1.70780109212615,,,,,2,,2.705,3.59,,39.3836243728482,,
"1950-02-01",1069.29004924871,3.418569452231,4.3015914627508,1.75808469041883,,,,,2,,2.685,3.56,,39.2160344819,,
"1950-03-01",1081.81684986603,3.43030552673653,4.29365454278553,1.79906358523949,,,,,2,,2.705,3.62,,39.4171423510379,,
"1950-04-01",1106.77981014663,3.47620042312863,4.30038427030697,1.83074370554267,,,,,2,,2.63,3.62,,39.7523221329345,,
"1950-05-01",1108.72101288315,3.478479555851,4.29492085913438,1.85312963490717,,,,,2,,2.565,3.61,,39.9199120238827,,
"1950-06-01",1096.61800135349,3.45177602502016,4.29594820941393,1.90264182090178,,,,,2,,2.615,3.55,,40.5567536094863,,
"1950-07-01",1062.74981378336,3.3846898237448,4.28975830106499,1.90644774074358,,,,,2,,2.67,3.61,,39.5847322419863,,
"1950-08-01",1040.48582976064,3.35618320833526,4.3156027153488,1.90096515378751,,,,,2,,2.64,3.55,,39.6852861765552,,
"1950-09-01",1022.55427523726,3.31618886818294,4.30850056213662,1.88619326679577,,,,,2,,2.58,3.48,,40.7243435004346,,
"1950-10-01",1033.37557554604,3.34444977345737,4.36873318668198,1.82571273382302,,,,,2,,2.54,3.4,,41.2606311514692,,
"1950-11-01",1048.27096969235,3.37473495641017,4.38637785164678,1.75593728201487,,,,,2,,2.555,3.44,,41.6083330993748,,
"1950-12-01",1082.95799396171,3.42890738418729,4.38999995387705,1.71327929369907,,,,,2,,2.575,3.52,,40.7390782296106,,
"1951-01-01",1145.48832427483,3.55684340441538,4.44675759902129,1.62489817957941,,,,,2,,2.815,3.53,,42.0429605342568,,
"1951-02-01",1166.8261536043,3.59385894728928,4.46362187601963,1.58403075003245,,,,,2,,3.055,3.64,,43.5206938128557,,
"1951-03-01",1168.19096410047,3.608948955265,4.52560541188124,1.51783667482563,,,,,2,,3.085,3.67,,41.6373082617002,,
"1951-04-01",1123.93592676508,3.52205023411086,4.53286677186787,1.46272885445142,,,,,2,,3.125,3.73,,45.0563774161057,,
"1951-05-01",1144.08421352505,3.60203674879617,4.69132768953599,1.41870458469374,,,,,2,,3.21,3.81,,46.5341106947046,,
"1951-06-01",1158.56239641325,3.60057624534159,4.68146150781974,1.42217997364179,,,,,2,,3.31,3.84,,46.4761603700537,,
"1951-07-01",1212.95551573221,3.71558857973837,4.75856986955413,1.47315552412571,,,,,2,,3.29,3.8,,43.6076192998321,,
"1951-08-01",1245.74927015179,3.76370101406436,4.78726094566997,1.49879892508673,,,,,2,,3.22,3.81,,44.7086754682,,
"1951-09-01",1266.50134930639,3.81986374741027,4.86141298693907,1.57194830409738,,,,,2,,3.23,3.33,,46.3023093961009,,
"1951-10-01",1265.85229836308,3.82773073151402,4.90891467016037,1.65619176698025,,,,,2,,3.3,3.81,,46.5051355323792,,
"1951-11-01",1253.051959026,3.81720734222698,4.92817359252022,1.75153623338725,,,,,2.5,,3.48,3.95,,42.7673395923936,,
"1951-12-01",1243.51765825106,3.80526553739574,4.94043293055075,1.85799022909815,,,,,2.5,,3.765,4.05,,41.7242337486766,,
"1952-01-01",1269.36013459157,3.89040184443671,5.07081682239906,1.97556388725413,,,,,2.5,,3.855,4.09,,39.0022048673122,,
"1952-02-01",1276.89366928977,3.89629397402894,5.10023395756179,2.08288036704419,,,,,2.5,,3.835,4.12,,38.3521681195236,,
"1952-03-01",1265.92020912842,3.85302246216881,5.06784958262735,2.25278434380155,,,,,4,,3.935,4.21,,37.0520946239465,,
"1952-04-01",1283.77065261118,3.90467630875465,5.15728512948658,2.37603296679011,,,,,4,,3.95,4.15,,38.7990683836282,,
"1952-05-01",1281.19803732769,3.90064473175158,5.16677333192233,2.45263353009465,,,,,4,,4.035,4.27,,36.1989213924741,,
"1952-06-01",1315.83400201333,4.00105617283821,5.29949269817807,2.51900905627105,,,,,4,,4.27,4.42,,35.0207297871073,,
"1952-07-01",1297.14411400964,3.94579470757482,5.22495744955628,2.53874667107972,,,,,4,,4.245,4.43,,37.2552311076304,,
"1952-08-01",1309.33178150612,3.97277278549736,5.26134816520008,2.51184923022044,,,,,4,,3.955,4.3,,38.8803229771018,,
"1952-09-01",1318.48428753948,3.96350381061357,5.25689725081202,2.47473531974555,,,,,4,,3.81,4.19,,38.8803229771018,,
"1952-10-01",1325.9895533259,3.9835392674434,5.29819963477335,2.42740483885406,,,,,4,,3.83,4.27,,39.1240867575224,,
"1952-11-01",1338.31317193461,3.98943470055704,5.31128808804282,2.36985620857966,,,,,4,,3.81,4.16,,39.0428321640488,,
"1952-12-01",1353.70813341957,4.00634721480196,5.33002847481747,2.3385035802648,,,,,4,,3.83,4.21,,39.6116143183638,,
"1953-01-01",1358.69427242528,3.99443891492674,5.30386142332518,2.26050800030811,,,,,4,,3.77,4.26,,40.5460421433099,,
"1953-02-01",1382.04127580827,4.02398700688099,5.3429428779671,2.18575817967841,,,,,4,,3.67,4.25,,41.642979155203,,
"1953-03-01",1394.37333826259,4.03876682468842,5.37701789754515,2.15066578099622,,,,,4,,3.635,4.17,,42.0086248258341,,
"1953-04-01",1401.72205491398,4.02686638814254,5.38897281283797,2.08239130957848,,,,,4,,3.575,4.16,,40.9929424074145,,
"1953-05-01",1401.87137421434,4.01987818932266,5.40813103447777,2.05376457362202,,,,,4,,3.52,4.12,,39.4897324281536,,
"1953-06-01",1405.32981931504,4.03306052578113,5.45328667050147,2.02836422261868,,,,,4,,3.525,4.08,,39.977259988995,,
"1953-07-01",1400.31697336377,4.01785112382386,5.46155364310132,1.96976937286371,,,,,4,,3.495,4.13,,41.1554515943616,,
"1953-08-01",1386.68897648487,3.97566147195347,5.41994568332331,1.95081123303187,,,,,4,,3.41,4.12,,42.4555250899387,,
"1953-09-01",1399.82586588196,3.97880037179135,5.41799711876516,1.93506985149767,,,,,3.5,,3.36,4,,43.5524621018319,,
"1953-10-01",1395.79918033761,3.95983152937284,5.3751732672337,1.92254295074885,,,,,3.5,,3.34,3.93,,44.6087718169883,,
"1953-11-01",1430.36973677154,4.03280887855963,5.45804081486498,1.91322871835425,,,,,3.5,,3.355,3.88,,45.6650815321446,,
"1953-12-01",1413.98209271462,3.98791342595987,5.40282875946085,1.90712580670163,,,,,3.5,,3.395,3.89,,45.9494726093021,,
"1954-01-01",1416.0901397499,3.96382211651979,5.38135638739408,1.86781612410009,,,,,3.5,,3.395,3.9,,47.5745644787734,,
"1954-02-01",1422.89773520497,3.99029399355623,5.42853316324695,1.9000711724797,,,,,3.5,,3.37,3.91,,48.955892567824,,
"1954-03-01",1425.47536577738,3.99953975179656,5.45450947917529,1.85822151483579,,,,,3.5,,3.38,3.89,,49.0371471612976,,
"1954-04-01",1426.12968466934,3.99796224848903,5.46738330351072,1.81510078258982,,,,,3.5,,3.38,3.8,,51.0685119981368,,
"1954-05-01",1434.75478352526,4.00156811696317,5.4885092942753,1.80712521455765,,,,,3,,3.265,3.72,,53.3842679121335,,
"1954-06-01",1427.36714952026,3.95794802349336,5.45236367130496,1.72504203070142,,,,,3,,3.135,3.78,,54.0749319566588,,
"1954-07-01",1478.3854937686,4.07303156699544,5.62111380674615,1.75093593639361,,,,,3,,3.1,3.69,,55.537514639183,,
"1954-08-01",1475.15153324453,4.04194356389559,5.57755310068036,1.73913657427953,,,,,3,,3.08,3.66,,58.6658164879153,,
"1954-09-01",1496.22789366859,4.06709013558452,5.57847472970551,1.7260594458932,,,,,3,,3.065,3.66,,60.0065172802291,,
"1954-10-01",1533.29445004293,4.13880692623451,5.61362382428425,1.7117026591948,,,,,3,,3.05,3.66,,62.9723099420144,,
"1954-11-01",1561.38142951631,4.17150143336443,5.60539072802301,1.69606413699958,,,,,3,,3.065,3.64,,62.2410186007523,,
"1954-12-01",1596.59750882526,4.22272469716764,5.62821186490234,1.64272440797471,,,,,3,,3.11,3.76,,61.7941183366477,,
"1955-01-01",1641.58906738464,4.29886314203185,5.6899864409684,1.62451544112221,,,,,3.5,,3.135,3.83,,65.0443020755904,,
"1955-02-01",1639.90516383388,4.29075581696933,5.66879522657171,1.60865955657528,,,,,4.5,,3.315,3.98,,60.2909083573867,,
"1955-03-01",1640.23839460228,4.29786401817085,5.68948815765741,1.5587372515524,,,,,4.5,,3.55,3.99,,59.5189897193878,,
"1955-04-01",1627.17421780117,4.27976259715365,5.70076288659997,1.58399819820177,,,,,4.5,,3.78,3.98,,60.9003178084385,,
"1955-05-01",1617.91479749727,4.27802966695726,5.72515203537094,1.53877194759024,,,,,4.5,,4.05,4.11,,63.7442285800133,,
"1955-06-01",1630.65487530474,4.29748569368232,5.76580301166231,1.53230885130582,,,,,4.5,,4.17,4.15,,67.4006852863238,,
"1955-07-01",1648.89237888301,4.30879228979191,5.78604774734277,1.52819076554498,,,,,4.5,,4.325,4.18,,68.2538585177963,,
"1955-08-01",1651.18261712484,4.30870816552248,5.81185717143187,1.52641709449019,,,,,4.5,,4.7,4.34,,63.5410920963294,,
"1955-09-01",1671.65358140434,4.34313074248814,5.8984518420208,1.52698758152118,,,,,4.5,,4.835,4.48,,62.3629004909627,,
"1955-10-01",1644.39553081767,4.31241190468573,5.92548162147555,1.52990230917781,,,,,4.5,,4.59,4.3,,60.1690264671763,,
"1955-11-01",1650.09581615861,4.3377794040482,5.989257197658,1.53516169917197,,,,,4.5,,4.57,4.38,,61.1440815888591,,
"1955-12-01",1658.50865302251,4.35453143234393,6.00802025758248,1.50634930374607,,,,,4.5,,4.715,4.39,,62.7691734583305,,
"1956-01-01",1679.77528517351,4.37440348065418,5.99545102127505,1.55271784929598,,,,,4.5,,4.83,4.53,,59.7627534998085,,
"1956-02-01",1689.07410087602,4.38010184217888,5.9863721652094,1.56237627939147,,,,,5.5,,4.895,4.61,,56.675078947813,,
"1956-03-01",1717.15061395009,4.45157650820657,6.0821379364596,1.57174320014693,,,,,5.5,,4.98,4.65,,56.4313151673922,,
"1956-04-01",1729.56954920793,4.50001097306175,6.16967475475789,1.58081996679775,,,,,5.5,,4.975,4.61,,61.5097272594902,,
"1956-05-01",1717.34948882768,4.45786308993535,6.11849922449327,1.58960789259888,,,,,5.5,,5.005,4.66,,59.0720894552832,,
"1956-06-01",1708.0809619644,4.44138860308573,6.08097706618567,1.59810824901488,,,,,5.5,,5.245,4.74,,58.8283256748625,,
"1956-07-01",1729.3871231115,4.49271736481205,6.10787849912286,1.67915668330904,,,,,5.5,,5.375,4.79,,58.8283256748625,,
"1956-08-01",1742.77392103418,4.54002816440453,6.12468808268007,1.72350275780326,,,,,5.5,,5.29,4.8,,59.8033807965453,,
"1956-09-01",1762.83895585438,4.59130597886706,6.13909235249771,1.69473041096803,,,,,5.5,,5.23,4.86,,59.2752259389671,,
"1956-10-01",1786.31467612415,4.65304949398614,6.16060421253569,1.7020923749936,,,,,5.5,,5.195,4.79,,58.2595435205475,,
"1956-11-01",1794.15393459539,4.63819461847525,6.1425235090775,1.67275529762676,,,,,5.5,,5.26,4.93,,54.2374411436059,,
"1956-12-01",1787.53138927919,4.59666266111465,6.15000541081556,1.75238903805334,,,,,5.5,,5.27,4.9,,57.1219792119176,,
"1957-01-01",1791.52921735759,4.56299653873404,6.22379963437777,1.79532574521035,,,,,5.5,,4.89,4.6,,60.981572401912,,0.357142999357143
"1957-02-01",1804.00530587957,4.57394001055617,6.29778380081351,1.80481705118671,,,,,5,,4.67,4.58,,61.4284726660167,,0.357142999357143
"1957-03-01",1784.46547676177,4.5263339411282,6.24224877167914,1.8172815379168,,,,,5,,4.83,4.63,,61.7128637431741,,0.357142999357143
"1957-04-01",1804.628467926,4.57248023522589,6.24838808835872,1.8327210088015,,,,,5,,5.005,4.68,,65.3286931527478,,0.357142999357143
"1957-05-01",1816.25093187166,4.62466052908486,6.27844701771759,1.85113769767171,,,,,5,,5.215,4.83,,65.7349661201157,,0.357142999357143
"1957-06-01",1840.12060020199,4.67588709093545,6.31831763646015,1.83611706040895,,,,,5,,5.405,4.94,,66.5881393515882,,0.357142999357143
"1957-07-01",1845.69911161682,4.70883743273039,6.3509577704819,1.86049661014117,,,,,5,,5.27,5.06,,66.8319031320088,,0.357142999357143
"1957-08-01",1876.92121475627,4.78854086140106,6.43561894075681,1.88786266547525,,,,,5,,5.225,5.09,,64.9630474821168,,0.357142999357143
"1957-09-01",1855.3796736252,4.76120148976118,6.37971977298659,1.91821918581757,,,,,7,,5.505,5.32,,58.9502075650728,,0.357142999357143
"1957-10-01",1871.23337655982,4.79487556795408,6.39303040229184,1.95157056324435,,,,,7,,5.715,5.44,,55.4156327489726,,0.357142999357143
"1957-11-01",1897.44366611771,4.85294224850154,6.45700388553854,2.02433883183967,,,,,7,,5.785,5.48,,56.106296793498,,0.357142999357143
"1957-12-01",1916.32295732225,4.84266134456929,6.45066171215494,2.10011204228589,,,,,7,,5.805,5.41,,55.2124962652888,,0.357142999357143
"1958-01-01",1933.6088003812,4.82668792111729,6.4559404071396,2.14247868002972,,,,,7,,5.73,5.27,,54.0530338437177,,0.357142999357143
"1958-02-01",1934.8753339409,4.80820310325809,6.44738458536895,2.21881908521268,,,,,7,,5.63,5.18,,51.2371965341879,,0.357142999357143
"1958-03-01",1931.51586567791,4.83061039371062,6.48181101324116,2.32913903404758,,,,,6,,5.585,5.13,,54.6051588063706,,0.357142999357143
"1958-04-01",1924.59814656315,4.89817697469273,6.56467279696542,2.40060953265307,,,,,6,,5.485,4.96,,57.1449336345738,,0.357142999357143
"1958-05-01",1891.14661001908,4.8571583404094,6.51245632181529,2.50607007005383,,,,,5.5,,5.395,5.03,,57.5314211084308,,0.357142999357143
"1958-06-01",1908.25524341814,4.88768911631007,6.55357484259129,2.57269094929369,,,,,5,,5.39,4.97,,60.4024709142259,,0.357142999357143
"1958-07-01",1921.67082578654,4.85115197204307,6.51139876391584,2.60047654033409,,,,,5,,5.36,4.95,,60.5128959067565,,0.357142999357143
"1958-08-01",1941.69523226812,4.84935512603476,6.50828292068472,2.6622652806863,,,,,4.5,,5.37,4.89,,64.0464956677349,,0.357142999357143
"1958-09-01",1960.63394194599,4.87754999438642,6.53937446690491,2.72164363248024,,,,,4.5,,5.365,4.87,,66.1997830220811,,0.357142999357143
"1958-10-01",1962.57948762669,4.89627388514872,6.55436601466334,2.74219770910324,,,,,4.5,,5.32,4.77,,68.3530703764274,,0.357142999357143
"1958-11-01",1952.69462155498,4.87218411565459,6.53971781468222,2.72393048438335,,,,,4,,5.335,4.89,,69.0156203316109,,0.357142999357143
"1958-12-01",1956.72589081636,4.88508128588869,6.59813573361092,2.73967900172211,,,,,4,,5.315,4.89,,73.5430450253646,,0.357142999357143
"1959-01-01",1944.89967816834,4.84515875446714,6.61393698065634,2.75302833096165,,,,,4,,5.13,4.73,,72.1627326187324,,0.357142999357143
"1959-02-01",1944.82690450868,4.83081929215514,6.5953925669207,2.76199219863282,,,,,4,,5.01,4.72,,73.9847449954869,,0.357142999357143
"1959-03-01",1995.27341732217,4.9222365344507,6.64400326187628,2.73015469295344,,,,,4,,5.07,4.82,,74.4264449656092,,0.357142999357143
"1959-04-01",2022.20882062572,4.96650857801218,6.56872615216666,2.73035089393441,,,,,4,,5.095,4.83,,77.7944072377918,,0.357142999357143
"1959-05-01",2030.66072517677,4.95932013906726,6.50662311847081,2.72616362126011,,,,,4,,5.18,4.87,,80.2789695697298,,0.357142999357143
"1959-06-01",2026.13045419649,4.91490372625647,6.47469050713131,2.68117506040029,,,,,4,,5.25,4.83,,80.4446070585257,,0.357142999357143
"1959-07-01",2020.61239687122,4.86302999542285,6.50920041233827,2.66821838863007,,,,,4,,5.18,4.74,,79.0090821556282,,0.357142999357143
"1959-08-01",2041.09523608208,4.88153065111702,6.58343512763316,2.65087452263512,,,,,4,,5.16,4.76,,85.8002191962586,,0.357142999357143
"1959-09-01",2041.29236704511,4.84425769686388,6.53679176395053,2.59272374434815,,,,,4,,5.245,4.85,,84.0334193157695,,0.357142999357143
"1959-10-01",2077.04353063014,4.89868889232065,6.55919286895703,2.53018011799096,,,,,4,,5.145,4.93,,96.2905934866635,,0.357142999357143
"1959-11-01",2106.1098704758,4.90548206093293,6.55051455005583,2.46323986351182,,,,,4,,4.97,4.83,,98.6647308260709,,0.357142999357143
"1959-12-01",2137.84659889447,4.93088117639385,6.59714448788492,2.39189856474109,,,,,4,,5.075,4.99,,105.455867866702,,0.357142999357143
"1960-01-01",2131.54000733545,4.85288944302578,6.54079791491258,2.31615116875229,,,,,5,,5.26,5.188,,104.903742904049,,0.357142999357143
"1960-02-01",2148.42135070858,4.87897414792809,6.58697915207717,2.27991797891727,,,,,5,,5.365,5.263,,102.695243053437,,0.357142999357143
"1960-03-01",2145.03864195381,4.8811363055251,6.57123592805654,2.24677654420235,,,,,5,,5.495,5.3,,103.523430497416,,0.357142999357143
"1960-04-01",2148.8182687448,4.92208335106488,6.57298103258919,2.21672206960118,,,,,5,,5.63,5.371,,97.7813308858263,,0.357142999357143
"1960-05-01",2154.68128560929,4.94402124798395,6.57552729524472,2.1533329980359,,,,,5,,5.68,5.371,,101.314930646805,,0.357142999357143
"1960-06-01",2180.50044564563,4.98741102727814,6.63090329685628,2.12943984453826,,,,,6,,5.865,5.675,,98.5543058335404,,0.357142999357143
"1960-07-01",2199.06716789212,4.98968176357595,6.659181021825,2.10862194346957,,,,,6,,6.025,5.658,,98.7199433223362,,0.357142999357143
"1960-08-01",2178.57159521974,4.91765221286822,6.57936151113986,2.05445907412829,,,,,6,,6.02,5.525,,104.07555546007,,0.357142999357143
"1960-09-01",2200.36123688673,4.94083379969414,6.60672465627027,2.07620029512452,,,,,6,,6.065,5.517,,103.026518031029,,0.357142999357143
"1960-10-01",2217.56151273095,4.98148492717539,6.64419914401221,2.02817464828017,,,,,5.5,,6.1,5.458,,104.40683043766,,0.357142999357143
"1960-11-01",2250.3375893544,5.05030059959758,6.7179245260341,2.0196320801579,,,,,5.5,,6.12,5.471,,99.2168557887238,,0.357142999357143
"1960-12-01",2246.10089791387,5.02917093778198,6.67753984677193,2.05057135479223,,,,,5,,6.155,5.696,,100.486743202825,,0.357142999357143
"1961-01-01",2282.05687912291,5.06216416388582,6.70509753261048,2.04815726221341,,,,,5,,6.16,5.813,,105.12459288911,,0.357142999357143
"1961-02-01",2305.18018325866,5.07956281548951,6.737833366548,2.01207095905295,,,,,5,,6.075,5.821,,109.652017582864,,0.357142999357143
"1961-03-01",2293.76293761842,5.04832899538636,6.73411502230735,2.01514691059243,,,,,5,,6.03,5.95,,114.345079765413,,0.357142999357143
"1961-04-01",2274.66606340477,4.99924816883119,6.73158414553086,1.984551144465,,,,,5,,6.045,5.908,,116.829642097351,,0.357142999357143
"1961-05-01",2299.23986157102,5.0491630151153,6.79879309782035,1.9931189203403,,,,,5,,6.06,6.079,,115.338904698188,,0.357142999357143
"1961-06-01",2307.09407502407,5.07959340983314,6.78588755310647,2.00443426912834,,,,,5,,6.215,6.463,,106.06320532562,,0.357142999357143
"1961-07-01",2352.40743354767,5.18136821963544,6.80639545842169,2.05491603667172,,,,,7,,6.45,6.588,,103.13694302356,,0.357142999357143
"1961-08-01",2388.70069548051,5.27803211858227,6.88933850109758,2.07173184046961,,,,,7,,6.625,6.621,,99.1064307961932,,0.357142999357143
"1961-09-01",2377.89187097178,5.2707249750728,6.90858031476672,2.1277185308902,,,,,7,,6.685,6.533,,97.6709058932957,,0.357142999357143
"1961-10-01",2334.09928514337,5.17513942280332,6.88392247934081,2.1500445219021,,,,,6.5,,6.395,6.358,,95.241556057623,,0.357142999357143
"1961-11-01",2349.09985584604,5.19497493770575,6.96545668571936,2.17513025240202,,,,,6,,6.16,6.533,,96.4562309754593,,0.357142999357143
"1961-12-01",2353.80085901123,5.20648023165495,6.99748034800962,2.20297935187185,,,,,6,,6.23,6.567,,97.9469683746222,,0.357142999357143
"1962-01-01",2378.1988372075,5.24653771363573,7.02513706910456,2.27001305830888,,,,,6,,6.225,6.533,,98.1678183596834,,0.357142999357143
"1962-02-01",2360.50002673226,5.20748360548592,6.9703242519016,2.30217651913444,,,,,6,,6.235,6.258,,99.1064307961932,,0.357142999357143
"1962-03-01",2393.30113605886,5.26405786156985,7.05355991329499,2.3723088052637,,,,,5,,6.27,6.229,,96.56665596799,,0.357142999357143
"1962-04-01",2415.6977847854,5.29654346264314,7.12319317875479,2.40758037729424,,,,,4.5,,6.275,6.104,,101.094080661744,,0.357142999357143
"1962-05-01",2441.45700877488,5.32829923365015,7.17665279807881,2.51724796453506,,,,,4.5,,6.28,6.15,,97.1582878436178,,0.357142999357143
"1962-06-01",2449.84520643923,5.32899965962832,7.17655303209744,2.55564806131396,,,,,4.5,,6.235,6.171,,89.191197656224,,0.357142999357143
"1962-07-01",2465.65358788433,5.3527718510374,7.19196026517906,2.66845505828722,,,,,4.5,,6,5.958,,88.1205413723661,,0.357142999357143
"1962-08-01",2449.10817387401,5.31348711093739,7.11568318536673,2.67358869529968,,,,,4.5,,5.715,5.704,,92.8907423741558,,0.357142999357143
"1962-09-01",2466.23823824103,5.35446289729864,7.13015507023641,2.75314102757042,,,,,4.5,,5.255,5.525,,90.4629161530131,,0.357142999357143
"1962-10-01",2483.99302154257,5.38914107760173,7.12423743438914,2.83428387861875,,,,,4.5,,4.97,5.842,,92.0161217479056,,0.357142999357143
"1962-11-01",2474.91996532661,5.39152786780831,7.13209583948265,2.88060651078777,,,,,4.5,,5.11,5.671,,95.690533689221,,0.357142999357143
"1962-12-01",2456.08701313176,5.36859938569271,7.16154442222716,2.96495004358581,,,,,4.5,,5.155,5.604,,95.454285589027,,0.357142999357143
"1963-01-01",2425.61600007379,5.30118244418892,7.18736248532877,3.2329902459535,,,,,4,,5.185,5.74,,94.9918424992855,,0.357142999357143
"1963-02-01",2452.805792082,5.33180839502325,7.28653440759279,3.41881596615402,,,,,4,,5.33,5.92,,96.2082688875185,,0.357142999357143
"1963-03-01",2486.5782078442,5.333903041675,7.29637113544009,3.26751255329298,,,,,4,,5.44,5.81,,98.1887316848896,,0.357142999357143
"1963-04-01",2547.90322237937,5.35257633332635,7.27621004557559,3.14325654812335,,,,,4,,5.37,5.63,,99.0633523111397,,0.357142999357143
"1963-05-01",2584.68173569158,5.35835029258353,7.24387438165833,3.19171988353053,,,,,4,,5.17,5.4,,99.5358485115278,,0.357142999357143
"1963-06-01",2617.41504192857,5.39410558702062,7.2529517837062,3.15798384146774,,,,,4,,5.04,5.39,,98.6109623320448,,0.357142999357143
"1963-07-01",2618.06826971736,5.43088821011941,7.26757784256882,3.1148832272597,,,,,4,,4.98,5.43,,99.6062202860536,,0.357142999357143
"1963-08-01",2600.50588220601,5.38572318537249,7.18695975951453,3.06241707393041,,,,,4,,4.83,5.37,,102.551781705494,,0.357142999357143
"1963-09-01",2650.42584807765,5.46452095044603,7.27550507812577,3.037000268171,,,,,4,,4.82,5.43,,104.069801413123,,0.357142999357143
"1963-10-01",2687.85753368024,5.47264092382829,7.28364025872359,2.96579471519344,,,,,4,,4.77,5.41,,105.668246005925,,0.357142999357143
"1963-11-01",2703.81072226983,5.47250007092718,7.29750933666498,2.84879538171137,,,,,4,,4.98,5.7,,106.784141287693,,0.357142999357143
"1963-12-01",2723.33174404871,5.47246733131826,7.32499235519081,2.75883029521188,,,,,4,,5.08,5.83,,108.432851433728,,0.357142999357143
"1964-01-01",2702.49681083181,5.45448693800897,7.34781461895321,2.6958917082207,,,,,4,,5.23,5.86,,106.090476653081,,0.357142999357143
"1964-02-01",2715.06474355396,5.45441689705952,7.37142165191803,2.56619190177656,,,,,5,,5.31,6.06,,102.612100369373,,0.357142999357143
"1964-03-01",2724.43844561298,5.45476198564407,7.37756935285706,2.51539148322759,,,,,5,,5.42,5.9,,105.426971350408,,0.357142999357143
"1964-04-01",2784.35955888099,5.50663400767467,7.42731904221551,2.47064868520535,,,,,5,,5.42,6.04,,106.794194398339,,0.357142999357143
"1964-05-01",2816.39124091238,5.55342938724414,7.47235490051164,2.43195703418201,,,,,5,,5.44,6.05,,105.316387133296,,0.357142999357143
"1964-06-01",2832.24920020596,5.57729608848634,7.48660047874708,2.3993109321286,,,,,5,,5.51,6.07,,103.908951642779,,0.357142999357143
"1964-07-01",2837.11525872824,5.60275880047894,7.5021386676683,2.37270565570507,,,,,5,,5.63,6.06,,107.819611684288,,0.357142999357143
"1964-08-01",2879.50135729091,5.66408574197819,7.57016474343104,2.35213735557689,,,,,5,,5.68,6.08,,108.875188302176,,0.357142999357143
"1964-09-01",2901.38338398073,5.67493966904532,7.58261724784148,2.30118584715555,,,,,5,,5.69,6.04,,109.41805627709,,0.357142999357143
"1964-10-01",2925.19350692336,5.67966952563564,7.59583667785323,2.25626623627573,,,,,5,,5.77,6.05,,106.693663291874,,0.357142999357143
"1964-11-01",2954.81402225048,5.70747266782629,7.61648869455401,2.21737729278331,,,,,7,,5.86,6.19,,101.727426632476,,0.357142999357143
"1964-12-01",2973.99247082568,5.75520204248502,7.64235312029229,2.22093586776257,,,,,7,,6.26,6.32,,97.9474570293723,,0.357142999357143
"1965-01-01",3001.63583784108,5.81734719364518,7.66364246710564,2.23052526737667,,,,,7,,6.43,6.27,,99.5257954008812,,0.357142999357143
"1965-02-01",3013.56879735467,5.85383064024093,7.69153242471962,2.23939035971888,,,,,7,,6.33,6.3,,101.647001747304,,0.357142999357143
"1965-03-01",3003.79536480494,5.83833809208915,7.6920966981653,2.28394963612106,,,,,7,,6.4,6.4,,97.9474570293723,,0.357142999357143
"1965-04-01",3031.58533338258,5.8859294507413,7.81183466863346,2.25495264849525,,,,,7,,6.56,6.48,,98.7215465491569,,0.357142999357143
"1965-05-01",3010.37225356768,5.84021550113076,7.78049738925189,2.26165209652997,,,,,7,,6.6,6.69,,100.641690682649,,0.357142999357143
"1965-06-01",3020.04241304971,5.85628008970882,7.79568927773409,2.26763174081971,,,,,6,,6.69,6.68,,96.6908181985531,,0.357142999357143
"1965-07-01",3059.54762715207,5.90276060962368,7.81602776567729,2.2728924465181,,,,,6,,6.77,6.66,,94.0267438772163,,0.357142999357143
"1965-08-01",3100.70095785647,5.97318415316331,7.88000711148535,2.27743497476047,,,,,6,,6.8,6.45,,95.6855071338977,,0.357142999357143
"1965-09-01",3122.75141499182,5.99853649602381,7.89812248889441,2.281259982774,,,,,6,,6.55,6.25,,97.7564479270877,,0.357142999357143
"1965-10-01",3132.37373117495,6.00655339808517,7.90628262715462,2.24795081527023,,,,,6,,6.46,6.26,,103.054437237822,,0.357142999357143
"1965-11-01",3153.13180530682,6.03341958214586,7.93250157158204,2.25034233933542,,,,,6,,6.47,6.3,,105.547608678167,,0.357142999357143
"1965-12-01",3178.49446351744,6.06652046669234,7.96076198893153,2.25201769228017,,,,,6,,6.54,6.46,,104.069801413123,,0.357142999357143
"1966-01-01",3186.55358417782,6.09372382796007,7.97672612188537,2.25297711649978,,,,,6,,6.56,6.43,,105.678299116572,,0.357142999357143
"1966-02-01",3208.29903527572,6.12916011291361,8.00990180813823,2.22334154552053,,,,,6,,6.52,6.58,,108.80481652765,,0.357142999357143
"1966-03-01",3211.14738054665,6.12538880487317,8.00044244231059,2.2359463779361,,,,,6,,6.69,6.73,,106.291538866012,,0.357142999357143
"1966-04-01",3232.63691802941,6.154053710352,8.03956227611369,2.29079343745304,,,,,6,,6.78,6.74,,105.426971350408,,0.357142999357143
"1966-05-01",3259.85942866429,6.19521297629154,8.09169612563339,2.31505097315459,,,,,6,,6.82,6.71,,108.493170097607,,0.357142999357143
"1966-06-01",3279.50365330715,6.20851385032205,8.10498737328814,2.3451397033994,,,,,6,,6.96,6.89,,110.03129602653,,0.357142999357143
"1966-07-01",3297.15826336518,6.23470436006792,8.13231657791745,2.38106398151898,,,,,7,,7.34,7.13,,105.366652686529,,0.357142999357143
"1966-08-01",3327.08129298989,6.29008773270369,8.19320548687243,2.42282900515013,,,,,7,,7.49,7.24,,94.0971156517422,,0.357142999357143
"1966-09-01",3331.76044364382,6.31911658647813,8.21729733544392,2.54327523439214,,,,,7,,7,7.03,,93.0113797019144,,0.357142999357143
"1966-10-01",3332.27589908005,6.33117141363341,8.21562907082583,2.70599234916813,,,,,7,,6.92,6.85,,92.076440411785,,0.357142999357143
"1966-11-01",3373.8176924428,6.41780524824049,8.32553958613472,2.91098808503206,,,,,7,,6.86,6.83,,90.3573584912243,,0.357142999357143
"1966-12-01",3353.90640847598,6.36857464249013,8.27867504488765,3.01260219077506,,,,,7,,6.63,6.65,,92.9711672593282,,0.357142999357143
"1967-01-01",3360.04637294457,6.35000938301936,8.28688871393906,3.08367851669307,,,,,6.5,,6.57,6.55,,96.308799993984,,0.357142999357143
"1967-02-01",3371.85250852785,6.31609395003218,8.24764339181088,3.14856399020737,,,,,6.5,,6.4,6.41,,95.7357726871305,,0.357142999357143
"1967-03-01",3426.10111852798,6.38090532505358,8.3081906924877,3.24368520785359,,,,,6,,6.43,6.41,,96.9421459647169,,0.357142999357143
"1967-04-01",3445.84742148628,6.3852562015106,8.2657279101532,3.29621624570604,,,,,6,,6.37,6.37,,102.129551058339,,0.357142999357143
"1967-05-01",3458.83306149452,6.39596974943406,8.24745354351257,3.34258191282198,,,,,5.5,,6.42,6.6,,104.150226298296,,0.357142999357143
"1967-06-01",3508.31951701902,6.47784127197134,8.33529829767505,3.41920612623359,,,,,5.5,,6.64,6.83,,104.582510056098,,0.357142999357143
"1967-07-01",3501.06670872913,6.44349721492864,8.29033933935749,3.4532602858108,,,,,5.5,,6.81,6.86,,107.05557527515,,0.357142999357143
"1967-08-01",3490.99392944605,6.42738764118873,8.27695463212314,3.48116652731839,,,,,5.5,,6.71,6.8,,108.070939450452,,0.357142999357143
"1967-09-01",3490.93936182389,6.43787730432186,8.30563198896832,3.50292888831859,,,,,5.5,,6.74,6.87,,113.248291433427,,0.357142999357143
"1967-10-01",3497.04865831355,6.46801423381413,8.36761757240812,3.48213330875521,,,,,6,,6.9,6.91,,119.239945378773,,0.357142999357143
"1967-11-01",3527.3798747512,6.48326910141241,8.40387044759542,3.49161646621951,,,,,8,,7.1,7.09,,124.779209345024,,0.357142999
"1967-12-01",3594.57146693454,6.50638300082053,8.44302227719123,3.49496252406179,,,,,8,,7.31,7.06,,122.828905879593,,0.416666999416667
"1968-01-01",3645.75939402258,6.50172614962348,8.44121328416387,3.49217196640013,,,,,8,,7.3,7.18,,124.356978697869,,0.416666999416667
"1968-02-01",3711.31650125661,6.53457522193553,8.48451426152313,3.52571589014463,,,,,8,,7.27,7.19,,127.684558321878,,0.416666999416667
"1968-03-01",3739.92410472047,6.57284974793128,8.53362934212232,3.48634225347171,,,,,7.5,,7.3,7.18,,130.650225962611,,0.416666999416667
"1968-04-01",3696.17114071583,6.59986629773808,8.568441046905,3.51971946344644,,,,,7.5,,7.27,7.24,,145.03622729783,,0.416666999416667
"1968-05-01",3760.03868541271,6.65999914881936,8.64003582116951,3.51659545412457,,,,,7.5,,7.36,7.36,,149.942145293348,,0.416666999416667
"1968-06-01",3773.79017387022,6.66774224130504,8.64435036176549,3.51338698221726,,,,,7.5,,7.61,7.75,,152.9982909299,,0.416666999416667
"1968-07-01",3816.15803666562,6.70241228667923,8.68099171907196,3.51009358351275,,,,,7.5,,7.69,7.47,,161.030726336496,,0.416666999416667
"1968-08-01",3871.6767442837,6.71098055715121,8.67463887521378,3.47029757280926,,,,,7.5,,7.55,7.45,,164.710164833135,,0.416666999416667
"1968-09-01",3898.16521905013,6.75462802312962,8.70597578290385,3.46683287865631,,,,,7,,7.5,7.45,,167.645673141929,,0.416666999416667
"1968-10-01",3903.22440204812,6.81776120534059,8.75389179925778,3.46328179106855,,,,,7,,7.52,7.43,,162.679436482531,,0.416666999416667
"1968-11-01",3959.3662518011,6.86869147441129,8.79475652076007,3.45964379626353,,,,,7,,7.73,7.76,,164.84085527154,,0.416666999416667
"1968-12-01",4019.40934615047,6.91540030206918,8.84003777873481,3.45591836788479,,,,,7,,8.01,8.05,,169.495445500895,,0.416666999416667
"1969-01-01",4031.23327321934,6.9753310678797,8.91221387031709,3.45210496692571,,,,,7,,8.26,8.39,,177.638465124603,,0.416666999416667
"1969-02-01",4042.17965740411,7.00249061565949,8.95395202652262,3.45054359719006,,,,,8,,8.4,8.45,,172.189679154171,,0.416666999416667
"1969-03-01",4012.58706937507,7.02089649067683,8.99651338183991,3.48765124147657,,,,,8,,8.66,8.69,,164.398518403092,,0.416666999416667
"1969-04-01",4063.83549615697,7.02310091427786,9.02860032050802,3.45417637357187,,,,,8,,8.65,8.94,,162.015931179859,,0.416666999416667
"1969-05-01",4053.69581491509,7.02286849190066,9.03014933756434,3.45937104529077,,,,,8,,8.97,9.45,,152.958078487314,,0.416666999416667
"1969-06-01",4149.46868892802,7.10690344953901,9.10973151260486,3.46681879951203,,,,,8,,9.29,9.25,,141.959975439984,,0.416666999416667
"1969-07-01",4171.87668342512,7.1215794954756,9.07387871222355,3.47652071379998,,,,,8,,8.98,8.94,,137.214907214811,,0.416666999416667
"1969-08-01",4139.53356915661,7.1442979799206,9.06937759826403,3.52489540056049,,,,,8,,9.02,9.4,,137.033951223173,,0.416666999416667
"1969-09-01",4229.58974741897,7.24406543259744,9.18472967847528,3.50269296373112,,,,,8,,9.06,9.12,,139.909140868087,,0.416666999416667
"1969-10-01",4176.30855614561,7.26471939407989,9.21991587085611,3.55558429475978,,,,,8,,8.84,8.68,,137.637137861966,,0.416666999416667
"1969-11-01",4307.08354414576,7.31171929351635,9.26122883846719,3.57432015106624,,,,,8,,8.92,9.1,,138.944042246018,,0.416666999416667
"1969-12-01",4383.60789970917,7.38970345255621,9.3133160648262,3.5953204521153,,,,,8,,8.91,8.88,,143.065817611105,,0.416666999416667
"1970-01-01",4287.1605059747,7.51244494392929,9.3867904431282,3.61858823629615,,,,,8,,8.89,8.83,,151.047987464469,,0.416666999416667
"1970-02-01",4413.6590846794,7.57590164493321,9.42320958984156,3.64033810122796,,,,,8,,8.68,8.41,,147.087061869727,,0.416666999416667
"1970-03-01",4519.18040934493,7.61876123172383,9.46332943694643,3.69699040245171,,,,,7.5,,8.54,8.54,,143.598632475372,,0.416666999416667
"1970-04-01",4583.84728318535,7.69100145355662,9.56670551103888,3.71571365023867,,,,,7,,8.55,9.15,,140.321318404596,,0.416666999416667
"1970-05-01",4572.96925695641,7.69630884217366,9.57183098984073,3.73292776222942,,,,,7,,8.8,9.53,,125.151174438946,,0.416666999416667
"1970-06-01",4646.18345985791,7.77060023135235,9.65581996455176,3.74863522901546,,,,,7,,8.85,9.42,,122.507206338903,,0.416666999416667
"1970-07-01",4710.68029172481,7.82359110135244,9.7019479565854,3.79925553190475,,,,,7,,8.5,9.08,,126.448025712352,,0.416666999416667
"1970-08-01",4761.3740449593,7.90205639535221,9.77492739126884,3.7755390997376,,,,,7,,8.33,9.31,,130.127464208991,,0.416666999416667
"1970-09-01",4780.94566331454,7.96153016496015,9.81831865725607,3.82315660491236,,,,,7,,8.43,9.33,,133.032813185845,,0.416666999416667
"1970-10-01",4930.97787182523,8.06606810864139,9.92224909837543,3.7964408331126,,,,,7,,8.42,9.64,,141.73880700576,,0.416666999416667
"1970-11-01",4871.60584548397,8.11031690773705,9.96046502773004,3.80464481408027,,,,,7,,8.69,9.91,,133.414831390414,,0.416666999416667
"1970-12-01",4962.41628269129,8.14252824747687,10.0182695709672,3.84776973479297,,,,,7,,8.93,9.65,,134.319611348603,,0.416666999416667
"1971-01-01",5064.25959591487,8.23934409796536,10.1789598938354,3.8165649396357,,,,,7,,8.8,9.64,,137.426022538389,,0.416666999416667
"1971-02-01",4963.73926980155,8.23931046563884,10.2030575225682,3.8,,,,,7,,8.59,9.18,,136.239755482095,,0.416666999416667
"1971-03-01",4958.0011342827,8.32073507745942,10.32971845002,3.9,,,,,7,,8.34,9,,135.84768416688,,0.416666999416667
"1971-04-01",5096.99389123218,8.3701313403431,10.4194035590832,4,,,,,6,,8.21,9.16,,147.479133184942,,0.416666999416667
"1971-05-01",5180.38131516933,8.397831075413,10.4968629441212,4.1,,,,,6,,8.09,9.4,,164.408571513739,,0.416666999416667
"1971-06-01",5219.6247935989,8.42385389339271,10.588058156811,4.1,,,,,6,,8.14,9.33,,165.232926586756,,0.416666999416667
"1971-07-01",5280.25258808297,8.46735126044257,10.719290767901,4.2,,,,,6,,8.5,9.33,,176.974959821931,,0.416666999416667
"1971-08-01",5364.32877045604,8.51021184421697,10.7930866012418,4.2,,,,,6,,8.03,9.14,,180.282433224647,,0.411015207731613
"1971-09-01",5348.41864146187,8.58186833922286,10.8463165247517,4.3,,,,,5,,7.82,8.64,,185.90212207607,,0.404907478805081
"1971-10-01",5336.87023034734,8.60582576685992,10.7821832950223,4.4,,,,,5,,7.65,8.72,,181.689868715164,,0.401445202890986
"1971-11-01",5439.85702242215,8.72478049336111,10.8929807047511,4.4,,,,,5,,7.24,8.48,,177.497721575551,,0.401123144966355
"1971-12-01",5617.27274722962,8.76412101628041,10.9591667105732,4.5,,,,,5,,7.32,8.47,,188.656674393226,,0.395882818842392
"1972-01-01",5610.50813065095,8.72442850106736,10.9698919329099,4.5,,,,,5,,7.03,8.28,,199.333077899866,,0.388802488487093
"1972-02-01",5226.75640573961,8.79346436979706,11.064302499059,4.5,,,,,5,,7.05,8.37,,206.08876825435,,0.38402457772044
"1972-03-01",5761.73546360904,8.8529593252621,11.1247835733301,4.5,,,,,5,,7.39,8.77,,215.528639151464,,0.381533765883836
"1972-04-01",5753.7842075952,8.9039671303725,11.1178163844597,4.5,,,,,5,,7.44,8.68,,223.862667877457,,0.383141762598905
"1972-05-01",5802.47339848027,8.97449407405015,11.1837113502674,4.4,,,,,5,,7.85,9.22,,225.3404751425,,0.382848392183326
"1972-06-01",5831.74239392364,9.03481507756164,11.2828937884762,4.4,,,,,6,,8.95,9.39,,212.733874391722,,0.388198757914673
"1972-07-01",5780.39981464436,9.02600831521059,11.3400916633702,4.3,,,,,6,,8.9,9.5,,217.197455518792,,0.409332787723837
"1972-08-01",5924.22155932081,9.14850940974271,11.5024537497813,4.3,,,,,6,,9.05,9.48,,224.918244495345,,0.40816326547272
"1972-09-01",6054.37862603512,9.23759885625816,11.5582975581894,4.2,,,,,6,,9.29,9.52,,210.592561824006,,0.409668168951114
"1972-10-01",6159.78548950606,9.4042354850421,11.6469370934375,4.2,,,,,7.5,,9.1,9.66,,207.25492908935,,0.417362270624943
"1972-11-01",6273.69059093007,9.55694388510987,11.7481196646583,4.2,,,,,7.5,,9.09,9.66,,215.357736270473,,0.425170068207981
"1972-12-01",6398.52391956505,9.66078039677414,11.8198015481787,4.1,,,,,9,,9.36,9.85,,222.565816604051,,0.426439232591232
"1973-01-01",6677.42755904575,9.68842639409883,11.8398445683147,4,,,,,8.75,,9.17,9.77,,211.597872888661,,0.424448217497644
"1973-02-01",6654.96547978379,9.70863642983162,11.9219693122564,3.9,,,,,8.75,,9.33,9.9,,193.904398150727,,0.412201154333141
"1973-03-01",6713.60696116855,9.64854597755758,12.0021983907016,3.8,,,,,8.5,,9.78,10.25,,188.475718401588,,0.403714170530365
"1973-04-01",6580.04583208499,9.55985142625865,12.1309006243342,3.8,,,,,8.25,,9.66,10.28,,191.994307127882,,0.402738622796109
"1973-05-01",6574.6627701657,9.57190810399366,12.2578216464812,3.7,,,,,7.75,,9.74,10.36,,189.893207002752,,0.395100750847531
"1973-06-01",6719.29139774885,9.61001160954737,12.2835759380654,3.7,,,,,7.5,,9.88,10.47,,196.266879152667,,0.388198757914673
"1973-07-01",6799.82592982978,9.84390876283246,12.4272890315197,3.6,,,,,11.5,,10.43,11.2,,185.218510552105,,0.393391030839257
"1973-08-01",6866.5589999644,10.0053846475916,12.5242179188171,3.6,,,,,11.5,,11.22,11.38,,179.628981032621,,0.403714170530365
"1973-09-01",6891.61507020659,10.1632532976491,12.6616171645649,3.5,,,,,11.5,,11.48,11.48,,177.427349801026,,0.413052457832735
"1973-10-01",7062.45799723163,10.3628125440682,12.9045123808697,3.5,,,,,11.25,,11.29,11.32,,185.067713892406,,0.411861614667159
"1973-11-01",7063.67810356558,10.4094737411243,12.9994310888589,3.4,,,,,13,,12.08,12.25,,176.019914310508,,0.418410042016071
"1973-12-01",7188.86389920198,10.461482905909,13.1540500653422,3.4,,,,,13,,12.64,12.26,,145.739945043088,,0.431220353786641
"1974-01-01",6875.24606930495,10.4983379494638,13.3332995286915,3.5,,,,,12.75,,13,13.1,,145.870635481494,,0.449640287971961
"1974-02-01",7029.24828902254,10.6307621349493,13.565715878404,3.6,,,,,12.5,,13.46,13.59,,142.995445836579,,0.439580999
"1974-03-01",7227.50564167134,10.7200644345887,13.6667090283379,3.6,,,,,12.5,,13.51,14.8,,131.263465712051,,0.427678999
"1974-04-01",7524.38734526199,11.0480195954342,13.9984713944015,3.6,,,,,12,,13.82,14.75,,126.669194146576,,0.418811999
"1974-05-01",7505.92966915982,11.2026338575274,14.1098648533026,3.6,,,,,11.75,,13.33,13.82,,127.322646338602,,0.414330999
"1974-06-01",7620.68298557627,11.4098476590028,14.2914993006674,3.6,,,,,11.75,,13.81,15.6,,112.313352143297,,0.418460999
"1974-07-01",7793.20435737465,11.594049723411,14.4491800052632,3.7,,,,,11.75,,14.17,15.19,,106.422229304417,,0.418683999
"1974-08-01",8011.29503152127,11.7360164780512,14.5612480864601,3.7,,,,,11.75,,14.52,15.78,,93.0113797019144,,0.426282999
"1974-09-01",8091.50061110318,11.9652292453157,14.7789499531605,3.7,,,,,11.5,,14.17,15.13,,84.1746954435938,,0.431782999
"1974-10-01",8151.03906013116,12.2183601147482,15.0272181517315,3.7,,,,,11.5,,14.61,16.44,,79.3894147758342,,0.428764999
"1974-11-01",8382.42109959889,12.4834565869204,15.2748114955645,3.7,,,,,11.5,,15.76,16.83,,72.7443086384623,,0.429592999
"1974-12-01",8460.53984026903,12.7703882834999,15.51057292905,3.8,,,,,11.5,,16.32,17.05,,65.6066000794092,,0.429464999
"1975-01-01",8816.12689179101,13.1410695934956,15.8461944653904,3.9,,,,,11,,15.07,15.23,,78.132775945015,,0.423323999
"1975-02-01",8961.93509602271,13.3768397655696,16.070860352835,4,,,,,10.5,,13.33,14.73,,112.956751224677,,0.417793999
"1975-03-01",9035.9380121872,13.6697354198201,16.4280930484177,4.1,,,,,10,,12.24,14.07,,125.1411213283,,0.413654999
"1975-04-01",9121.37592379972,13.9137702522266,16.8012225229843,4.2,,,,,9.75,,12.42,15.19,,131.826439908258,,0.421935999
"1975-05-01",9354.79908739075,14.3693238441433,17.4431736552586,4.3,,,,,10,,13.11,14.84,,144.613996650674,,0.430693999
"1975-06-01",9652.82498881007,14.565001676906,17.7717567534026,4.5,,,,,10,,12.99,14.58,,144.523518654855,,0.438200999
"1975-07-01",9662.27699185381,14.7246562644854,18.029439798992,4.6,,,,,11,,12.75,13.92,,134.259292684724,,0.457729999
"1975-08-01",9648.93265924077,14.8864876320681,18.23190190465,4.7,,,,,11,,12.77,14,,129.775605336361,,0.472966999
"1975-09-01",9948.79034890615,15.0944070500076,18.4573758294644,4.8,,,,,11,,12.76,14.26,,143.669004249898,,0.479374999
"1975-10-01",10161.6600015018,15.3165619780427,18.6380331562524,4.9,,,,,12,,13.51,14.89,,148.393966253779,,0.486429999
"1975-11-01",10316.6323541993,15.5678248306637,18.8868716709186,5,,,,,11.75,,13.66,14.72,,157.421659614384,,0.487729999
"1975-12-01",10411.7076442965,15.7896391036782,19.1315706793055,5.1,,,,,11.25,,13.57,14.78,,155.09939105503,,0.494657999
"1976-01-01",10621.8376774759,15.9095368052786,19.3005708193183,5.2,,,,,10.5,,12.64,13.12,,167.565248256756,,0.493105999
"1976-02-01",10890.7756306046,16.091078043497,19.5284929979547,5.3,,,,,9.5,,12.13,13.53,,168.681143538524,,0.493382999
"1976-03-01",10936.3866919196,16.2222106992636,19.6547383886309,5.3,,,,,9,,12.55,13.95,,166.610202745334,,0.514246999
"1976-04-01",11016.3143984251,16.4137020704724,19.8363302723711,5.4,,,,,10.5,,12.47,13.85,,167.323973601239,,0.541184999
"1976-05-01",11241.1745318865,16.5554699736266,20.0096198656399,5.4,,,,,11.5,,12.37,14.1,,168.610771763998,,0.552548999
"1976-06-01",11064.5110696879,16.6206740208264,20.0895606018549,5.4,,,,,11.5,,13.45,13.95,,156.989375856582,,0.567204999
"1976-07-01",11257.0510942471,16.6517514860728,20.2013806425773,5.4,,,,,11.5,,13.56,14.14,,158.537554896151,,0.559819999
"1976-08-01",11488.0438789174,16.9610792784458,20.6368523187714,5.5,,,,,11.5,,13.67,14.3,,151.661227213908,,0.560949999
"1976-09-01",11804.9050268352,17.1714239416583,20.9421705190897,5.5,,,,,13,,14.18,14.56,,142.834596066234,,0.578110999
"1976-10-01",12147.9141631949,17.4471533567928,21.3122995342109,5.5,,,,,15,,15.67,15.69,,125.221546213472,,0.609932999
"1976-11-01",12237.8994966946,17.6091434516685,21.5605562184233,5.5,,,,,14.75,,15.46,15.05,,129.876136442827,,0.611267999
"1976-12-01",12292.1863401115,17.7495142790046,21.8165608236235,5.5,,,,,14.25,,15.17,14.49,,142.281674980674,,0.596360999
"1977-01-01",12672.8094148748,18.092120654532,22.3772393721154,5.5,,,,,12.25,,14.07,13.2,,161.241841660074,,0.583656999
"1977-02-01",12611.4988019866,18.1915367674884,22.5263745186912,5.5,,,,,12,,13.34,13.61,,167.786416690981,,0.584790999
"1977-03-01",12753.6917831391,18.4463447570708,22.791177441008,5.5,,,,,9.5,,12.44,12.63,,176.090286085034,,0.582367999
"1977-04-01",12837.3333384201,18.7507613778968,23.0250630851008,5.5,,,,,8.75,,12.18,12.54,,175.446887003654,,0.581676999
"1977-05-01",13400.6142330155,18.9216734250667,23.2002960399906,5.5,,,,,8,,11.86,12.58,,191.079474059045,,0.581900999
"1977-06-01",13006.0524285645,19.1891614319274,23.5008934318073,5.6,,,,,8,,12.52,12.95,,188.133912639605,,0.581648999
"1977-07-01",13170.0136255158,19.216010584837,23.6191391747398,5.6,,,,,8,,12.87,13.03,,187.852425541502,,0.580767999
"1977-08-01",13474.5694636878,19.3444539855493,23.8102965246501,5.7,,,,,7,,12.29,12.67,,200.841044496849,,0.574709999
"1977-09-01",13694.4169107976,19.496252094042,23.9661184829978,5.7,,,,,6,,11.03,10.41,,220.173176270172,,0.573619999
"1977-10-01",13812.1011628428,19.649438269532,24.0594001059119,5.7,,,,,5,,10.28,10.78,,224.274845413966,,0.564896999
"1977-11-01",13921.4715169357,19.9046590293821,24.2348977352818,5.7,,,,,7,,10.68,11.43,,210.009481406506,,0.549670999
"1977-12-01",14431.4273202194,20.1156144131116,24.3498024425751,5.7,,,,,7,,10.67,10.47,,212.683608838489,,0.539554999
"1978-01-01",14588.62579773,20.3007033880624,24.3655865549847,5.6,,,,,6.5,6.49,10.58,10.89,,213.015361489825,,0.517084999
"1978-02-01",14813.3846358623,20.6484233241384,24.5968370737378,5.6,,,,,6.5,5.7,11.28,11.23,,200.841044496849,,0.515534999
"1978-03-01",14737.9895664079,20.9481057607705,24.7454590553556,5.6,,,,,6.5,5.98,11.17,11.42,,201.313540697237,,0.524162999
"1978-04-01",15675.0836467532,21.0463277409609,24.8019295920747,5.6,,,,,7.5,5.44,11.87,12.01,,205.385050509091,,0.540373999
"1978-05-01",15070.4574409104,21.2150667106706,24.8340888602397,5.6,,,,,9,7.03,12.29,12.28,,216.423365999007,,0.550242999
"1978-06-01",15159.4589123365,21.3835137478723,25.056831008811,5.5,,,,,10,9.18,12.48,12.42,,214.352425205817,,0.544763999
"1978-07-01",15498.6572835961,21.4108214973034,25.2454203714946,5.5,,,,,10,10.31,12.41,12.16,,217.790589046938,,0.527720999
"1978-08-01",15763.9541733772,21.503072476513,25.4253006420358,5.5,,,,,10,8.45,12.21,12.2,,234.569230716036,,0.514993999
"1978-09-01",15944.3885430279,21.6450816849509,25.5820223096935,5.5,,,,,10,8.23,12.36,12.34,,235.976666206554,,0.510803999
"1978-10-01",15824.8674285757,21.8508175890632,25.704496769225,5.4,,,,,10,8.73,12.69,12.38,,229.029966749785,,0.498524999
"1978-11-01",16177.157683378,22.1247372123509,25.9642757066414,5.4,,,,,12.5,10.27,13.03,12.65,,219.690626959137,,0.509441999
"1978-12-01",16903.9748880457,22.3155131005755,26.1740769682711,5.3,,,,,12.5,11,13.11,12.34,,225.591802908664,,0.504404999
"1979-01-01",15820.9513991616,22.7795458044291,26.436487335004,5.3,,,,,12.5,11.12,13.61,12.53,,224.807660278233,,0.498758999
"1979-02-01",17165.0985527497,22.8364396539314,26.5917490577211,5.4,,,,,14,12.56,13.8,12.26,,226.285467543276,,0.498962999
"1979-03-01",17472.9500480896,22.9861664727825,26.7013246733411,5.3,,,,,13,12.46,12.07,10.75,,256.354321487118,,0.490755999
"1979-04-01",17506.1971759212,23.1622588943763,26.8038450013104,5.3,,,,,12,11.46,11.41,10.72,,271.383721903716,,0.482355999
"1979-05-01",17926.7128827299,23.3824091731079,27.000531763823,5.3,,,,,12,11.5,11.7,11.3,,270.951438145914,,0.486184999
"1979-06-01",18533.0899413477,23.76122245695,27.3943686918332,5.3,,,,,14,11.73,12.56,11.42,,254.886567332721,,0.474060999
"1979-07-01",19088.6081638732,24.786174505413,28.509003512973,5.3,,,,,14,13.43,12.24,10.84,,246.08004240634,,0.442621999
"1979-08-01",18713.1334727574,25.2602089224707,28.8481732447484,5.4,,,,,14,13.58,12.25,10.6,,247.396999901039,,0.446833999
"1979-09-01",18965.2583633692,25.6080392759854,29.1631579823794,5.4,,,,,14,13.29,12.54,10.74,,251.257394389315,,0.455312999
"1979-10-01",19383.3055842246,25.9665650363921,29.5373274522429,5.4,,,,,14,13.26,13.17,11.39,,253.046848084402,,0.465868999
"1979-11-01",19965.6644474844,26.2509340859409,29.8058773863359,5.5,,,,,17,13.21,14.85,11.85,,227.200300612113,,0.469779999
"1979-12-01",20440.0299682906,26.6301415727567,30.113100879893,5.6,,,,,17,15.58,14.96,11.75,,231.995634390519,,0.454675999
"1980-01-01",20683.7347963214,27.1330817855971,30.4659004059642,5.7,,,,,17,17.1,14.43,11.26,,242.129169922245,,0.441724999
"1980-02-01",20593.2774444044,27.6119737257736,30.7871711460353,5.8,,,,,17,17.41,14.73,12.29,,259.360201570438,,0.436582999
"1980-03-01",20829.9877592727,27.9632648298905,31.1000753621002,6,,,,,17,17.19,14.93,12.72,,248.53646332059,,0.453359999
"1980-04-01",20786.5182300586,28.6174325607543,31.7565221981976,6.1,,,,,17,16.92,14.42,12.6,,246.094982490581,,0.451646999
"1980-05-01",21181.2950689378,28.7994510072392,31.9537292329821,6.3,,,,,17,17.01,14.11,12.14,,249.288941054909,,0.434431999
"1980-06-01",21736.1867010023,29.1100084004157,32.2972953159584,6.5,,,,,17,18.32,13.78,11.89,,261.218678335532,,0.427889999
"1980-07-01",21878.609842361,29.5325056252658,32.6419280652286,6.8,,,,,16,17.67,13.08,11.26,,280.897362222485,,0.421563999
"1980-08-01",22011.7397604062,29.8736939341625,32.8320027638796,7.1,,,,,16,16.36,13.7,11.99,,282.463502751069,,0.422101999
"1980-09-01",22130.6503972323,30.3872858291286,33.1433116501013,7.4,,,,,16,16.32,13.47,11.68,,292.247526488674,,0.416333999
"1980-10-01",22446.2380587346,30.8330056904721,33.3652827395589,7.7,,,,,16,17.34,13.2,11.54,,298.42608204759,,0.413934999
"1980-11-01",22776.5976053825,31.22668794235,33.6375411543154,8,,,,,14,15.29,13.34,11.64,,305.055245160994,,0.416972999
"1980-12-01",22915.1643358817,31.6149319135448,33.9542935042938,8.3,,,,,14,13.83,13.78,12.14,,292.722349319891,,0.426994999
"1981-01-01",23017.4365914956,31.826365337776,34.1734710019303,8.6,,,,,14,13.9,13.97,12.02,,284.728643773734,,0.415834999
"1981-02-01",23333.0203434587,32.0013734429795,34.4992428823202,8.9,,,,,14,14.13,13.84,12.06,,295.194874439035,,0.435707999
"1981-03-01",23589.5430650457,32.3819152566056,35.1170457083992,9.1,,,,,12,14.28,13.66,12.03,,301.242411288141,,0.448624999
"1981-04-01",23792.6127976455,32.5255381088032,35.5503709723992,9.4,,,,,12,11.69,13.66,12.14,,320.714041370539,,0.459185999
"1981-05-01",23508.222401766,32.6846823583239,35.8165015208516,9.6,,,,,12,11.16,14.4,12.59,,321.514991123811,,0.478524999
"1981-06-01",24033.1648005869,32.6913797909656,36.0468228306171,9.7,,,,,12,10.32,14.69,13.13,,316.966749334031,,0.506263999
"1981-07-01",24224.5231416878,32.8667829931445,36.3166674271025,9.8,,,,,12,11.93,15.28,13.48,,315.436996127694,,0.533190999
"1981-08-01",24460.5927755206,33.1664487662645,36.6720888916159,9.9,,,,,12.6875,12.6,15.23,13.44,,329.613173868034,,0.549824999
"1981-09-01",24624.8840827906,33.4918718854636,36.9777695797046,10,,,,,14,13.12,15.81,14.05,,308.647540846659,,0.551201999
"1981-10-01",25256.5479939717,33.7579565273831,37.2637194705142,10.1,,,,,15.125,15.99,16.34,14.14,,286.497602241812,,0.542722999
"1981-11-01",25181.2096547404,34.1839370491389,37.5427148724938,10.2,,,,,14.5625,15.64,15.72,13.17,,304.878141852862,,0.525827999
"1981-12-01",25158.2423512861,34.5811796682985,37.7765196565292,10.3,,,,,14.375,13.55,16,13.89,,310.036168655701,,0.524783999
"1982-01-01",25605.7690447337,34.9056599364791,38.0254515603194,10.4,,,,,13.875,14.23,14.9609,13.03,,314.636372478297,,0.530090999
"1982-02-01",25878.6728931359,34.9107975603531,38.0316254699098,10.4,,,,,13.625,14.3,14.29,12.67,,325.603726717691,,0.541534999
"1982-03-01",25983.55806213,35.0328031279826,38.2698772658998,10.5,,,,,13.25,13.81,13.2872,12.55,,322.404680651679,,0.553157999
"1982-04-01",26255.7180592029,35.1204426639293,38.6555562635474,10.5,,,,,13.125,12.4,14.1233,12.79,,323.047760826933,,0.564887999
"1982-05-01",26501.1717726752,35.2182756394379,38.9181660883318,10.6,,,,,13.125,13.13,13.9579,12.44,,332.567214001433,,0.551739999
"1982-06-01",26236.110168123,35.4660683204425,39.1057264049713,10.6,,,145347,,12.625,12.84,13.9294,12.71,,330.267483583697,,0.569372999
"1982-07-01",26408.9333924251,35.6840495304224,39.2340162085096,10.7,,120419,146889,,11.625,12.68,13.5011,12.16,,329.493403660483,,0.576232999
"1982-08-01",26865.9887630166,35.814219838095,39.3488096099631,10.8,,121672,148227,,10.625,11.63,12.5778,11,,336.096303601403,,0.579182999
"1982-09-01",27155.0778445586,35.9846768625444,39.48496028463,10.9,,123070,149717,,10.125,11,11.975,10.91,,356.901906274468,,0.583598999
"1982-10-01",27420.3968108905,36.2667897115678,39.7539168564081,11,,124167,150528,,9.625,10.43,11.0234,9.73,,373.116533879343,,0.589160999
"1982-11-01",27332.0874136859,36.5991049861958,39.9469324126796,11.1,,124897,151956,,10,9.37,11.1048,10.7,,383.345425174355,,0.612816999
"1982-12-01",27914.5157754233,36.8520594594677,40.1689426125,11.2,,126619,153846,,10,10.71,11.5973,10.2,,379.404307568598,,0.617583999
"1983-01-01",28370.326896672,37.0805328304043,40.2897281735438,11.2,,127721,156193,,11,11.08,11.8251,10.96,,391.373614569034,,0.635619999
"1983-02-01",28876.2108088214,37.2170760812885,40.4456059999977,11.3,,129717,160421,,11,11.34,11.7827,10.93,,404.784187337068,,0.652728999
"1983-03-01",28480.4622945066,37.3275440349927,40.4743602461898,11.3,,130790,161324,,10.5625,11.05,11.3764,10.24,,412.47393393149,,0.670904999
"1983-04-01",28654.1361401627,37.1578494444963,40.45911869021,11.3,,131562,162952,,10.0625,10.57,11.0994,10.13,,433.112474859532,,0.648717999
"1983-05-01",28986.9846325149,37.120645697048,40.5616335473274,11.4,,132665,164177,,10.0625,10.34,11.1937,9.96,,426.861920960356,,0.635349999
"1983-06-01",28646.8792273226,37.3045821859616,40.6866426386277,11.5,,134184,165963,,9.5625,9.83,10.9803,9.83,,447.830962639939,,0.645076999
"1983-07-01",29318.282083728,37.48668729444,40.9861063735963,11.5,,135043,167454,,9.5625,9.23,11.3926,10.56,,443.194070835238,,0.654064999
"1983-08-01",29504.5883504271,37.764572699515,41.2469769606269,11.5,,136001,168332,,9.5625,9.22,11.5653,10.42,,455.973951924798,,0.665710999
"1983-09-01",29814.129565844,38.0597859049076,41.5257131720119,11.6,,137194,169463,,9.5625,9.81,11.213,10,,448.566812648748,,0.667158999
"1983-10-01",30164.3372172315,38.2022592432521,41.6182332471425,11.6,,138563,171033,,9.0625,9.16,10.9944,10.13,,435.01589878645,,0.667726999
"1983-11-01",30187.028448684,38.3965466011304,41.8022990194871,11.7,,139761,172783,,9.0625,9.04,10.7084,9.95,,451.834275638499,,0.676648999
"1983-12-01",30343.6343340834,38.4838796445678,42.012519895932,11.7,,141453,174353,,9.0625,8.99,10.7679,9.9,,464.966341914936,,0.696984999
"1984-01-01",30554.6174383825,38.1796238331306,41.9151837068216,11.8,,142683,177093,,9.0625,9.14,10.7984,9.87,1044.08095296224,491.573065913503,,0.710017999
"1984-02-01",30547.4955609952,38.4298549469598,42.1404686306519,11.8,,144132,180209,,9.0625,9.24,10.8687,10,1036.18572126116,490.612601021288,,0.695129999
"1984-03-01",30560.887000623,38.7383270832428,42.1957163554315,11.9,,145735,179981,,8.5625,9.06,10.6654,9.85,1091.51816628196,515.479215504204,,0.686740999
"1984-04-01",30763.1344889877,39.3222224368147,42.3511457643335,11.9,,147004,182589,,8.5625,8.53,10.8647,10.02,1111.98420795641,524.322372224922,,0.702726999
"1984-05-01",31076.9817475486,39.6884871573466,42.5276003490431,11.9,,148640,185104,,9.0625,7.35,11.3981,10.47,1091.99523344494,514.527257002708,,0.719860999
"1984-06-01",31592.8837634614,39.7491946063833,42.658916186614,11.8,,149736,186695,,8.875,8.56,11.6394,10.63,1052.71429152716,492.428393466638,,0.725883
"1984-07-01",31328.1590622741,39.8068359338051,42.8176967884866,11.8,,150667,188533,,12,11.28,12.0074,10.89,1014.05454600941,475.692289020947,,0.757402
"1984-08-01",31405.5056548476,39.9251889577879,42.9859072121143,11.7,,150908,189246,,10.5,11.54,11.4222,10.33,1077.76817737926,507.397453276174,,0.761356
"1984-09-01",32128.3352828789,39.9683043093383,43.090466295244,11.7,,152910,191693,,10.5,10.56,11.2164,10.04,1112.40500488281,524.372017910319,,0.794383
"1984-10-01",32582.797714423,40.323489465169,43.3258816230619,11.7,,155239,193686,,10.5,10.57,11.0586,10.17,1128.74347719939,532.505669750638,,0.820313
"1984-11-01",32490.172296308,40.5221406390403,43.4185315280135,11.6,,158575,197225,,9.5,10.17,10.7415,9.82,1169.42273504084,553.276420487875,,0.80537
"1984-12-01",32889.0299892678,40.5701635540728,43.6325292181145,11.6,,159573,198071,,9.5,9.19,10.8596,9.99,1202.53156481291,577.730521420324,,0.842496
"1985-01-01",33058.332729957,40.5371598816552,43.8598164699338,11.5,,160824,202125,,13.875,11.09,11.3367,10.43,1256.01817737926,604.815382529108,,0.885801
"1985-02-01",32796.1497229949,40.6359734360801,43.9972698065595,11.5,,162371,202903,,13.875,14.05,11.4017,10.46,1277.03000488281,614.43274682353,,0.91266
"1985-03-01",33557.5175470476,40.8661363549822,44.3856051275483,11.4,,163588,205101,,12.875,14.6,11.206,10.14,1290.60476539248,622.072677395893,,0.894962
"1985-04-01",33854.0287862793,41.1864865973496,44.6345685909114,11.4,,165280,206951,,12.375,13.3,10.9437,10.17,1286.47501220703,619.936689525446,,0.805315999
"1985-05-01",34208.4347849128,41.3732303625839,44.7293504734685,11.4,,166438,208705,,12.375,12.68,11.0994,10.33,1320.25715564546,635.320086456835,,0.800777
"1985-06-01",35145.5364288069,41.4828947522291,44.8535284317522,11.3,,167694,211046,,12.375,12.72,10.862,10.25,1284.73000488281,621.05074114825,,0.780799
"1985-07-01",34330.5500392996,41.9694611322144,44.9498377163862,11.3,,169576,213329,,11.375,12.66,10.6182,9.97,1243.89565111243,599.854750456717,,0.72627
"1985-08-01",34984.1573307614,42.1649134086621,45.1124417795106,11.3,,171673,215796,,11.375,11.94,10.5467,9.86,1298.86666434152,626.821497639243,,0.72202
"1985-09-01",35854.2926299388,42.2887652860256,45.2800646552087,11.3,,173339,217678,,11.375,11.57,10.5057,9.89,1305.09999883743,633.171423931203,,0.733788
"1985-10-01",35413.7321138567,42.5890800976635,45.3454324284301,11.3,,175094,219844,,11.375,11.72,10.3675,9.82,1330.35217815897,647.351605763849,,0.702780999
"1985-11-01",36021.0595706976,42.7110370975716,45.5125694218735,11.3,,177714,221905,,11.375,11.63,10.5351,9.87,1409.16666666667,684.034424689524,,0.694505999
"1985-12-01",35406.2083154452,43.0721163565081,45.660234884249,11.3,,179071,224127,,11.375,11.5,10.582,9.89,1392.65,674.545635343369,,0.691272
"1986-01-01",35910.2333047897,43.0599983585462,45.7299343773979,11.3,,181887,228486,,12.375,11.5,10.9372,10.19,1401.91363525391,679.105750058935,,0.701973
"1986-02-01",36286.9306469397,43.1159032061583,45.8604449124431,11.3,,183553,232154,,12.375,12.56,10.54,9.57,1482.3450012207,720.850650568804,,0.699812
"1986-03-01",36555.836048271,43.1314548556735,45.9425383300181,11.3,,184789,235363,,11.375,12.75,9.4748,8.7,1618.59474583676,787.138526847291,,0.682016
"1986-04-01",36851.9940728284,43.0722109058279,45.9726531308536,11.3,,187001,238002,,10.375,11.43,8.7351,8.48,1669.65454101563,816.090379905922,,0.668419
"1986-05-01",36304.9691740567,43.2954658733499,46.0704266267353,11.3,,188198,241961,,9.875,10.56,8.9579,8.7,1606.04000854492,790.898117223329,,0.656906
"1986-06-01",36922.0367531155,43.3676788279658,46.2660223935604,11.4,,191106,244475,,9.875,10.27,9.2411,8.77,1610.92381649926,795.156071578496,,0.663719
"1986-07-01",36822.0032815174,43.5501465577991,46.375649227729,11.4,,194235,246534,,9.875,10.08,9.408,9.17,1596.41304878567,792.068719905367,,0.662699
"1986-08-01",36994.2675114659,43.705689411188,46.4568552109249,11.4,,194185,247504,,9.875,10,9.4756,9.13,1585.69000244141,783.823998427409,,0.672789
"1986-09-01",38172.7292070163,43.9014654085844,46.7622108563141,11.3,,197439,249510,,9.875,9.38,10.075,10.15,1624.77273282138,802.26383098145,,0.679133
"1986-10-01",38446.8291797345,44.128267203733,46.8170786653274,11.3,,198945,252007,,10.875,9.88,10.7355,10.23,1593.1217412534,787.075413663473,,0.700417
"1986-11-01",38485.5632877589,44.3673017988964,46.9019588970592,11.3,,200298,255219,,10.875,10.56,10.9318,10.34,1636.84499511719,812.483452626587,,0.702389
"1986-12-01",38846.607532505,44.5433738293665,47.075174456537,11.2,,202495,257851,,10.875,10.83,10.7814,10.13,1638.83809407552,817.668133114386,,0.696096
"1987-01-01",38413.4977202744,44.8818211649145,47.2949306810238,11.2,,203835,261592,,10.875,11.03,10.0847,9.83,1763.23333449591,879.548932773295,,0.664052
"1987-02-01",39829.8358986025,44.8557449322459,47.4952162534379,11.1,,205447,267361,,10.875,11.09,9.8576,9.41,1913.05499267578,951.009904808472,,0.65514
"1987-03-01",39892.6663811225,45.0644247942912,47.5124609949135,11,,207224,271124,,9.875,10.79,9.1504,9.03,2006.70000110973,1000.99235068206,,0.628116
"1987-04-01",39773.5671692336,45.3451533583369,47.4609984728786,10.9,,209391,275495,,9.375,9.86,9.1297,8.83,1971.98998413086,988.568324707787,,0.613425
"1987-05-01",40863.2577779984,45.5846363259785,47.6291316967869,10.7,,211329,278465,,8.875,8.87,8.8844,8.75,2148.69998972039,1071.23775209529,,0.59982
"1987-06-01",41102.1750527674,45.9472952804125,47.6625069891384,10.6,,214186,281364,,8.875,9,9.0025,8.99,2265.77273837003,1132.34072927302,,0.61348
"1987-07-01",42232.2384193128,46.2217654976399,47.7946575061154,10.4,,215475,285338,,8.875,8.8,9.3086,9.57,2366.71735945992,1200.09192642021,,0.621163
"1987-08-01",42458.886300004,46.5137256513068,47.8771618894556,10.2,,217107,289235,,9.875,9.02,10.0183,9.83,2258.17501220703,1148.43166386459,,0.626973
"1987-09-01",42427.8752806834,46.7626269676307,48.0117218729712,10,,218367,292212,,9.875,9.62,10.0913,9.95,2300.82274280895,1174.00467741438,,0.608124
"1987-10-01",42964.7735828642,46.7591304150299,48.2056397674202,9.9,,220684,298059,,9.375,9.62,10.0331,9.13,2096.87271395597,1078.81266863838,,0.602222
"1987-11-01",43131.5597811695,46.979771904212,48.4577777195041,9.7,,223235,299846,,8.875,9.13,9.2519,9.07,1647.04285249256,828.152083095413,,0.563414
"1987-12-01",43718.6666359662,47.1097807869594,48.6538688759976,9.5,,224674,304410,,8.375,8.51,9.6797,9.39,1674.88095819382,844.73875554556,,0.547189
"1988-01-01",44219.0447306404,47.1210597768025,48.632586146677,9.4,,227700,306886,,8.375,8.07,9.7299,9.09,1768.34209883841,901.991630209464,,0.554719
"1988-02-01",44089.9743523,47.5198016219263,48.7958134548568,9.2,,230174,309666,,8.875,8.2,9.501,9.01,1746.53810337612,896.455890273678,,0.569359
"1988-03-01",44973.9809170587,47.664992611169,48.9141517063873,9,,233655,317260,,8.375,8.5,9.2292,8.97,1807.33477517833,927.95719951456,,0.54646
"1988-04-01",45011.8371762005,48.1039780066291,49.0594445146824,8.9,,236287,319968,,7.875,8.04,9.2447,9.11,1786.5052682977,918.644642061698,,0.533136
"1988-05-01",45612.4344451968,48.3114871310667,49.1791410987741,8.7,,239278,323944,,7.375,7.24,9.4368,9.05,1782.53499755859,920.656753827584,,0.534529
"1988-06-01",46005.7283786033,48.7094399230867,49.4965232389116,8.6,,243213,328914,,8.875,6.88,9.4772,9.3,1847.20908979936,954.735304031819,,0.561462
"1988-07-01",46279.4332070964,49.0003351505565,49.7316208951582,8.5,,246342,335951,,10.375,9.21,9.6857,9.26,1856.07144019717,965.17828678211,,0.58647
"1988-08-01",46886.932886705,49.2352209287072,49.9294486730719,8.4,,249636,340493,,11.875,10.26,9.7044,9.3,1830.24545565518,954.354852010189,,0.589082
"1988-09-01",47634.6339061986,49.4710764282808,50.0960237628913,8.3,,253382,345880,,11.875,10.6,9.8401,9.17,1773.85454767401,919.355646953222,,0.594033
"1988-10-01",47677.6113359653,49.9523507695964,50.2472365337434,8.2,,256392,350013,,11.875,11.75,9.4726,8.99,1842.84286644345,957.548317889398,,0.576306
"1988-11-01",48561.8576285812,50.2320909764372,50.4709322438516,8,,258188,353601,,12.875,11.83,9.5647,9.1,1817.89999667081,948.916682895411,,0.553232
"1988-12-01",48729.5310354536,50.6863669899862,50.7112852919078,7.9,,260985,357643,,12.875,12.57,9.794,9.13,1769.67498779297,914.62602486497,,0.547254
"1989-01-01",49369.8937806096,51.0802988580318,51.065723412486,7.7,,263237,363058,,12.875,12.98,9.6393,8.93,1891.72857956659,976.156586105225,,0.563114
"1989-02-01",49736.8880172009,51.2618596087874,51.2161649685818,7.6,,266493,366631,,12.875,12.51,9.3957,8.75,2045.16000976563,1059.27630355748,,0.570181
"1989-03-01",49516.2182021892,51.5891547657922,51.4300000356252,7.4,,268157,371989,,12.875,12.58,9.5376,8.77,2074.00952148438,1076.80411725884,,0.583088
"1989-04-01",50778.1437879872,51.4142775970153,51.6440277271994,7.3,,270909,375905,,12.875,11.32,9.7801,8.85,2065.60998535156,1066.8342819025,,0.588154
"1989-05-01",50054.1264812201,51.9415695854757,51.8453131572036,7.2,,273563,382945,,13.75,12.48,9.7877,9.12,2136.55239722842,1099.8852292885,,0.613493
"1989-06-01",50429.7297307932,52.3486703537683,52.070700077598,7.2,,275435,389648,,13.75,13.01,10.121,9.41,2147.33180930398,1101.69755168372,,0.64408
"1989-07-01",50987.893183396,52.9106343457597,52.3409238880509,7.1,,278443,394691,,13.75,13.88,9.7698,9.22,2246.81903366816,1148.55697631664,,0.616559
"1989-08-01",52107.48808152,53.0778148635877,52.4262502973886,7.1,,281296,401486,,13.8438,13.85,9.5622,9.22,2353.94545676491,1195.35702275482,,0.626031
"1989-09-01",52274.6187350825,53.6669942504627,52.6877681465826,7.1,,284854,407468,,13.75,13.83,9.7977,9.5,2376.46190243676,1204.36440883827,,0.636873
"1989-10-01",52467.6086104594,54.3010344380101,53.0343416363673,7,,287330,412487,,14.875,14.78,9.9798,9.8,2201.81365411932,1110.87593125608,,0.629829
"1989-11-01",53215.7778254696,54.5918633296883,53.2780663031755,7,,290751,417014,,14.875,14.86,10.0889,9.9,2205.54092684659,1109.05662370996,,0.635778
"1989-12-01",53692.6135640694,54.9006292352767,53.5200814515914,7,,292906,425692,,14.875,14.98,10.0685,9.66,2358.54209498355,1175.25661803395,,0.626893
"1990-01-01",54006.8480855087,55.3436618391262,53.9062820364178,6.9,,294596,432987,,14.875,14.91,10.3528,10.2,2367.84093128551,1184.50568787665,,0.605595
"1990-02-01",54190.1217661876,55.7091200610642,54.2523106535434,6.9,,297014,437372,,14.875,14.86,10.7648,10.58,2296.33499755859,1146.52895074364,,0.589663
"1990-03-01",54859.0301483033,55.6786764811879,54.4355780162789,6.9,,300312,441613,,14.875,14.82,11.5914,11.3,2248.52725497159,1115.81587591584,,0.61546
"1990-04-01",55167.0866060012,55.9867749439824,54.9137340275199,6.9,,302258,445333,,14.875,14.83,11.8887,11.91,2191.33159436678,1087.86555464569,,0.611011
"1990-05-01",55168.2721229571,56.5172532257196,55.3069801395869,6.9,,303438,450222,,14.875,14.93,11.6722,10.75,2230.61429268973,1100.55040672123,,0.595893
"1990-06-01",56383.6412710413,56.8320641471584,55.641752374927,6.9,,308280,457593,,14.875,14.76,11.1541,10.65,2376.97619047619,1170.75476856077,,0.585561
"1990-07-01",56090.3944342918,57.7100063929456,55.8573109285534,7,,310717,458900,,14.875,14.91,11.2037,10.72,2361.90454101563,1162.06442384116,,0.55355
"1990-08-01",56885.8138361704,58.2713563434114,56.4202877790262,7.1,,311308,462466,,14.875,14.93,11.5997,11.05,2195.05456542969,1075.20944843215,,0.526976
"1990-09-01",57091.7917295366,58.6752103921627,56.970201477721,7.2,,315750,466684,,14.875,14.87,11.5586,11.2,2081.02000732422,1008.64488167603,,0.532042
"1990-10-01",57024.596902469,58.6349546624491,57.3290732618475,7.3,,317516,470399,,13.875,14.13,11.281,11.05,2091.89131496264,1009.40495817215,,0.51423
"1990-11-01",56905.1239663549,58.7471538700803,57.4958181819036,7.5,,319930,474937,,13.875,14.45,11.0035,10.7,2091.20907870206,1006.98577493177,,0.509196
"1990-12-01",57024.2791311762,59.0817649788256,57.625373291423,7.6,,323888,477124,,13.875,14.35,10.4294,10.44,2164.09998201069,1040.42968540222,,0.518949
"1991-01-01",57529.1500880402,59.6351528750179,57.758360832614,7.8,,327456,480489,,13.875,14.02,10.1871,10.13,2106.63638583096,1010.78420563931,,0.517223
"1991-02-01",57983.2706914145,59.946217033366,57.9832116521694,8,,329447,482727,,12.875,14,9.8393,9.95,2278.35997314453,1095.05867654901,,0.508804
"1991-03-01",57679.5792205449,60.0765247631392,58.1353562579148,8.2,,332318,484091,,12.375,13.45,10.0514,10.02,2449.78000488281,1190.89870769176,,0.546677
"1991-04-01",57986.4944884647,60.9808994276206,59.5809669274394,8.5,,335996,488382,,11.875,12.04,9.9466,10.13,2514.17145647321,1217.26878793479,,0.571755
"1991-05-01",58669.1071745834,60.7399191289258,59.8652695476023,8.7,,338077,490424,,11.375,12.18,10.1319,10.28,2493.31902204241,1203.74429891765,,0.579301
"1991-06-01",59166.3983369513,60.8771448455935,60.3029261452902,8.8,,339945,492908,,11.375,11.63,10.312,10.26,2495.13500976562,1198.7334376129,,0.607077
"1991-07-01",59170.6728229398,61.1524584757647,60.5787621792745,9,,341839,493716,,10.875,11.35,10.0023,10.1,2529.99545010653,1208.49384054872,,0.607024
"1991-08-01",58992.9573132614,61.5747679735886,60.9101000926989,9.2,,342979,495246,,10.875,10.96,9.7665,9.8,2600.49997674851,1244.50823015704,,0.594139
"1991-09-01",59116.3698637984,61.7472539183934,61.0463705022917,9.3,,346490,498393,,10.375,10.66,9.4314,9.66,2622.1619233631,1265.80506544867,,0.580229
"1991-10-01",59673.1236175223,61.8835156401299,61.2388810437104,9.4,,348007,498657,,10.375,10.56,9.4995,9.85,2580.8608929178,1245.24472115816,,0.580619
"1991-11-01",59960.9976608239,62.2125356848713,61.5282672936923,9.5,,350059,501138,,10.375,10.45,9.5324,9.93,2505.09048316592,1210.25628616048,,0.562644
"1991-12-01",59955.8787216539,62.5497253903695,61.7241869219154,9.5,,350725,504622,,10.375,10.72,9.4079,9.76,2410.49500732422,1156.89540905385,,0.548692
"1992-01-01",60133.0987380493,62.7251904092579,61.7999558579823,9.6,,353387,505676,,10.375,10.61,9.2091,9.56,2520.18635697798,1203.29950716937,,0.55212
"1992-02-01",60632.4312416539,62.8559545359524,62.007534870673,9.7,,353989,508535,,10.375,10.62,9.081,9.26,2543.30999755859,1218.68778347762,,0.562936
"1992-03-01",60672.4700202971,63.0481830226249,62.2176233398436,9.8,,356617,508816,,10.375,10.41,9.3962,8.9368,2495.2363503196,1199.04616294151,,0.57991
"1992-04-01",61140.7033732046,62.9711355331801,62.366749398522,9.8,,356273,511974,,10.375,10.2,9.1488,8.8124,2549.44499511719,1225.15876393932,,0.569306
"1992-05-01",60144.0555064583,63.2568456123132,62.44479812183,9.8,,357558,512695,,9.875,9.91,8.8151,8.5742,2702.33684981497,1310.72734026546,,0.552351
"1992-06-01",60604.2411203361,63.1675962586422,62.5881782405288,9.9,,359162,514693,,9.875,9.93,8.9035,8.6134,2604.43637917258,1260.28122772902,,0.539743
"1992-07-01",60886.9317914642,63.1044004061492,62.7050695851628,9.9,,360529,516501,,9.875,9.98,8.7938,8.4253,2443.2521654212,1171.61756910408,,0.521128
"1992-08-01",60664.1659510688,63.0727124782298,62.6991635293105,9.9,,362728,517693,,9.875,9.68,9.043,8.549,2344.10502929688,1114.81930976288,,0.515814
"1992-09-01",61006.9022574667,63.0123017466208,62.8212980738467,10.1,,362509,520041,,8.875,9.94,8.9854,8.723,2452.40907981179,1156.90649486782,,0.540741
"1992-10-01",61725.754777198,62.9784429809775,63.0661683922979,10.2,,365293,523220,,7.875,9.65,8.7792,9.3682,2587.09090909091,1221.47450859742,,0.603548
"1992-11-01",61390.1578856446,63.3756457056674,63.156579901965,10.4,,365454,520364,,6.875,7.61,8.4153,9.094,2711.47501220703,1284.25854924812,,0.655092
"1992-12-01",61873.0873371568,63.8937707492572,63.3080737432422,10.5,,368690,517994,,6.875,6.82,8.4594,9.0023,2778.00475492932,1324.06526086984,,0.644601
"1993-01-01",62499.8443493621,64.4148491727819,63.2157027412374,10.7,,369982,517784,,5.875,6.92,8.5063,9.1871,2790.28999023438,1351.59760396386,,0.652755
"1993-02-01",63693.7481479256,64.6685518815932,63.4971365701894,10.6,,372105,519631,,5.875,5.88,8.2471,8.9698,2840.16998291016,1384.61302603682,,0.695672
"1993-03-01",63386.4075027127,64.908659249263,63.7784273945715,10.6,,373550,521881,,5.875,6,7.954,8.6741,2897.0652173913,1415.5905584162,,0.68489
"1993-04-01",63170.8504086973,64.5673166921617,63.9768853290503,10.5,,375363,523247,,5.875,5.9,8.0638,8.6281,2837.45002441406,1393.6889370951,,0.64673
"1993-05-01",63408.5538131903,64.2848882492813,64.0460008472506,10.4,,378918,526065,,5.875,5.64,8.3183,8.7382,2830.12633634868,1397.25468644041,,0.645826
"1993-06-01",63222.5957781128,64.507377226247,64.1834400415902,10.4,,378818,526473,,5.875,5.79,8.1148,8.5147,2874.69543457031,1419.9319026803,,0.661392
"1993-07-01",64049.3899988402,64.7671049340228,64.3319530911189,10.3,,380012,529213,,5.875,6.02,7.7425,8.1238,2850.73181152344,1413.35759435844,,0.668092
"1993-08-01",64508.4266706881,65.1292002251707,64.5003978208329,10.2,,381266,531529,,5.875,5.76,7.2335,7.5648,3019.27621605283,1498.52839077272,,0.670338
"1993-09-01",64994.183330472,65.4917364515096,64.6986775159448,10.3,,383084,532859,,5.875,6.1,7.0945,7.3691,3028.12273615057,1505.05603426042,,0.65617
"1993-10-01",65193.7110517337,65.7085541277232,64.6919752296102,10.2,,385309,537560,,5.875,5.71,6.9982,7.2659,3125.0619187128,1544.79972206178,,0.6726307
"1993-11-01",65716.8651283479,65.770546288468,64.6790884112828,10.3,,387483,539538,,5.375,5.71,6.9741,7.2008,3111.58638139205,1535.10619839835,,0.675372
"1993-12-01",66010.4238199181,65.9657692601039,64.7823487300153,10.3,,387245,543199,,5.375,5.88,6.4521,6.6321,3313.68094308036,1628.89953317925,,0.67121094
"1994-01-01",66523.2502056067,66.0693122331144,64.910466690968,10.1,,389494,547414,,5.375,5.47,6.3926,6.5725,3431.29001464844,1710.35552333227,99.3439928488012,0.66994
"1994-02-01",66654.6260122196,66.1884846993768,65.0763739957134,9.9,,392532,549296,,5.125,5.07,6.784,6.8773,3396.4,1709.08301824244,97.8387808359405,0.67635477
"1994-03-01",66618.1237821718,66.1166612613886,65.1388676439827,9.8,,394292,551762,,5.125,5.24,7.4296,7.4523,3206.11735733696,1619.79581277539,97.5187070171139,0.67079729
"1994-04-01",66758.4398210385,65.8621228813462,65.2027760448287,9.7,,394793,554337,,5.125,4.84,7.7921,7.6857,3130.93684467516,1582.05469747543,97.6398160296429,0.67451936
"1994-05-01",67233.4399398435,65.7039650681566,65.3612388331157,9.7,,394972,555176,,5.125,4.8,8.2449,7.9849,3089.23000488281,1559.31584087693,97.8041782609323,0.66538465
"1994-06-01",66699.1202391181,65.8884330479269,65.4933178480907,9.6,,395553,554871,,5.125,4.77,8.651,8.1763,2980.34089799361,1497.43718705523,97.899335342205,0.6559369
"1994-07-01",67228.0230022092,65.8071040020081,65.5631320140148,9.5,,397732,555181,,5.125,4.97,8.4695,8.0808,3036.56665039062,1517.6952612082,96.2384117418071,0.64723063
"1994-08-01",67715.7711808877,66.0124789289259,65.7109122475882,9.4,,398235,558191,,5.125,4.72,8.5447,8.1548,3178.49546120384,1591.49152715133,96.0567482230136,0.64825541
"1994-09-01",68348.2058169019,66.1900812373144,65.6773249414287,9.3,,399845,559900,,5.625,4.83,8.7728,8.2907,3098.34090909091,1553.98501223039,96.3941233293444,0.63960594
"1994-10-01",68595.1055528284,66.7308079659418,65.7048094441567,9.1,,400610,561339,,5.625,5.38,8.6406,8.2345,3046.76665969122,1516.65430246012,97.3716460733286,0.62274808
"1994-11-01",68739.7811067607,67.0416564402935,65.7876263866464,9,,402400,565208,,5.625,5.13,8.5067,8.178,3086.85455877131,1533.44052353288,96.9218125982209,0.62921345
"1994-12-01",69680.1133404118,66.9923715122182,66.0527836623607,8.9,,404717,566738,,6.125,5.44,8.4265,8.0833,3026.62000732422,1502.41271777774,96.8353061607001,0.64113277
"1995-01-01",69211.6087904095,67.1042432677706,66.3944171160871,8.9,,406462,570454,,6.125,5.82,8.5735,8.2285,3028.27141462054,1501.86029384557,96.1951585230468,0.63501203
"1995-02-01",69520.87860468,67.0098692726918,66.5462499557048,8.9,,408648,573961,,6.625,6.12,8.5012,8.1603,3051.675,1506.15621239916,95.148430629046,0.63628006
"1995-03-01",69924.5126049094,67.2074250606922,66.8125566727252,8.8,,410847,578868,,6.625,5.83,8.4501,8.1535,3078.23913043478,1511.02866026209,93.9719430787641,0.62491667
"1995-04-01",70184.1705774246,67.3017032308092,66.7389727862791,8.8,,414125,582131,,6.625,5.69,8.3107,8.0891,3198.37776692708,1566.96936466894,92.7435516659698,0.62171066
"1995-05-01",70317.3916530175,67.6785873039204,66.977898195796,8.7,,416169,588236,,6.625,5.88,8.0691,7.9215,3288.31427873884,1614.68505496648,92.7349010222177,0.62984425
"1995-06-01",70246.4377695583,67.9349589800393,67.1074799036007,8.7,,417763,590883,,6.625,6.3,8.0389,7.9816,3351.55001553622,1643.56550305687,92.3975259158869,0.62704575
"1995-07-01",71051.8330653686,67.9382666569257,67.293650668838,8.6,,418885,600483,,6.625,6.63,8.1996,8.2364,3426.49523344494,1680.79800493311,91.6276186219525,0.62708867
"1995-08-01",71506.589929407,68.0927351146259,67.4284053816533,8.6,,422746,604134,,6.625,6.57,8.0727,8.1383,3486.95453435724,1718.12647570625,92.648394584697,0.63728833
"1995-09-01",72057.5770052234,68.3260757135433,67.5638605073343,8.6,,425530,606275,,6.625,6.7,7.9285,8.0539,3534.27141462054,1743.25619546817,93.1501319223172,0.6422044
"1995-10-01",72081.852804382,68.7124627968311,67.6036588110176,8.6,,426794,611300,,6.625,6.62,8.0922,8.2972,3531.80001553622,1739.83212251921,92.5532375034242,0.63341278
"1995-11-01",72535.7926649209,68.8902875031645,67.676504449426,8.3,,429210,616998,,6.625,6.84,7.7845,7.9808,3580.31363192472,1755.16662811534,91.6016666906962,0.6395278
"1995-12-01",73206.3545306974,69.1547497843813,68.0148943066616,8.4,,430767,622377,,6.375,6.69,7.5185,7.7995,3650.04736328125,1783.30110275574,91.5411121844317,0.64968604
"1996-01-01",73043.8831772106,69.3500888682316,68.1764439259853,8.3,,432442,631958,,6.125,6.44,7.4628,7.8876,3715.7636385831,1818.92285062965,91.2729422281175,0.65355223
"1996-02-01",73831.3028431573,69.5076401067761,68.3308777015943,8.2,,434486,631114,,6.125,6.32,7.8029,8.1947,3738.07621837798,1839.77529730957,91.8957885782667,0.6510129
"1996-03-01",74557.8139796321,69.926144909311,68.496312730608,8.3,,438159,635054,,5.9375,6.08,8.0837,8.3669,3697.5,1835.82149871418,91.6622211969607,0.65480763
"1996-04-01",74644.0950096276,70.5727001026001,68.4753345836284,8.3,,438404,640132,,5.9375,5.96,8.0649,8.303,3792.31501464844,1892.48767670489,91.8438847157543,0.65993679
"1996-05-01",75658.5913488427,70.789442951621,68.4984436962841,8.3,,440368,643820,,5.9375,6.01,8.0999,8.3802,3758.40951683408,1889.94950378117,92.7262503784657,0.66030395
"1996-06-01",75884.3136415295,71.2528364307121,68.731850721584,8.2,,443235,649516,,5.6875,5.78,8.0852,8.409,3734.01999511719,1875.06121680903,94.3698726913595,0.64840972
"1996-07-01",76055.1844645717,71.3786599928372,68.8198703663041,8.1,,442156,654447,,5.6875,5.76,7.9556,8.3367,3707.20870838994,1844.66385705115,93.8248821349789,0.64365441
"1996-08-01",76661.306399442,71.3597399515387,68.9426674346483,8.1,,447228,669142,,5.6875,5.72,7.864,8.2626,3841.75237165179,1899.52853271616,93.2625902910942,0.64531147
"1996-09-01",77195.5091359871,71.4043874914429,69.1527890169885,8.1,,448849,667880,,5.6875,5.73,7.8568,8.2705,3927.0952264695,1938.36559598995,94.8543087414755,0.64134496
"1996-10-01",77178.2270041153,71.4907819420806,69.2951531715764,8,,450733,674046,,5.9375,5.77,7.5556,7.9752,4020.98696501359,1973.93510152604,96.9131619544688,0.63091362
"1996-11-01",77492.269059705,71.211160864149,69.346107984335,7.8,,452930,681905,,5.9375,5.86,7.5553,7.8121,3969.5428641183,1951.90580147524,100.814602286654,0.60141075
"1996-12-01",77790.5039361788,70.8408463013544,69.4685521182403,7.7,,455094,681508,,5.9375,5.83,7.521,7.6684,4038.88500976563,1976.40550071676,102.536080393316,0.60084063
"1997-01-01",77783.8109017731,70.3661204471548,69.568724323937,7.5,,459685,693820,,5.9375,5.9005,7.5163,7.7358,4166.49543900923,2041.98539234852,103.617410862325,0.60253245
"1997-02-01",77887.0506828698,70.031558371328,69.6254177400803,7.3,,462398,699872,,5.9375,5.985,7.1536,7.3872,4316.56494140625,2105.81447958487,104.465173950028,0.615098
"1997-03-01",77078.138415358,70.0410110821168,69.5892013316559,7.2,,464995,708626,,5.9375,5.9651,7.4097,7.5915,4349.7789113898,2121.88543391782,104.136449487449,0.62296027
"1997-04-01",78423.7927405841,69.7716066385583,69.6122307650126,7.2,,464980,705801,,5.9375,5.9618,7.5818,7.7288,4312.50916637074,2092.7459532277,106.359664931732,0.61390889
"1997-05-01",78297.0580917053,70.207571877666,69.6305175094226,7.2,,469829,715216,,6.25,6.2154,7.0826,7.1572,4622.61496582031,2203.48223544981,106.14339883793,0.61228693
"1997-06-01",79277.1491677103,71.0177035730708,69.9562079173123,7.3,,476690,724651,,6.5,6.2227,7.0397,7.0821,4649.39522879464,2207.77927813611,107.527501838262,0.60832775
"1997-07-01",81457.1822518793,71.693187716299,70.128388644367,7.1,,477240,731856,,6.75,6.5192,6.9205,6.8012,4842.84782608696,2269.9148002134,111.022361914099,0.59842592
"1997-08-01",81061.7741667254,72.2688607277093,70.3582167880205,6.8,,479740,736571,,7,6.9488,6.9655,6.8617,4945.55495605469,2323.92338130248,109.283582519933,0.62376559
"1997-09-01",80869.043581396,71.7927134116523,70.4427163782179,6.7,,480831,707314,,7,6.9772,6.7,6.6419,5010.35458096591,2356.92953160624,108.029239175882,0.62517273
"1997-10-01",80627.4655190061,70.5534619996197,70.5715209883642,6.6,,486215,709604,,7,7.1462,6.3732,6.3617,5145.13041355299,2422.74429060206,109.179774794908,0.61311686
"1997-11-01",80239.5532726131,70.0318926219359,70.6092441836325,6.5,,488678,716697,,7.25,7.2269,6.4649,6.3722,4846.23994140625,2293.44766427806,112.553525858216,0.59252793
"1997-12-01",80402.9812083802,70.1079873295253,70.6248741085309,6.4,,489848,719884,,7.25,7.1379,6.2197,6.1709,5087.53806268601,2388.16285948682,114.093340446085,0.60191005
"1998-01-01",81091.2916603514,70.836367971948,70.667992901682,6.4,,492101,728550,,7.25,7.2679,5.9569,5.9446,5242.09521484375,2455.04367308556,114.249052033622,0.61152768
"1998-02-01",82119.1913666849,71.158506830515,70.7372090229118,6.4,,495414,734223,,7.25,7.3406,5.9128,5.8841,5657.72492675781,2624.19201051687,113.669458902233,0.60999835
"1998-03-01",82747.5169729645,71.2205122108786,70.7990016589814,6.3,,495937,739482,,7.25,7.4033,5.8503,5.7782,5861.79998224432,2740.50568028599,115.442840871408,0.60208058
"1998-04-01",82912.2279628626,71.128674938582,70.9391735885638,6.3,,498118,741910,,7.25,7.2519,5.689,5.6137,5974.5150390625,2799.68291407286,116.108940440318,0.59811586
"1998-05-01",82453.4653389983,71.3001272656471,71.0614279407336,6.3,,501038,744757,,7.25,7.2596,5.7312,5.6716,5936.72103721217,2814.72543462552,113.271529289638,0.61068243
"1998-06-01",82715.3066981385,71.3245467208437,71.0766213422344,6.3,,503113,752349,,7.5,7.1409,5.6028,5.4212,5847.05450994318,2775.65446825074,115.494744733921,0.6061939
"1998-07-01",82917.4167308,71.6290424311193,71.224079036377,6.3,,506609,765244,,7.5,7.3283,5.6523,5.4529,5987.20439877717,2804.18679090536,114.828645165011,0.6084584
"1998-08-01",83619.4112520293,71.6921979533092,71.2586768260632,6.2,,508432,760248,,7.5,7.5309,5.4134,5.2977,5555.77001953125,2597.77980364844,114.646981646218,0.6130118
"1998-09-01",84023.172017172,71.8514372615757,71.3243156303972,6.2,,510005,771929,,7.5,7.279,5.0262,4.9136,5171.92731267756,2397.78725726758,114.690234864978,0.59516585
"1998-10-01",84512.2208331833,72.042404316049,71.4489256520909,6.2,,513714,772179,,7.25,7.5534,4.9345,4.8656,5063.85000887784,2337.80057464433,111.913378220563,0.59014916
"1998-11-01",84662.12801896,72.2335192488212,71.5841298547418,6.1,,516309,780092,,6.75,6.8577,4.8484,4.7458,5595.58091517857,2571.18702932387,111.238628007901,0.60182971
"1998-12-01",84727.6511478562,72.3284635150745,71.6954768712583,6.2,,520728,781148,,6.25,6.375,4.4517,4.4663,5686.26003417969,2593.92334783858,111.601955045488,0.59866941
"1999-01-01",85206.0553447664,72.1999550213908,71.7751643308961,6.2,,523507,785812,,6,5.9922,4.2265,4.3653,5975.8400390625,2714.95605986817,110.114044320131,0.60567051
"1999-02-01",85037.9287928567,72.2244159068198,71.7531594279291,6.2,,525849,790310,,5.5,5.7693,4.3691,4.4407,6010.78500976562,2757.5582974676,111.134820282876,0.61415035
"1999-03-01",85659.0158623767,72.4437974494953,72.0129538767586,6.2,,525567,789391,,5.5,5.5665,4.5874,4.572,6168.56086531929,2841.77330119334,113.435891520927,0.61720955
"1999-04-01",85817.0246041856,72.6584573874778,72.059376385657,6.1,,531236,797855,,5.25,5.3295,4.5183,4.5051,6459.86501464844,2976.57298693648,113.557000533456,0.62105018
"1999-05-01",86442.440712857,72.6235783458776,72.0915657252939,6,,535459,799694,,5.25,5.2689,4.8295,4.7259,6322.03685238487,2935.81685541951,114.612379071209,0.61908275
"1999-06-01",86144.5346829576,72.654780955574,72.0923575137,6,,537088,796152,,5,4.8972,5.0761,4.7584,6425.83635919744,2982.29774759739,114.499920702432,0.62670588
"1999-07-01",86556.4150294371,72.4085197151095,72.1059506547126,5.9,,541589,796065,,5,4.997,5.2692,4.6546,6422.83633700284,3000.89294337888,112.259403970645,0.63549292
"1999-08-01",87090.0979675022,72.3296716745121,72.148160944212,5.9,,543471,796687,,5,4.8419,5.2856,4.5301,6210.92378162202,2920.80438609146,112.882250320795,0.6223
"1999-09-01",87957.4870030613,72.3602886377307,72.2126361708264,5.8,,545342,795993,,5.25,4.919,5.5343,4.6367,6116.94096235795,2880.38767017721,114.586427139953,0.61622
"1999-10-01",88440.6166141638,72.5923848489195,72.2305274474049,5.8,,549011,799785,,5.25,5.0623,5.7012,4.5771,6071.20951915923,2835.94403239996,115.261177352615,0.603
"1999-11-01",89593.798627021,72.8010374998201,72.3711023474052,5.8,,551775,806083,,5.5,5.2513,5.127,4.084,6487.4999556108,3024.25336833802,115.088164477573,0.61603
"1999-12-01",89302.5847588153,73.314183659983,72.4746690528135,5.9,,562660,813216,,5.5,4.7814,5.2056,4.2138,6719.82001953125,3146.98772699127,115.754264046483,0.61977
"2000-01-01",90224.2697978443,73.2522346238785,72.2824304249914,5.8,,557739,812323,,5.75,5.3527,5.6221,4.468,6471.60500488281,3072.03262663932,116.091639152814,0.60922
"2000-02-01",91136.4476168457,73.3963794940866,72.4671622572494,5.8,,559753,816747,,6,5.8408,5.4379,4.3811,6178.50950985863,2947.09533523121,115.693709540218,0.62499
"2000-03-01",90944.2825853101,73.391863328841,72.4234662939762,5.7,,564130,831227,,6,5.762,5.1816,4.2524,6541.46524711277,3126.09400298963,115.096815121325,0.63303
"2000-04-01",90901.7315960032,73.2673457689266,72.4693390197997,5.6,,567822,839228,,6,5.9347,5.1409,4.351,6312.71110026042,3000.08438755016,116.974004815525,0.6316
"2000-05-01",91181.6326286141,73.1871301208338,72.5225727266729,5.5,,570114,844465,,6,5.9122,5.2306,4.3966,6210.25711495536,2959.30697729473,114.863247740019,0.66307
"2000-06-01",91832.635775381,73.2647844756367,72.7060645504733,5.3,,572749,850173,,6,5.9032,5.0488,4.3706,6455.07268732244,3077.33764706023,111.593304401736,0.66312
"2000-07-01",91723.6803902206,73.4189086306062,72.6852672098507,5.3,,575758,853682,,6,5.9867,5.0879,4.3828,6433.31905691964,3085.69649800965,111.627906976744,0.66294
"2000-08-01",92330.602662516,73.1700422113599,72.5315466552256,5.3,,579218,865891,,6,5.8846,5.1804,4.4859,6480.01819957386,3114.62323848269,112.605429720728,0.67128
"2000-09-01",92119.7169472635,73.5359193401375,72.9074867319438,5.4,,585854,867443,,6,6.1259,5.2467,4.6319,6462.6333937872,3112.4674127882,111.229977364149,0.6973
"2000-10-01",91983.9663537399,73.5117951853297,73.0187250964223,5.3,,588791,875499,,6,5.8135,5.0879,4.6096,6293.60906427557,3016.23451591415,114.058737871077,0.68894
"2000-11-01",92555.4497673142,73.5782403928331,73.1738474716933,5.2,,590660,874524,,6,5.9811,4.9765,4.3864,6360.83180930398,3050.27653328265,112.172897533125,0.70142
"2000-12-01",93817.5838789447,73.4245423878799,73.0590870221836,5.2,,601680,881583,,6,5.7383,4.7994,4.2955,6243.13682154605,2989.6654045241,111.956631439323,0.68426
"2001-01-01",93800.2709606211,73.7933324181373,72.982517283866,5.2,,602070,892270,,6,5.9208,4.7423,4.3345,6193.47725053267,2979.83366776167,109.707464063784,0.6765
"2001-02-01",94086.4837208817,74.0407189412186,72.9703895388914,5.1,,606636,892967,,5.75,5.8447,4.724,4.4173,6118.41999511719,2955.30596862211,109.032713851122,0.68787
"2001-03-01",95002.245318496,74.1954205781063,73.1284434792897,5,,612203,900338,,5.75,5.4017,4.6151,4.4368,5713.40909090909,2759.71443001068,110.070791101371,0.69205
"2001-04-01",95415.3116569241,74.335222166545,73.2767792542975,4.9,,618113,904723,,5.5,5.3159,4.8772,4.7394,5767.89997944079,2771.55728270388,110.996409982843,0.69698
"2001-05-01",95373.0656551463,74.8637169256828,73.750233217088,5,,622535,906104,,5.25,5.5203,5.0388,4.8518,5877.36188616071,2841.84660947592,111.740365345521,0.70166
"2001-06-01",95939.6226879302,74.8967580033545,73.9170813492046,5,,630685,915168,,5.25,4.7796,5.1053,4.9808,5753.07145182292,2786.31693771608,111.541400539223,0.71375
"2001-07-01",95474.0301889778,74.7955686483261,73.7641054671191,5.1,,633005,921007,,5.25,5.2943,5.1106,4.8873,5462.42731267756,2640.54868715267,111.835522426794,0.70732
"2001-08-01",96428.1315693312,74.6597834432268,73.9173248060327,5.1,,638039,928432,,5,4.8046,4.9063,4.6895,5444.3681862571,2633.1273324976,110.866650326562,0.69595
"2001-09-01",96263.8382416908,74.5958394512963,73.9169590237189,5.1,,642702,938022,,4.75,4.8526,4.9374,4.8757,4887.19501953125,2356.57179851423,112.164246889373,0.68372
"2001-10-01",95837.612374183,74.4520831348217,73.8043540702826,5.1,,646062,942729,,4.5,4.5973,4.7807,4.7529,5060.03044327446,2418.84563507858,111.61060568924,0.68902
"2001-11-01",96239.8452271517,74.394650580085,73.7828662125193,5.2,,652635,944258,,4,3.5761,4.5876,4.4738,5242.32732599432,2522.93930383093,111.489496676711,0.69619
"2001-12-01",96274.5423986662,74.6766237423287,73.8418916507749,5.2,,655156,940141,,4,4.5841,4.8392,4.6443,5181.27369449013,2507.58632633358,111.774967920529,0.69485
"2002-01-01",96482.9690578993,75.2802532622109,74.0787440730404,5.1,,658360,942277,,4,3.7685,4.8597,4.7152,5190.8545365767,2514.55930202478,111.35973702043,0.6982
"2002-02-01",96949.6748032147,75.4711963734309,74.0743686329839,5.2,,662707,949308,,4,4.0574,4.8666,4.7266,5126.8099609375,2475.99460925174,111.532749895471,0.703
"2002-03-01",99053.3561388863,75.3451100492451,74.2327543266713,5.2,,669011,949392,,4,4.0431,5.1556,4.9897,5252.40500488281,2543.58951058013,110.883951614066,0.70305
"2002-04-01",98350.9681888202,75.6385046137615,74.2855109198263,5.2,,668652,954235,,4,3.752,5.1727,5.0215,5206.32856677827,2530.86607374554,111.454894101703,0.69321
"2002-05-01",100866.692003582,75.2650998624123,74.3739053583816,5.2,,675951,955127,,4,3.9273,5.2116,5.0827,5167.79092684659,2514.0520655695,110.295707838925,0.68527
"2002-06-01",96298.3398075972,76.4783793873239,74.4250210021728,5.2,,682889,969559,,4,3.5006,5.0424,4.9411,4732.36108398438,2309.20231553883,109.257630588676,0.67293
"2002-07-01",99763.0813918647,75.9097272825548,74.5417579483233,5.2,,685611,973138,,4,3.861,4.9605,4.8226,4238.09565005095,2060.91847557192,111.506797964215,0.64376
"2002-08-01",99034.989586442,76.335947965719,74.6005510699649,5.3,,689555,981641,,4,4.1371,4.7243,4.5793,4255.8142671131,2054.70904361227,111.697112126761,0.651
"2002-09-01",100431.929021694,76.3214706362727,74.6357828206096,5.2,,695231,991436,,4,3.8711,4.4812,4.3933,3956.7238188244,1917.23434866686,112.908202252051,0.64327
"2002-10-01",100583.787902595,76.7931947786943,74.7928987640817,5.2,,699555,994809,,4,4.0884,4.6055,4.5451,3968.92606784986,1902.65119130406,113.159070920861,0.64219
"2002-11-01",101491.653294642,76.8787036917925,74.8926881191976,5.1,,707696,1000248,,4,3.6521,4.6263,4.6043,4102.08576311384,1969.92214336537,112.259403970645,0.64037
"2002-12-01",102131.55880276,76.9183353013901,75.032601321648,5,,709722,1005772,,4,4.3953,4.5506,4.57,3948.99996337891,1900.52293350729,112.164246889373,0.63043
"2003-01-01",101373.471494051,77.0257678668509,75.0691211665847,5.1,,716057,1004831,,4,3.8044,4.3822,4.4475,3786.82728160511,1827.41938010471,110.235153332661,0.61875
"2003-02-01",102643.946037569,77.040079901378,75.2736051868454,5.2,,723611,1011715,,3.75,3.7243,4.2209,4.3944,3643.91000976562,1755.43559536942,108.755893251056,0.62134
"2003-03-01",103467.582468382,77.3194940148643,75.4391857761045,5.1,,724940,1017711,,3.75,3.9196,4.3386,4.5567,3637.90954008556,1747.6371531167,106.826799694344,0.63182
"2003-04-01",104123.078297884,77.6294474947905,75.4025898878926,5,,731062,1028191,,3.75,3.619,4.4792,4.6823,3862.94998779297,1853.45798770143,106.004988537897,0.63527
"2003-05-01",103977.661770324,77.9162281078204,75.2837388078658,4.9,,737101,1029299,,3.75,3.6875,4.231,4.4898,3988.41499023437,1932.5479054214,104.612234893813,0.61623
"2003-06-01",104847.259931789,77.9014468187793,75.2281484376193,5.1,,741938,1043345,,3.75,3.6535,4.1268,4.455,4119.69997442336,2009.10263594421,106.463472656757,0.60224
"2003-07-01",105562.877091284,78.0487948452118,75.415540595565,5.1,,747398,1038595,,3.5,3.2923,4.4284,4.7108,4079.1087274966,2002.79788564498,105.658962787814,0.61551
"2003-08-01",105733.351229164,78.2492795648576,75.5783836942271,5,,754762,1041272,,3.5,3.5053,4.5936,4.688,4179.69997558594,2063.75032350925,105.278334462723,0.62734
"2003-09-01",106166.771679553,78.3622761291285,75.7646059946129,5,,760937,1052915,,3.5,3.5179,4.6834,4.7482,4234.96367853338,2098.53368368057,105.563805706541,0.62108
"2003-10-01",107614.840804764,78.1328182684199,75.8915190472097,4.9,,769986,1054514,,3.5,3.355,4.8785,4.8213,4290.4304517663,2125.02870569182,106.774895831831,0.5966
"2003-11-01",106527.413620829,78.3269676715259,75.8925365160042,4.9,,775448,1067842,,3.75,3.5483,5.0296,4.8758,4349.44497070313,2150.80736140452,107.345838319468,0.59212
"2003-12-01",106295.745574406,78.4274602620825,76.0195959892417,4.8,,782933,1077576,,3.75,3.7778,4.8675,4.7649,4392.33331008185,2168.86719779682,107.97733531337,0.57137
"2004-01-01",107201.513146871,78.270214218775,76.1764848144743,4.8,,787187,1091143,,3.75,3.7159,4.7587,4.6986,4470.77620442708,2217.14123912348,109.785319857553,0.54898
"2004-02-01",107455.489261372,78.5236704272658,76.2754342135774,4.8,,792285,1095113,,4,4.0873,4.7765,4.7303,4443.13500976562,2217.56758167731,112.415115558183,0.53559
"2004-03-01",108120.997591756,78.8656413218876,76.2401048150942,4.8,,795540,1099193,,4,3.904,4.674,4.6298,4446.71303923234,2222.62651958406,111.627906976744,0.54718
"2004-04-01",109623.650657847,79.45442080668,76.3233710214774,4.8,,806418,1106436,,4,3.8914,4.918,4.8056,4515.52001953125,2253.51556483554,111.463544745455,0.55479
"2004-05-01",109759.023736724,79.9660936810399,76.3886296475987,4.8,,810315,1117186,,4.25,4.203,5.0596,4.907,4453.07894736842,2210.46802419336,111.082916420364,0.56001
"2004-06-01",110349.325605427,79.9502018627726,76.4201531618257,4.8,,814624,1127847,,4.5,4.3628,5.1342,4.8883,4478.33185369318,2227.30866406192,112.458368776943,0.54721
"2004-07-01",110630.861889397,79.6700692745763,76.4908841333024,4.7,,822625,1134116,,4.5,4.4623,5.0435,4.8168,4362.70001775568,2174.71182543789,112.302657189406,0.54309
"2004-08-01",110169.25595935,79.9196455606472,76.552349024852,4.7,,830559,1147980,,4.75,4.63,4.9452,4.7015,4382.6476469494,2175.47885717714,111.61060568924,0.54963
"2004-09-01",110791.882151254,80.250816171984,76.590066682362,4.7,,835393,1149434,,4.75,4.7314,4.8562,4.6509,4560.74542791193,2265.36204356914,109.603656338759,0.55782
"2004-10-01",112014.43202235,80.9752806896974,76.7944199748706,4.7,,842880,1158527,,4.75,4.7297,4.7234,4.591,4645.18570963542,2305.57477645115,108.461771363486,0.55379
"2004-11-01",113202.848016316,81.2727750101936,76.9881907706362,4.7,,847604,1165563,,4.75,4.7408,4.6455,4.4991,4744.16359641335,2359.53565331343,108.427168788477,0.53776
"2004-12-01",113317.719961332,81.4443768795912,77.2099601055758,4.7,,852239,1173581,,4.75,4.7618,4.4885,4.3963,4746.37618582589,2372.40929282234,110.373563632694,0.51831
"2005-01-01",114151.905053523,80.9919431465819,77.3989381366164,4.8,,860173,1190072,,4.75,4.7599,4.5004,4.4296,4826.48996582031,2422.6222803698,108.401216857221,0.53086
"2005-02-01",114023.598562173,81.0537056801592,77.4753748785344,4.7,,863782,1198013,,4.75,4.816,4.5367,4.4359,4999.00998535156,2509.70574626108,109.110569644891,0.52982
"2005-03-01",113078.496384305,81.8162055782752,77.6478231147627,4.7,,869208,1212718,,4.75,4.7618,4.7419,4.6557,4961.84760974702,2491.39450555235,109.136521576147,0.52481
"2005-04-01",115729.986658581,82.0283165324688,77.7481476865671,4.8,,875376,1220514,,4.75,4.8125,4.5753,4.5315,4887.8238234747,2451.25498375292,110.070791101371,0.52782
"2005-05-01",115744.591873311,82.5783103471839,77.8829908988828,4.8,,885639,1240031,,4.75,4.7079,4.3748,4.3679,4928.92492675781,2456.72376479683,109.352787669949,0.53849
"2005-06-01",117016.421468108,82.3529232038642,77.9027616154259,4.7,,891108,1243602,,4.75,4.7935,4.2466,4.2746,5050.30453213778,2529.1201615734,110.062140457619,0.54982
"2005-07-01",117089.256494262,82.4502073908126,78.2695317627757,4.7,,900577,1258053,,4.75,4.7546,4.2681,4.3141,5228.05240885417,2615.1687486577,106.878703556856,0.57127
"2005-08-01",116790.823158774,82.4832186584157,78.321919317805,4.7,,906181,1262141,,4.5,4.5775,4.2856,4.3086,5311.01817737926,2661.65830019003,107.735117288312,0.55765
"2005-09-01",118120.920346965,82.4498006506662,78.5119790199294,4.9,,913670,1277419,,4.5,4.5499,4.1709,4.1856,5392.56818181818,2705.64509877623,108.409867500973,0.5531
"2005-10-01",117511.522594624,82.9559960344258,78.6066456283871,5.1,,917906,1290021,,4.5,4.4246,4.3072,4.2785,5292.9380812872,2652.67873069319,107.190126731931,0.56701
"2005-11-01",118324.665942778,83.0487241712427,78.6782812410566,5.1,,924739,1307050,,4.5,4.5458,4.2626,4.1822,5458.19089577415,2744.59692061941,107.129572225666,0.57634
"2005-12-01",121166.811462596,82.5672050494258,78.7015088996569,5.1,,931693,1322158,,4.5,4.6381,4.1672,4.064,5547.24494628906,2805.80518184922,107.259331881948,0.57299
"2006-01-01",120094.708322855,83.181760721728,78.9394780699365,5.2,,936494,1331061,,4.5,4.4829,4.019,3.843,5711.15236700149,2896.55246958434,105.970385962889,0.56619
"2006-02-01",120151.180466023,83.505994319816,79.0717683763821,5.2,,945916,1344417,,4.5,4.4255,4.0992,3.9043,5806.73996582031,2958.06111481562,105.927132744128,0.57206
"2006-03-01",120967.111211121,83.5643752851448,79.0467757307228,5.3,,954934,1361173,,4.5,4.5402,4.2599,4.0524,5938.8173828125,3028.99995851994,105.122622875186,0.57359
"2006-04-01",121442.851885483,84.1486666514317,79.364671602816,5.4,,963042,1376683,,4.5,4.4928,4.4635,4.2563,6054.4055718316,3088.09130272213,105.010164506409,0.56615
"2006-05-01",122468.580970923,84.5049054359256,79.6751471120573,5.5,,962570,1384704,,4.5,4.5093,4.5827,4.3123,5845.99527994792,2983.53719802608,108.548277801006,0.53491
"2006-06-01",123130.567143594,84.7440589661121,79.8744203524978,5.5,,968780,1411752,,4.5,4.5712,4.5967,4.36,5668.05000443892,2883.70095970431,108.496373938494,0.5425
"2006-07-01",122810.83170882,85.1166074338894,80.0564735024677,5.5,,973740,1423634,,4.5,4.5459,4.5878,4.3437,5833.67143322173,2961.22816893931,108.27145720094,0.54221
"2006-08-01",123833.234978779,85.1309179306528,80.2966788095797,5.5,,979361,1436588,,4.75,4.8026,4.5749,4.2944,5877.72725053267,2985.37501642327,110.633082945256,0.52833
"2006-09-01",124238.9333124,85.0866026274765,80.426735452649,5.5,,985440,1460832,,4.75,4.7892,4.4697,4.1689,5896.10951450893,3010.91194871865,110.814746464049,0.53017
"2006-10-01",123393.170571361,85.2206227730098,80.5304915343434,5.4,,991832,1470974,,4.75,4.8255,4.5287,4.1801,6101.37726384943,3123.47110636871,110.953156764083,0.53337
"2006-11-01",124528.728977774,85.0384171000077,80.7810762598284,5.5,,1000190,1477255,,5,4.9968,4.4554,4.1107,6167.75907759233,3168.88952969673,111.411640882942,0.52315
"2006-12-01",124978.100450867,85.0998196151113,81.1069558499878,5.5,,1005106,1492760,,5,5.0844,4.5301,4.1865,6171.57892166941,3189.6385214444,112.726538733257,0.50921
"2007-01-01",125371.850277521,84.7967934930852,81.0719378094696,5.5,,1009397,1501080,,5.25,5.2231,4.7577,4.333,6237.79092684659,3228.89721513285,113.020660620828,0.5104
"2007-02-01",125253.138966073,85.2028805856065,81.261590158812,5.5,,1015572,1514386,,5.25,5.3183,4.7896,4.3838,6362.68996582031,3297.87601908047,112.536224570712,0.51103
"2007-03-01",126333.010756405,85.7839492974637,81.5358413769462,5.5,,1022302,1537584,,5.25,5.3032,4.7198,4.3572,6205.70913973722,3224.76358133162,110.892602257818,0.51356
"2007-04-01",126914.280319157,86.5755334498964,81.5561617731666,5.4,,1027391,1555674,,5.25,5.2915,4.9348,4.5599,6434.35788445724,3347.36166424607,111.264579939157,0.50254
"2007-05-01",129781.575787987,86.4986450666495,81.5588433114793,5.4,,1036078,1576775,,5.5,5.4778,5.0302,4.6282,6569.77620442708,3414.77755123897,110.667685520264,0.50414
"2007-06-01",129448.143892854,87.0789082796583,81.752823374045,5.3,,1042124,1591106,,5.5,5.6093,5.3099,4.8576,6597.96665736607,3410.39040666535,111.454894101703,0.50362
"2007-07-01",129089.674864146,86.9561265124285,81.5623583399911,5.3,,1048920,1610100,,5.75,5.8434,5.2899,4.8096,6561.87737482244,3389.27217293211,111.480846032959,0.49184
"2007-08-01",130582.458662458,86.6173457250133,81.6774019816478,5.3,,1052740,1635324,,5.75,5.9127,5.0468,4.615,6177.22272283381,3193.04132049061,111.005060626595,0.49768
"2007-09-01",129618.866473394,86.8148945217961,81.8478132303998,5.2,,1055675,1647912,,5.75,5.8246,4.912,4.5902,6345.10998535156,3268.33202470295,109.430643463718,0.4959
"2007-10-01",130038.523995132,86.8549465356427,82.2708785721928,5.2,,1059768,1641946,,5.75,5.7751,4.8838,4.6008,6599.2782141644,3390.35117722154,108.738591963552,0.48943
"2007-11-01",130613.724030458,86.8651278120656,82.4995397947552,5.2,,1065545,1642812,,5.75,5.7892,4.6734,4.4923,6325.12273615057,3241.75289978186,107.389091538229,0.48292
"2007-12-01",131591.75197441,87.0828415511559,82.813425746698,5.2,,1070381,1669806,,5.5,5.5964,4.6506,4.5049,6431.13679584704,3267.12638724813,105.702216006575,0.4942
"2008-01-01",131926.154089885,87.4041738409038,82.8914994050207,5.2,891833,1078980,1687777,,5.5,5.5049,4.4628,4.399,6031.19094016335,3067.69818602476,101.065470955464,0.50771
"2008-02-01",133800.880197504,87.5414131648198,83.2279714373416,5.2,893842,1082539,1693749,,5.25,5.3322,4.6092,4.5686,5910.13337053571,3023.09386744649,100.485877824075,0.50925
"2008-03-01",132072.965712611,88.3199092999481,83.5033509240354,5.3,889480,1088895,1712524,,5.25,5.3078,4.4489,4.526,5676.26842619243,2909.31071072846,98.972015167462,0.49913
"2008-04-01",134015.171045944,88.3044433258047,83.9215954245441,5.2,890121,1095086,1722939,,5,5.08,4.6418,4.705,5993.57273171165,3057.15159181918,97.2245851295434,0.5048
"2008-05-01",133433.693594495,88.8358484499839,84.3414178076111,5.4,885592,1104380,1736238,,5,5.0314,4.8383,4.7793,6187.20498046875,3150.16106799032,97.2418864170475,0.50881
"2008-06-01",133236.13535956,89.4546828549961,84.9531438759432,5.5,880327,1106243,1760096,,5,5.0326,5.1394,4.8811,5778.27141462054,2940.68150149704,97.4841044421056,0.5092
"2008-07-01",133454.831095314,89.5623786919388,85.1970599640241,5.7,872333,1105190,1772826,,5,5.0099,4.9973,4.8266,5375.22172214674,2726.4935280245,97.2591877045517,0.50284
"2008-08-01",133170.657652306,90.053468599061,85.5768433488564,5.9,870911,1110644,1799870,,5,4.997,4.6919,4.6822,5465.71506347656,2783.14017310976,96.4027739730965,0.51293
"2008-09-01",133368.511252379,90.6701591454996,86.059864078688,6,872454,1112637,1825895,,5,4.8925,4.5511,4.6352,5231.70456764915,2666.03056857144,94.9235138914921,0.55668
"2008-10-01",133712.131828304,90.7063483724321,85.9029948282346,6.2,854866,1107215,1873810,,4.5,4.4115,4.5873,4.7798,4282.05654509171,2162.56849381084,94.5861387851613,0.59215
"2008-11-01",130742.43682048,91.4121047406298,85.8309036094598,6.4,861405,1115029,1898743,,3,2.7846,4.3188,4.8252,4223.96502685547,2110.72988343224,88.9978229213224,0.65164
"2008-12-01",130666.431351216,90.7214760798933,85.3135759193928,6.5,860856,1120295,1933966,,2,1.6525,3.6594,4.2931,4270.75241815476,2128.79603822726,83.9112443951037,0.672455
"2009-01-01",128715.99440276,90.8966669355689,85.3853693060864,6.7,869763,1124457,1968683,,1.5,1.326,3.7487,4.4796,4281.8428780692,2144.34650537025,81.8177886071022,0.694118
"2009-02-01",129427.512707893,90.8586118102911,85.7863140932767,7.1,877346,1131438,1992435,,1,0.8973,3.7984,4.5595,4074.17501220703,2046.21239104377,84.6638504015341,0.69437
"2009-03-01",128730.492889346,90.9291978283623,85.8677427363902,7.3,880634,1131545,2004696,,0.5,0.5224,3.3264,4.2322,3760.2363503196,1902.0312535718,82.630949119797,0.708614891167414
"2009-04-01",129479.462008266,90.6652330373066,85.872824239732,7.6,874534,1138986,1977660,,0.5,0.4099,3.4794,4.5026,4046.33499755859,2066.41289137732,84.3091740076991,0.6804913466759
"2009-05-01",127916.988036964,91.2857304323613,86.1249647158251,7.8,875009,1143133,1986031,,0.5,0.4133,3.7274,4.6251,4393.77896278783,2243.29037267843,86.3420752894361,0.649203353379523
"2009-06-01",129156.54995477,91.3911719935815,86.4876377296808,7.9,864849,1144755,1979342,,0.5,0.4158,3.8165,4.7167,4349.25454989347,2220.39001721034,90.2002624028605,0.6113946705859
"2009-07-01",130665.375796973,91.4926082244753,86.8493902730406,7.9,877604,1152255,1987565,1537406,0.5,0.4173,3.9124,4.6673,4374.50002122962,2232.72499141634,89.9580443778025,0.61165630603677
"2009-08-01",128874.872983907,91.748212916237,86.9029442130958,7.8,872741,1158182,1990794,1540824,0.5,0.422,3.8053,4.3746,4755.63999023437,2438.93593596425,89.9320924465462,0.604287020390287
"2009-09-01",129055.751219122,91.331187650078,87.0763581328316,7.9,893081,1165370,2010933,1536225,0.5,0.4302,3.7587,4.1985,5033.13638583097,2586.27987366986,87.4926109084618,0.612146716720502
"2009-10-01",128689.934206111,90.7019907412335,87.2209260068651,7.8,903020,1174945,2048324,1537813,0.5,0.4472,3.67,4.198,5161.18639026989,2650.71938613583,85.4164564079644,0.618104620227254
"2009-11-01",128716.680569822,90.7216562404948,87.5508610075854,7.8,909633,1180218,2041692,1540070,0.5,0.4509,3.8712,4.3672,5242.28576078869,2680.72939004752,87.2936461021641,0.602907562848925
"2009-12-01",129372.385224071,91.0634153517213,87.8066399917823,7.7,919966,1185934,2043267,1541622,0.5,0.4492,4.0162,4.4841,5309.54282924107,2708.08843822477,86.8351619833043,0.615736673919478
"2010-01-01",129995.456019967,92.1700200866226,88.267350398146,7.9,947926,1185925,2211332,1546356,0.5,0.4545,4.16,4.5535,5411.64501953125,2767.62086654528,87.284995458412,0.61837537576782
"2010-02-01",132112.71322336,92.1689859497249,88.3289470507928,8,950835,1195365,2218042,1546426,0.5,0.4672,4.2212,4.6892,5231.925,2679.38689430375,86.5410400957338,0.640313866767173
"2010-03-01",134067.830756674,92.2154593946682,88.7214826997522,8,952689,1203853,2225246,1554795,0.5,0.4713,4.2345,4.7612,5621.03046450408,2875.71391917352,83.4268083449877,0.664588140823565
"2010-04-01",133341.804461531,92.4427742991719,89.0319601739426,7.9,956974,1204193,2209155,1550980,0.5,0.4726,4.2503,4.7385,5720.74499511719,2939.4713279413,85.5462160642455,0.652538926354132
"2010-05-01",134000.410536446,92.2249871885769,89.1153964254338,7.9,956775,1205630,2203219,1554192,0.5,0.4842,3.9095,4.5145,5222.87371504934,2694.79097722164,85.5029628454851,0.683477159499202
"2010-06-01",133880.785002024,92.431848350423,89.3483352619241,7.8,956553,1208964,2207393,1557663,0.5,0.487,3.7076,4.4454,5139.44546786222,2653.18622639851,87.752130221024,0.683753240734918
"2010-07-01",134429.010764461,92.5133758990055,89.5069421224452,7.8,954171,1209165,2202988,1554284,0.5,0.49,3.611,4.4313,5158.39089133523,2664.55848967467,88.1068066148589,0.654080079169184
"2010-08-01",135235.447595124,92.5497291957584,89.7461662595926,7.8,942082,1212584,2179156,1556094,0.5,0.491,3.3227,4.25,5279.55236235119,2723.34653396643,89.6985250652403,0.629095947065532
"2010-09-01",134700.541640417,92.5802526101928,89.7706304350908,7.9,937843,1217265,2183284,1562811,0.5,0.501,3.2238,4.1611,5514.59548117898,2846.48572460506,87.7953834397843,0.642172293893786
"2010-10-01",135849.501168147,92.4089100582162,90.0179685415377,7.9,945894,1218555,2174209,1545386,0.5,0.5083,3.1732,4.1595,5687.18091982887,2939.95458651649,85.7019276517828,0.630602623252059
"2010-11-01",134937.912408688,93.0021870805291,90.3557720725722,7.9,939832,1223892,2160980,1555015,0.5,0.5086,3.4256,4.4027,5734.35906427557,2961.79115241899,87.3715018959328,0.626252102394609
"2010-12-01",136001.586423168,93.7224777367566,90.9946162936769,7.9,943970,1226866,2155138,1571307,0.5,0.5173,3.7234,4.5129,5868.38092912946,3039.81310700445,87.3195980334203,0.640902391
"2011-01-01",139218.327719219,94.3341221156419,91.7440568565268,7.8,938370,1229256,2154734,1544705,0.5,0.5059,3.8403,4.5559,5971.58999023438,3098.65279513092,87.6137199209908,0.643824490391896
"2011-02-01",138094.93173703,94.9198310681198,92.0932950908468,7.8,935022,1229746,2154364,1546334,0.5,0.5084,3.9952,4.6035,6020.96494140625,3121.94279108674,88.6950503899999,0.620199609428783
"2011-03-01",137492.74054375,94.5956229808226,92.1889175189575,7.7,943624,1234055,2168242,1547490,0.5,0.5154,3.8473,4.498,5856.92170516304,3042.25017695811,86.9476203520812,0.618555867910639
"2011-04-01",137039.789272826,94.43147092385,92.9969483500093,7.8,943603,1237058,2159683,1542760,0.5,0.524,3.8744,4.4819,6007.86105685764,3116.61930658594,86.7054023270232,0.611931417263542
"2011-05-01",137442.792389352,93.8388379036474,93.1139722632674,7.9,947084,1237113,2167544,1547809,0.5,0.5217,3.6111,4.3555,5937.96499023438,3093.17528904493,86.8178606958001,0.612771123264387
"2011-06-01",137881.418337824,93.6613537639219,93.2115722004918,8,938197,1242136,2161683,1548686,0.5,0.5311,3.5253,4.3777,5792.18179598722,3023.39478661979,85.8576392393201,0.610928002311439
"2011-07-01",138192.881322149,94.1886055633248,93.5563424731275,8.2,944046,1246923,2154947,1557556,0.5,0.5228,3.425,4.3706,5909.81905691964,3077.6516898756,85.736530226791,0.620222638472582
"2011-08-01",138660.89648135,94.4648298640422,93.7817950587958,8.3,947188,1248693,2144679,1563925,0.5,0.538,2.8681,4.0108,5271.31363192472,2737.66438956364,87.1119825833706,0.610779915429517
"2011-09-01",139261.222196502,94.9648682782566,94.3554988839627,8.4,948947,1253863,2132450,1563516,0.5,0.5486,2.5625,3.6734,5228.50454989347,2711.42392341631,87.0081748583457,0.63364796889637
"2011-10-01",138899.766288877,95.1098792698852,94.4936480532493,8.5,943572,1257067,2111625,1567094,0.5,0.5358,2.6052,3.4363,5408.6238374256,2790.3765160236,87.163886445883,0.634544234149956
"2011-11-01",139508.720194837,95.1424169096583,94.6423553541737,8.4,945095,1257620,2094936,1563367,0.5,0.5347,2.3599,3.1907,5402.51360529119,2783.97800768961,88.2538675586441,0.631473630567336
"2011-12-01",140896.513516289,95.1799264838604,94.8787110688435,8.3,941277,1265173,2086769,1559828,0.5,0.5201,2.2415,3.1633,5480.08996582031,2814.18536309911,88.9805216338183,0.64081113079949
"2012-01-01",141449.440656759,95.3646405209787,95.041507611891,8.3,945425,1268190,2100288,1570644,0.5,0.5157,2.1699,3.0726,5694.4619140625,2929.71361761688,88.5998933087271,0.644326580247192
"2012-02-01",141537.729197408,95.5073859180687,95.1751375655533,8.2,944222,1274552,2074396,1572189,0.5,0.4993,2.2869,3.3152,5893.36193266369,3047.48740632988,88.5998933087271,0.63294989463624
"2012-03-01",141552.830145833,95.6260303722597,95.3706069959699,8.2,947661,1280030,2072330,1582000,0.5,0.49,2.3545,3.412,5875.40454101562,3050.7929458204,88.6258452399833,0.632253224236335
"2012-04-01",141686.050921717,95.8499895804856,95.7930870914668,8.1,947098,1281752,2087547,1592383,0.5,0.4861,2.2214,3.3773,5725.5947265625,2977.59405859402,90.1829611153563,0.62504681596288
"2012-05-01",142216.937555909,95.5539406049953,95.6320152681576,8,947029,1286224,2092415,1591069,0.5,0.4848,1.9841,3.147,5466.4619140625,2839.25951469044,91.5065096094234,0.628245429980224
"2012-06-01",141036.011522375,95.7077501018533,95.4674249959859,8,961884,1290706,2069707,1606442,0.5,0.4859,1.8085,2.94,5480.45790501645,2842.79052401055,90.5116855779351,0.642536407088311
"2012-07-01",144194.000063613,95.7718283428699,95.8780114922761,7.9,969911,1295841,2068045,1617803,0.5,0.4646,1.6902,2.8561,5636.46819513494,2924.90816737634,91.7660289219856,0.64148231
"2012-08-01",144304.434099231,96.0468259875811,96.0988216405968,7.8,979493,1308798,2072497,1628268,0.5,0.45,1.7218,2.8525,5796.95452325994,3010.35864203414,91.8871379345146,0.636433864043525
"2012-09-01",142465.565837156,96.6290796030047,96.426281704947,7.8,981887,1312832,2080087,1633062,0.5,0.4271,1.765,2.9721,5805.44501953125,3028.81300944748,91.9995963032916,0.620439485361936
"2012-10-01",143322.687543465,96.7461872079568,96.9481082910159,7.8,986666,1319324,2067922,1636851,0.5,0.4334,1.8116,3.0221,5831.8173828125,3046.31260970823,91.6189679782004,0.621769866180863
"2012-11-01",144411.920857278,96.7330120975839,97.2041589416364,7.8,1003851,1326639,2061497,1643907,0.5,0.4256,1.8154,3.0043,5787.52727716619,3024.28817526784,91.8784872907625,0.626334663050422
"2012-12-01",145537.391599258,96.7908195519208,97.3628684509988,7.8,1010099,1329131,2090394,1642904,0.5,0.4309,1.8896,3.0636,5922.72103721217,3099.07368499201,91.9476924407791,0.6447453255
"2013-01-01",145093.319681192,97.3369770413269,97.5585191662805,8,1021906,1339594,2099065,1649047,0.5,0.4097,2.1304,3.2418,6161.87726384943,3229.88681520066,90.1829611153563,0.626363870081418
"2013-02-01",146041.41491262,97.6539015966046,97.8996770534343,7.8,1034477,1348090,2103025,1657025,0.5,0.4261,2.2352,3.3631,6316.35495605469,3321.62748571959,87.6310212084949,0.646060869497775
"2013-03-01",147148.265406187,97.6602616473045,98.0815242893964,7.8,1041479,1349023,2096099,1660660,0.5,0.4353,2.0388,3.209,6435.5900390625,3392.13598980006,86.7400049020315,0.663440059010581
"2013-04-01",146551.266645017,97.6975666350865,98.1124120565394,7.7,1046268,1355066,2095195,1668491,0.5,0.4396,1.8329,2.9972,6361.00955636161,3352.74713813711,88.0203001773382,0.65375286834071
"2013-05-01",147136.15176121,97.7819099237392,98.2642517077297,7.7,1049254,1365164,2096162,1674144,0.5,0.4336,2.0052,3.1341,6647.36188616071,3503.28189942756,88.4182297899335,0.653403659672531
"2013-06-01",148407.581593777,97.7495865733105,98.2829458573441,7.7,1059440,1370940,2097998,1678812,0.5,0.4252,2.3746,3.3913,6299.43500976563,3328.03950988316,88.8421113337851,0.645100322317079
"2013-07-01",149063.856936052,98.2263507396003,98.5677844162789,7.7,1072520,1377256,2109165,1682976,0.5,0.4301,2.5525,3.5175,6517.86954398777,3453.31696456106,87.8386366585447,0.658342307787459
"2013-08-01",148982.988163135,98.5146221900935,98.6946364605535,7.6,1082568,1381310,2120915,1693271,0.5,0.427,2.8034,3.6486,6521.47619047619,3468.46952874036,89.1535345088597,0.64549
"2013-09-01",150753.154900812,98.4940824078914,99.0036704786929,7.4,1091458,1384888,2144246,1699315,0.5,0.4299,2.9384,3.6907,6552.35714285714,3488.81333173357,91.0739774218198,0.6302
"2013-10-01",150407.665161911,98.3728265445583,98.9983165631034,7.2,1102912,1389150,2131049,1703885,0.5,0.4313,2.7592,3.5304,6571.94786005435,3502.98782728354,90.9874709842991,0.621152058610143
"2013-11-01",150694.539950999,98.4398777310024,99.1540290316811,7.2,1114712,1398980,2133401,1720087,0.5,0.43,2.8469,3.6202,6694.31905691964,3563.53714583358,92.0601508095561,0.621939403543345
"2013-12-01",151080.794887092,98.6755706562318,99.3580093673879,7.1,1125760,1401106,2104937,1715459,0.5,0.4215,3.0481,3.7068,6572.98500976563,3514.5744840634,93.2971928661024,0.610681512500681
"2014-01-01",151925.272725092,98.9019054022788,99.49390476376,6.9,1131638,1409220,2129588,1717860,0.5,0.4287,2.9871,3.6438,6714.86359197443,3598.0745394449,94.1017027350452,0.607025743389186
"2014-02-01",153033.186174617,98.8931135228644,99.6311821310289,6.7,1140043,1419346,2147285,1731033,0.5,0.4197,2.8761,3.576,6693.05002441406,3594.50250375953,94.6293920039216,0.612956557242201
"2014-03-01",152724.541100292,98.8730529950259,99.704046673708,6.6,1147651,1420455,2115755,1734209,0.5,0.4159,2.8541,3.5432,6631.69993954613,3573.18142642297,94.196859816318,0.601568574344447
"2014-04-01",153293.972451409,98.6914961389061,99.9542729724261,6.4,1155890,1426003,2105898,1738588,0.5,0.422,2.811,3.5082,6651.9650390625,3570.61099572658,95.0100203290128,0.597447382499358
"2014-05-01",153390.142657765,98.5773394961265,99.7970966956232,6.3,1164319,1433873,2099836,1742925,0.5,0.4233,2.7609,3.4493,6834.8099609375,3643.01199614306,95.5550108853934,0.593458803414908
"2014-06-01",154864.884890827,99.1500403910651,100.174294393725,6.1,1175648,1439745,2111830,1756986,0.5,0.4251,2.8425,3.4849,6804.31431361607,3631.39046561375,96.5930881356421,0.59157923006607
"2014-07-01",156658.573164534,99.6428667725923,100.137092997787,6,1175931,1444501,2105565,1755992,0.5,0.4283,2.7738,3.3851,6772.03044327446,3610.24695676276,97.6311653858908,0.592311792927797
"2014-08-01",156568.61174567,100.1547027503,100.167832568257,6,1180692,1451114,2110500,1764553,0.5,0.4228,2.5666,3.1375,6712.2349609375,3582.20449254125,96.7747516544356,0.598736050060747
"2014-09-01",157396.815089796,100.112685639928,100.174166652194,5.9,1188237,1454834,2111367,1772122,0.5,0.4319,2.5213,3.1186,6777.75457208807,3613.82635295023,96.2730143168154,0.613635534469076
"2014-10-01",157279.300343775,99.9600888508629,100.27507264121,5.9,1187558,1461499,2094637,1765458,0.5,0.4308,2.2733,2.9377,6408.63482931386,3422.72281462536,96.1865078792947,0.62245663050691
"2014-11-01",157280.459606794,99.6421575349731,100.00952793836,5.7,1192557,1466717,2094784,1775416,0.5,0.4325,2.1846,2.8663,6644.13000488281,3550.81699867591,95.6415173229141,0.624960939941254
"2014-12-01",158098.240049433,99.5223436870977,99.8625200025545,5.6,1203875,1473399,2103728,1791007,0.5,0.428,1.9345,2.5983,6542.61907087054,3511.37379674097,96.2557130293113,0.636618283677107
"2015-01-01",157504.87852179,99.9618332231043,99.8144616189357,5.6,1215360,1478295,2091100,1797654,0.5,0.4355,1.5917,2.2142,6615.07140531994,3556.34809310635,96.4719791231131,0.65556575324505
"2015-02-01",158304.762873653,99.8527762790585,99.6741407221925,5.5,1217666,1482943,2085894,1800185,0.5,0.4511,1.7343,2.3573,6878.54006347656,3699.28250609704,98.5827361986188,0.652512838012764
"2015-03-01",158870.358604555,99.7804987345663,99.7442055394381,5.5,1229496,1489037,2110799,1811157,0.5,0.4568,1.7789,2.4275,6884.50457208807,3716.73999697994,98.608688129875,0.667745388665762
"2015-04-01",158511.863688872,99.6311614882378,99.7916758547511,5.6,1232880,1496063,2110591,1816011,0.5,0.4574,1.7281,2.3498,7012.39497070313,3788.37249502236,98.132902723511,0.6692104629176
"2015-05-01",158731.012002278,99.5961455627398,99.9218994983879,5.6,1236231,1501609,2120583,1820383,0.5,0.462,2.0367,2.614,6981.6841848273,3786.24315722379,99.5862108738592,0.64630406947141
"2015-06-01",159348.12430885,99.7222691388572,100.150609136738,5.5,1247686,1504247,2111100,1821206,0.5,0.4566,2.1773,2.7775,6783.17726828835,3699.4927311501,100.451275249066,0.643011856372692
"2015-07-01",159211.967415078,99.9271487343905,100.201007947501,5.4,1262634,1509535,2122189,1830454,0.5,0.4549,2.1422,2.7496,6646.61737856658,3626.63868547444,101.852679536902,0.642806956702603
"2015-08-01",160225.004101044,99.9673961097919,100.22058045047,5.3,1251990,1513014,2106922,1829192,0.5,0.459,1.962,2.5393,6455.95500488281,3535.06298453138,102.59663489958,0.640859201697342
"2015-09-01",160487.028483877,100.012874489767,100.058413243173,5.2,1261240,1520797,2099279,1838303,0.5,0.4544,1.8663,2.5495,6087.33638139205,3354.59954634475,100.702143917877,0.651214730916101
"2015-10-01",162184.863574657,100.150772355422,100.173191858741,5.1,1273640,1531147,2103177,1846833,0.5,0.4622,1.838,2.5871,6340.81815962358,3472.27909057287,100.209057224008,0.660763843002511
"2015-11-01",161483.398026934,100.597780330783,100.180250940568,5.1,1277379,1536736,2112838,1858722,0.5,0.4636,1.9816,2.6877,6306.90952845982,3459.86380353499,102.30251301201,0.657396983960323
"2015-12-01",161587.738398413,100.799343553281,100.069563189103,5.1,1283005,1547452,2115515,1860661,0.5,0.4575,1.9202,2.6257,6162.31905691964,3401.17429187444,100.503179111579,0.667153662212953
"2016-01-01",162938.163543756,100.863091050421,100.03221249471,5.1,1297137,1555236,2117933,1874104,0.5,0.4659,1.7837,2.5365,5922.66997070312,3264.11200872586,97.2332357732955,0.694408181402733
"2016-02-01",163193.662760716,101.011961420719,100.002815521793,5.1,1316629,1567230,2134801,1886551,0.5,0.4657,1.5093,2.3315,5881.74762834821,3228.43571457179,95.0619241915253,0.6997055237152
"2016-03-01",163551.173695527,101.349409146713,100.291681913471,5,1324790,1573931,2135244,1889851,0.5,0.4646,1.5534,2.3516,6157.53334263393,3381.01903612806,93.6778211911937,0.702962076505912
"2016-04-01",165237.85914937,100.877358123942,100.122682035024,4.9,1321729,1583716,2129933,1888633,0.5,0.4663,1.5808,2.3772,6271.89520554315,3438.40427044615,92.5359362159201,0.698810891956864
"2016-05-01",163896.866019758,101.340116269186,100.225658910772,4.9,1340303,1590069,2154778,1906406,0.5,0.4633,1.5411,2.3307,6164.89494628906,3389.06249663906,94.560186853905,0.68853023953722
"2016-06-01",164575.274830872,101.79111203877,100.538561873291,4.9,1370984,1601302,2188987,1935560,0.5,0.4598,1.2985,2.08,6175.30455433239,3383.91772813386,92.6743465159532,0.704277439329059
"2016-07-01",166007.098062085,102.158276953706,100.773299458506,5,1385440,1614468,2207634,1962840,0.5,0.4577,0.9088,1.6876,6655.8761625744,3599.70571234348,86.7659568332877,0.760458907606986
"2016-08-01",166824.784218659,102.333282100604,100.76567313115,4.8,1387546,1620805,2222655,1966005,0.25,0.2478,0.7122,1.3688,6821.69999556108,3712.15227126538,85.7538315142952,0.762492929497632
"2016-09-01",167969.117719255,102.574036530185,100.935823049983,4.8,1401931,1632310,2226051,1980340,0.25,0.213,0.8041,1.4746,6813.75450550426,3716.98726282664,86.0739053331219,0.761105907981426
"2016-10-01",166757.917427052,103.171962446405,101.08970671622,4.8,1406249,1637430,2244421,1992351,0.25,0.212,1.085,1.7455,7011.20951915923,3807.11952026651,81.55826929454,0.810370715
"2016-11-01",168851.915042246,103.075130402454,101.258284022058,4.7,1403165,1641461,2249415,1987584,0.25,0.2108,1.4038,2.0479,6803.33183149858,3700.16951914658,84.0842572701452,0.804372221054895
"2016-12-01",171841.167530699,102.98971286182,101.686838365624,4.7,1414173,1649182,2243776,1994962,0.25,0.2125,1.456,2.0959,6961.03503417969,3779.29099796105,86.1863637018988,0.800118530777082
"2017-01-01",171187.096228442,103.27367514362,101.946539705837,4.6,1417651,1651000,2261953,2000059,0.25,0.2135,1.4426,2.0843,7211.35711960565,3910.92237986409,84.4043310889719,0.813702754383824
"2017-02-01",171375.928617106,103.511511903701,102.322409133911,4.6,1420074,1653781,2257334,2008460,0.25,0.2106,1.3227,2.0181,7240.42995605469,3938.9294921875,85.2001903141626,0.800973002458238
"2017-03-01",171250.975154453,103.721308881039,102.633061932897,4.5,1434841,1663813,2290239,2027075,0.25,0.2095,1.2057,1.9176,7359.53477411685,4004.40390412704,84.1102092014014,0.81086784564546
"2017-04-01",172102.048458672,103.640683970172,102.838992291565,4.4,1440831,1668258,2313116,2036140,0.25,0.2114,1.085,1.7913,7263.60560438368,3978.09334309896,85.7970847330556,0.7915
"2017-05-01",172935.316237263,103.617270602523,103.115262729503,4.4,1447421,1670782,2309218,2042667,0.25,0.2126,1.1251,1.851,7422.65239025298,4067.56910342262,86.6275465332545,0.773408985
"2017-06-01",172618.635304065,103.606812283861,103.230977931858,4.3,1457868,1677630,2309434,2051049,0.25,0.2121,1.0887,1.8104,7463.97265625,4081.66365189986,84.7503568390548,0.781178428641213
"2017-07-01",172921.327547625,103.479112476172,103.352071147766,4.3,1455255,1682498,2307916,2047357,0.25,0.2124,1.2861,1.9725,7395.84758649554,4046.18669782366,84.8022607015672,0.769826717
"2017-08-01",173015.87680022,103.736692117412,103.625504431588,4.3,1468734,1688403,2325519,2064537,0.25,0.2132,1.1338,1.8412,7409.18636807528,4061.5654629794,83.4354589887398,0.771475530808707
"2017-09-01",175319.795652156,103.841623407299,103.910113815583,4.2,1483950,1694125,2352759,2074100,0.25,0.2123,1.2564,1.9149,7334.65236700149,4023.28240094866,85.0358280828732,0.750298712674984
"2017-10-01",176248.880855263,104.264924134353,104.093694949182,4.3,1480816,1696559,2356228,2077575,0.25,0.211,1.3969,2.0124,7508.17726828835,4120.88364479759,85.252094176675,0.757316215582683
"2017-11-01",177039.183763928,104.64907309317,104.458195003633,4.4,1480191,1699998,2358781,2087699,0.5,0.4493,1.3413,1.9388,7441.23639470881,4088.11366965554,85.8835911705763,0.757144128063358
"2017-12-01",176466.935380808,104.905444178777,104.715496994739,4.3,1486518,1702058,2349479,2090398,0.5,0.4619,1.284,1.8665,7481.75264699835,4110.03579872533,86.56699202699,0.746027867871004
"2018-01-01",177083.712718941,104.719569473903,104.967153517907,4.2,1499913,1706957,2383761,2105503,0.5,0.4631,1.4053,1.9157,7695.63634144176,4225.84363902699,86.7486555457835,0.723511637
"2018-02-01",177414.567622294,104.725112281969,105.138906946499,4.2,1500755,1708763,2371652,2102730,0.5,0.4634,1.6276,2.0323,7255.90998535156,3991.07149658203,86.9735722833374,0.716643566
"2018-03-01",176632.719658765,104.987805610929,105.166924367035,4.2,1500097,1712138,2352123,2100676,0.5,0.4637,1.5255,1.8895,7090.08570498512,3917.86474609375,86.9562709958333,0.715826933499678
"2018-04-01",177862.831282608,105.293657875877,105.337684575271,4.2,1510621,1716573,2357301,2107773,0.5,0.4617,1.5264,1.8863,7288.21997070312,4013.34201660156,88.0635533960986,0.710508419524771
"2018-05-01",177597.456576082,105.782609471891,105.58354138726,4,1520438,1723520,2372517,2130852,0.5,0.4529,1.5168,1.9071,7690.22860863095,4226.83335658482,86.7227036145273,0.741647198427708
"2018-06-01",180246.712141306,105.548971753576,105.714029349597,4,1524556,1731498,2370192,2128648,0.5,0.4507,1.433,1.8438,7656.93324497768,4219.15857514881,86.3766778644444,0.752347054113457
"2018-07-01",179076.891194044,105.881920396768,105.929679528658,4,1533590,1737162,2375881,2123937,0.5,0.4545,1.3835,1.7735,7651.07721502131,4207.52270507812,86.2296169206592,0.759434619007925
"2018-08-01",180198.551560748,106.125153812229,106.299176194341,4.1,1535605,1741932,2374677,2129946,0.75,0.6911,1.4071,1.805,7605.60910866477,4181.71411132812,85.8576392393201,0.776455059134112
"2018-09-01",180929.557245209,106.290405077653,106.403416593084,4.1,1533726,1743462,2381141,2128058,0.75,0.7012,1.5105,1.9273,7385.91501464844,4075.90550537109,86.5842933144942,0.765587255792776
"2018-10-01",181741.300205791,106.655480351876,106.597002269402,4,1538180,1750989,2387254,2134712,0.75,0.7011,1.5525,1.9948,7137.03477411685,3919.24303668478,86.8611139145605,0.768502572737022
"2018-11-01",181851.098989528,107.046157321138,106.866259867979,4,1542392,1758063,2386774,2136840,0.75,0.7017,1.4428,1.9993,7040.81815962358,3862.06001420455,87.0600787208581,0.77507363199504
"2018-12-01",181668.600804679,107.141773955172,106.956892921189,3.9,1542211,1763077,2407876,2149013,0.75,0.7026,1.2802,1.8494,6790.90003083882,3709.83052785773,85.5116134892372,0.788840535885671
"2019-01-01",182286.632727568,106.779788722514,106.882685678129,4,1544857,1767076,2404470,2146685,0.75,0.7053,1.3021,1.8173,6861.59093128551,3766.77000843395,86.0739053331219,0.775757933971917
"2019-02-01",182729.220623733,106.915810414058,107.074642442522,3.8,1541226,1770227,2410454,2152348,0.75,0.7061,1.2301,1.7459,7147.31508789063,3915.82200927734,87.1206332271227,0.768655055929769
"2019-03-01",184044.146648699,107.040446879593,107.191962646346,3.8,1545123,1774715,2414398,2157222,0.75,0.7053,1.1741,1.6832,7204.5619187128,3948.15764508929,88.1673611211234,0.759293206495211
"2019-04-01",183914.729713478,107.801230702475,107.513514456585,3.8,1551566,1776602,2427981,2167435,0.75,0.7081,1.1721,1.6955,7434.20998535156,4068.04852294922,87.6829250710074,0.766683022571148
"2019-05-01",185713.614918998,107.93089280584,107.640983214008,3.9,1552878,1790522,2426213,2171816,0.75,0.7094,1.0975,1.6319,7275.27143787202,3987.39048549107,87.155235802131,0.778733889942652
"2019-06-01",186475.655367523,108.108463230198,107.77540780623,3.9,1553962,1792680,2428000,2173762,0.75,0.7085,0.9146,1.4746,7359.3099609375,4020.09700927734,85.3299499704436,0.788834831790833
"2019-07-01",187484.71587707,108.19857776681,107.986989278059,3.9,1558866,1800237,2440233,2188629,0.75,0.709,0.778,1.3707,7549.25653872283,4118.06865658967,84.1188598451535,0.801915849866773
"2019-08-01",186989.271388369,108.630111682219,108.205907981075,3.9,1577766,1813074,2456762,2203104,0.75,0.7101,0.5162,1.0839,7203.50004650298,3942.32953171503,83.1586383886734,0.823307074827386
"2019-09-01",188525.012734562,108.720967806266,108.318393642649,3.8,1583397,1819247,2470860,2209449,0.75,0.7098,0.5404,1.0376,7319.95714750744,4020.69381277902,85.009876151617,0.808987855069826
"2019-10-01",188639.407290339,108.883218568541,108.182128357916,3.8,1580296,1825240,2475562,2212906,0.75,0.7108,0.5829,1.1131,7221.27388332201,3976.49476689878,86.1863637018988,0.791362636532537
"2019-11-01",188614.955124704,109.180969902906,108.385610632308,3.7,1592120,1832494,2496301,2225193,0.75,0.7105,0.7117,1.2634,7348.33331008185,4054.9376046317,87.9856976023299,0.776243675146107
"2019-12-01",188503.637584956,109.079638285204,108.407226284504,3.9,1598230,1833168,2498569,2231351,0.75,0.7101,0.7792,1.3002,7403.66994628906,4111.88850097656,88.9026658400496,0.761566287998985
"2020-01-01",189739.222689736,108.925630585839,108.818598155241,3.9,1609091,1840181,2520452,2240035,0.75,0.7113,0.6707,1.1778,7558.00452769886,4196.99546120383,88.4614830086939,0.764982733246878
"2020-02-01",189424.429132115,109.275718995743,108.931222144212,4.1,1615169,1849962,2529448,2249063,0.75,0.7104,0.572,1.0581,7313.44494628906,4074.92243652344,89.0324254963307,0.771523474616878
"2020-03-01",176727.34817815,112.21397163961,108.812505630822,4.1,1689830,1895121,2613259,2320725,0.1,0.3192,0.4045,0.8676,5741.89093572443,3170.86319247159,85.1136838766418,0.807687718557543
"2020-04-01",152766.018030965,119.43515930838,108.364456867014,4.1,1728058,1930319,2661433,2365839,0.1,0.0659,0.3154,0.7304,5729.35002441406,3154.72897949219,86.9476203520812,0.805842357088895
"2020-05-01",156146.930133471,119.239891005527,108.175218347345,4.1,1777116,1979583,2715552,2420111,0.1,0.0674,0.2327,0.6326,5956.32100637335,3282.32365337171,85.9873988956011,0.812768160021217
"2020-06-01",167247.051835561,116.558060025065,108.395691956149,4.4,1796984,1993381,2747024,2435923,0.1,0.0646,0.2432,0.6859,6244.62275834517,3456.71589799361,85.3472512579478,0.798597372614644
"2020-07-01",175220.454342733,114.915965073441,109.148040567991,4.6,1818934,2013663,2772707,2461141,0.1,0.0599,0.1752,0.6586,6167.36519191576,3415.42392365829,85.60677057051,0.78843922823063
"2020-08-01",178437.828856851,113.050005416995,108.438583097587,5,1832501,2016763,2757030,2458811,0.1,0.0562,0.2474,0.7667,6073.77001953125,3387.0275024414,86.679450395767,0.762139936513743
"2020-09-01",180147.716800417,112.89138007418,108.958998462409,5.2,1832408,2024132,2778799,2465950,0.1,0.0547,0.2521,0.7694,5933.01813299006,3316.25908868963,85.9527963205929,0.771840182771755
"2020-10-01",178424.509950377,112.968204781555,108.972500082391,5.2,1862968,2047057,2768169,2492941,0.1,0.0538,0.2836,0.8009,5851.5,3292.50456099077,85.9181937455846,0.771025592542346
"2020-11-01",179772.087033921,112.50823960736,108.82183599708,5.3,1887056,2061157,2787315,2522789,0.1,0.0537,0.3574,0.8833,6222.54282924107,3508.55572219122,86.688101039519,0.757491189181431
"2020-12-01",179432.403015702,113.144287215147,109.16230737902,5.2,1908970,2089590,2803091,2534879,0.1,0.0492,0.2986,0.8043,6522.15993652344,3684.27140299479,86.3420752894361,0.747656974979879
"2021-01-01",176744.524277672,114.701187110028,109.661708978835,5,1944625,2110771,2826985,2566991,0.1,0.0494,0.3317,0.8453,6698.53999023438,3787.99299316406,86.9389697083291,0.732970962776649
"2021-02-01",178650.546053254,114.280288013549,109.484895855037,4.9,1964433,2128878,2846619,2583555,0.1,0.0486,0.6203,1.1389,6583.575,3750.8724975586,88.2971207774045,0.721763838871921
"2021-03-01",182596.929669074,113.45134194273,109.59503852982,4.8,1978081,2145330,2866569,2597191,0.1,0.0486,0.861,1.3246,6713.59135105299,3826.14783245584,89.4563070401822,0.721653527866024
"2021-04-01",186739.90309266,112.555931264965,109.903786016968,4.8,2011896,2164146,2877412,2616853,0.1,0.0486,0.8656,1.3151,6923.08000488281,3954.96599121094,89.4044031776698,0.722503578112959
"2021-05-01",190242.444700958,112.222739695109,110.401124092165,4.7,2015183,2175071,2887514,2621876,0.1,0.0495,0.9209,1.381,7024.07373046875,4006.0052811472,90.1656598278522,0.710267909109384
"2021-06-01",191538.65220638,112.585638313572,110.999387048977,4.6,2031270,2190198,2908055,2641254,0.1,0.0498,0.866,1.3029,7097.41821289062,4050.09365012429,90.381925921654,0.71274682908655
"2021-07-01",191976.37521983,112.996042589685,111.310744500485,4.5,2033168,2196091,2911510,2646077,0.1,0.0506,0.7033,1.1065,7047.62726384943,4030.10684481534,90.0618521028273,0.724358173385994
"2021-08-01",194805.232294784,113.215178305304,111.987011853257,4.4,2044965,2200715,2924384,2655064,0.1,0.0504,0.6483,1.0051,7138.51429966518,4103.88953218006,90.5981920154558,0.724518928056996
"2021-09-01",195023.392485385,113.362704746689,112.306658572193,4.3,2062610,2212169,2942225,2667562,0.1,0.05,0.8072,1.1721,7065.09090909091,4071.52361505682,90.018598884067,0.728575098836964
"2021-10-01",195781.091987933,114.097104579408,113.448993789837,4.2,2084007,2219079,2961618,2687487,0.1,0.0502,1.097,1.4045,7163.11428106399,4087.01053292411,90.9442177655387,0.729977626185757
"2021-11-01",199875.105095276,114.392529068482,114.479614728815,4.2,2086240,2224766,2983744,2701735,0.1,0.0468,0.9324,1.1506,7264.77272727273,4147.82998934659,90.7539036029931,0.742018661769344
"2021-12-01",201425.802916789,114.899472619239,115.109280321873,4.1,2085398,2225903,2984073,2702381,0.25,0.1141,0.8184,1.0506,7280.23330543155,4142.17521158854,90.7279516717369,0.753424202201328
"2022-01-01",202538.82284612,115.574389086812,115.637594833398,3.9,2100189,2233668,2986284,2708200,0.25,0.1958,1.1893,1.3885,7501,4232.93703613281,91.3248460906299,0.738166510939434
"2022-02-01",203445.405681606,116.109981899194,116.253780230275,3.8,2106691,2238154,3015759,2714685,0.5,0.4199,1.4538,1.6304,7535.4099609375,4211.96049804687,90.978820340547,0.738849688808177
"2022-03-01",204361.771472275,116.799738094461,117.285844770428,3.8,2126218,2249240,3018252,2742893,0.75,0.5623,1.5168,1.7799,7314.83048148777,4074.48173191236,90.0618521028273,0.758965694750597
"2022-04-01",207834.775883401,118.240303106866,119.721254007184,3.7,2124926,2250598,3015642,2742565,0.75,0.6906,1.8174,2.0356,7554.63687294408,4198.61528577303,90.9701696967949,0.772777096513758
"2022-05-01",208493.712342157,118.414849702586,120.28291149018,3.8,2137485,2259095,3031666,2763535,1,0.9158,1.9168,2.2259,7447.51427641369,4114.70092773438,89.4130538214219,0.803845597337663
"2022-06-01",209138.511774442,119.270232110311,121.365703325116,3.6,2140854,2261610,3023950,2762127,1.25,1.0767,2.3989,2.7115,7275.52495117187,4015.32198486328,88.7729061837685,0.812837701979474
"2022-07-01",211307.572129615,120.123973346318,122.500058113397,3.6,2147084,2269506,3034957,2773044,1.25,1.1908,2.127,2.6763,7225.80473400298,3982.31523204985,88.7729061837685,0.834452890962041
"2022-08-01",211911.825058839,120.578880424976,123.023225668082,3.7,2153683,2269928,3041042,2786278,1.75,1.622,2.2856,2.7262,7468.18639026989,4117.90585049716,89.1275825776035,0.833210245456164
"2022-09-01",213333.602811546,121.116335128613,123.770092917614,3.8,2232646,2289105,3103011,2860370,2.25,1.8569,3.4429,3.7587,7186.58572823661,3940.31381370908,85.8662898830721,0.883466368644012
"2022-10-01",216365.722910053,122.888051715835,126.030056802306,3.9,2169823,2279610,3104109,2837233,2.25,2.1857,4.0324,4.3262,6971.95717075893,3806.51426478795,87.639671852247,0.885357297004172
"2022-11-01",218433.55920827,123.463308422424,126.731440270004,3.9,2137624,2281815,3051886,2807927,3,2.8599,3.3644,3.6592,7367.93184037642,4041.45455655185,89.0583774275869,0.854509137907093
"2022-12-01",219262.717881677,124.207211430181,127.23742659142,3.9,2087654,2283931,3028201,2772180,3.5,3.1779,3.422,3.8282,7473.8900390625,4087.02247314453,90.2694675528771,0.819182359630693
"2023-01-01",219697.244406984,124.707872733265,127.242063160945,4,2115260,2278168,3060945,2802537,3.5,3.4275,3.4642,3.8758,7746.87623232887,4239.51669456845,88.1846624086276,0.818310516108443
"2023-02-01",222354.216699187,125.882772879257,128.437545111488,4,2102015,2276899,3043835,2797512,4,3.9021,3.519,3.9709,7915.00502929688,4329.27446289063,88.3663259274211,0.826297123398777
"2023-03-01",223913.53889383,126.480376611175,129.070612218427,3.9,2067313,2269209,3022875,2778229,4.25,4.0031,3.4936,3.9874,7637.98692255435,4166.94607676631,89.1794864401159,0.82391945649974
"2023-04-01",225108.698776269,127.285704305634,130.04729534171,4,2062696,2263925,3017424,2781217,4.25,4.1774,3.5977,4.0315,7827.79446072049,4253.56776258681,90.8404100405139,0.803254071494075
"2023-05-01",224541.746183472,128.129934248668,130.679767236221,4.2,2045349,2257766,3024310,2776635,4.5,4.3528,3.8984,4.3599,7705.58002929688,4200.38800048828,92.4407791346473,0.801198593095271
"2023-06-01",228109.555040259,128.177810908825,130.960437450851,4.3,2034657,2252850,3021023,2774840,5,4.5872,4.241,4.5058,7556.86363636364,4120.18908691406,94.1795585288139,0.792575455070407
"2023-07-01",227407.405684798,128.605309236569,130.887674827935,4.3,2011665,2247842,2999627,2770316,5,4.9302,4.3177,4.549,7512.64762369792,4097.85857282366,94.4563791288802,0.775002498363317
"2023-08-01",227831.199586448,129.044310200209,131.253230011045,4.1,1995965,2246313,3011130,2766030,5.25,5.1609,4.4243,4.7286,7448.1318359375,4063.36179421165,94.1017027350452,0.786873519023561
"2023-09-01",228552.394728753,129.58190039849,132.029901863791,4,1950305,2246469,2973548,2738002,5.25,5.1854,4.3442,4.7639,7576.01432291667,4118.98381696429,93.5134589599043,0.80722303168754
"2023-10-01",226444.697598698,129.287751989056,131.819381432913,4,1946873,2247747,2977137,2749468,5.25,5.1871,4.527,5.021,7481.52277166193,4038.78728693182,92.4234778471431,0.822135006312822
"2023-11-01",227360.037194762,129.091527306314,131.761514207033,3.9,1939511,2250375,2976359,2746900,5.25,5.1875,4.2321,4.7193,7442.44546786222,4046.83819025213,92.7089490909615,0.806573574633261
"2023-12-01",229864.265206539,129.584736782961,132.251553865631,4.1,1948915,2257815,2989412,2762817,5.25,5.187,3.8116,4.3449,7606.24211040296,4151.89311780428,93.7297250537061,0.791104035125019
"2024-01-01",230059.26288523,130.43551894261,132.392719531948,4.2,1940064,2263726,2986376,2760657,5.25,5.1875,3.8871,4.5014,7598.36365855824,4153.79092684659,93.721074409954,0.787507875078751
"2024-02-01",233261.230318983,130.949425563046,132.867957672258,4.3,1946217,2270803,3000084,2769772,5.25,5.1883,4.0678,4.613,7638.82856677827,4169.18094308036,93.8508340662351,0.791698252128184
"2024-03-01",234907.506795786,131.279253915628,133.167510036089,4.4,1951168,2278630,3024542,2784618,5.25,5.1891,3.9689,4.4728,7770.26501464844,4243.37895507812,94.3612220476074,0.786500505326575
"2024-04-01",234331.957697819,131.341826882454,133.109480864954,4.4,1946501,2285345,3029751,2797105,5.25,5.1979,4.165,4.6798,7978.29996744792,4344.78810918899,93.9892443662683,0.7985215943054
"2024-05-01",235169.350674902,131.717730651525,133.235767252724,4.2,1941856,2294764,3027974,2800684,5.25,5.2,4.1722,4.6744,8330.92380487351,4537.20810081845,94.3958246226157,0.792001538745846
"2024-06-01",236975.691627278,132.437796948349,133.514753509249,4.2,1937919,2302553,3043175,2804621,5.25,5.2,4.116,4.6147,8216.1099609375,4480.79196777344,95.3560460790957,0.786764142603071
"2024-07-01",238315.150235535,133.552609354981,133.783016739979,4.1,1935794,2309302,3055540,2817306,5.25,5.2,4.0996,4.6257,8205.65658967391,4493.67045261549,95.3992992978561,0.777112914506478
"2024-08-01",240550.012097916,134.358247330003,134.275795251703,4.3,1938621,2326355,3054018,2819145,,4.95,3.9122,4.4591,8253.9714936756,4513.87865048363,,
"2024-09-01",240219.837666549,134.642735523525,134.252732401216,4.3,1941682,2332108,3071263,2828588,,4.95,3.8716,4.4404,8266.40480840774,4517.74474516369,,
"2024-10-01",,,134.822408112604,4.4,1959703,2355632,3067240,2846691,,4.95,4.1592,4.6898,8267.43038807745,4518.11047894022,,
"2024-11-01",,,135.170300861119,4.4,1968548,2361766,3069625,2848478,,4.7476,4.406,4.8874,8158.48093377976,4457.66713169643,,
"2024-12-01",,,135.657690923369,4.4,1965477,2363685,3070270,2856317,,4.7,4.4123,4.9563,8237.10495605469,4501.25603027344,,
"2025-01-01",,,136.323262698871,,1998388,2383552,3112634,2882065,,4.7002,4.6671,5.2212,8410.0000443892,4571.45592151989,,
"2025-02-01",,,136.568075164941,,1987440,2384101,3118973,2884887,,4.4919,4.5266,5.0984,8712.50004882813,4721.61853027344,,
"2025-03-01",,,,,,,,,,4.4555,4.6501,5.2562,8661.95707775298,4675.115234375,,
"2025-04-01",,,,,,,,,,,,,8122.29376220703,4382.72503662109,,
