"date","gdp_nom","gdp_defl","cpi","ur","m1","m2","m3","ml","policy","tona_1d","gov_9y","gov_10y","gov_20y","n225","reer","xr_usd"
"1946-01-01",,,,,,,,,3.29,,,,,,,
"1946-02-01",,,,,,,,,3.29,,,,,,,
"1946-03-01",,,,,,,,,3.29,,,,,,,
"1946-04-01",,,,,,,,,3.29,,,,,,,
"1946-05-01",,,,,,,,,3.29,,,,,,,
"1946-06-01",,,,,,,,,3.29,,,,,,,
"1946-07-01",,,,,,,,,3.29,,,,,,,
"1946-08-01",,,,,,,,,3.29,,,,,,,
"1946-09-01",,,,,,,,,3.29,,,,,,,
"1946-10-01",,,,,,,,,3.65,,,,,,,
"1946-11-01",,,,,,,,,3.65,,,,,,,
"1946-12-01",,,,,,,,,3.65,,,,,,,
"1947-01-01",,,,,,,,,3.65,,,,,,,
"1947-02-01",,,,,,,,,3.65,,,,,,,
"1947-03-01",,,,,,,,,3.65,,,,,,,
"1947-04-01",,,,,,,,,3.65,,,,,,,
"1947-05-01",,,,,,,,,3.65,,,,,,,
"1947-06-01",,,,,,,,,3.65,,,,,,,
"1947-07-01",,,,,,,,,3.65,,,,,,,
"1947-08-01",,,,,,,,,3.65,,,,,,,
"1947-09-01",,,,,,,,,3.65,,,,,,,
"1947-10-01",,,,,,,,,3.65,,,,,,,
"1947-11-01",,,,,,,,,3.65,,,,,,,
"1947-12-01",,,,,,,,,3.65,,,,,,,
"1948-01-01",,,,,,,,,3.65,,,,,,,
"1948-02-01",,,,,,,,,3.65,,,,,,,
"1948-03-01",,,,,,,,,3.65,,,,,,,
"1948-04-01",,,,,,,,,4.38,,,,,,,
"1948-05-01",,,,,,,,,4.38,,,,,,,
"1948-06-01",,,,,,,,,4.38,,,,,,,
"1948-07-01",,,,,,,,,5.11,,,,,,,
"1948-08-01",,,,,,,,,5.11,,,,,,,
"1948-09-01",,,,,,,,,5.11,,,,,,,
"1948-10-01",,,,,,,,,5.11,,,,,,,
"1948-11-01",,,,,,,,,5.11,,,,,,,
"1948-12-01",,,,,,,,,5.11,,,,,,,
"1949-01-01",,,,,,,,,5.11,,,,,,,
"1949-02-01",,,,,,,,,5.11,,,,,,,
"1949-03-01",,,,,,,,,5.11,,,,,,,
"1949-04-01",,,,,,,,,5.11,,,,,,,
"1949-05-01",,,,,,,,,5.11,,,,,173.010833333333,,
"1949-06-01",,,,,,,,,5.11,,,,,161.119545454545,,
"1949-07-01",,,,,,,,,5.11,,,,,144.137142857143,,
"1949-08-01",,,,,,,,,5.11,,,,,161.06,,
"1949-09-01",,,,,,,,,5.11,,,,,167.364761904762,,
"1949-10-01",,,,,,,,,5.11,,,,,145.788095238095,,
"1949-11-01",,,,,,,,,5.11,,,,,132.9845,,
"1949-12-01",,,,,,,,,5.11,,,,,111.4895,,
"1950-01-01",,,,,,,,,5.11,,,,,98.252,,
"1950-02-01",,,,,,,,,5.11,,,,,106.16,,
"1950-03-01",,,,,,,,,5.11,,,,,101.656363636364,,
"1950-04-01",,,,,,,,,5.11,,,,,93.7015,,
"1950-05-01",,,,,,,,,5.11,,,,,97.2966666666667,,
"1950-06-01",,,,,,,,,5.11,,,,,91.0181818181818,,
"1950-07-01",,,,,,,,,5.11,,,,,96.1471428571429,,
"1950-08-01",,,,,,,,,5.11,,,,,107.901304347826,,
"1950-09-01",,,,,,,,,5.11,,,,,108.380476190476,,
"1950-10-01",,,,,,,,,5.11,,,,,106.159545454545,,
"1950-11-01",,,,,,,,,5.11,,,,,110.608,,
"1950-12-01",,,,,,,,,5.11,,,,,102.755,,
"1951-01-01",,,,,,,,,5.11,,,,,108.541052631579,,
"1951-02-01",,,,,,,,,5.11,,,,,119.387368421053,,
"1951-03-01",,,,,,,,,5.11,,,,,127.75619047619,,
"1951-04-01",,,,,,,,,5.11,,,,,121.616666666667,,
"1951-05-01",,,,,,,,,5.11,,,,,124.560909090909,,
"1951-06-01",,,,,,,,,5.11,,,,,132.650952380952,,
"1951-07-01",,,,,,,,,5.11,,,,,130.293181818182,,
"1951-08-01",,,,,,,,,5.11,,,,,139.408695652174,,
"1951-09-01",,,,,,,,,5.11,,,,,146.985789473684,,
"1951-10-01",,,,,,,,,5.84,,,,,161.899565217391,,
"1951-11-01",,,,,,,,,5.84,,,,,159.692857142857,,
"1951-12-01",,,,,,,,,5.84,,,,,160.058,,
"1952-01-01",,,,,,,,,5.84,,,,,179.045263157895,,
"1952-02-01",,,,,,,,,5.84,,,,,188.16,,
"1952-03-01",,,,,,,,,5.84,,,,,183.4465,,
"1952-04-01",,,,,,,,,5.84,,,,,190.936666666667,,
"1952-05-01",,,,,,,,,5.84,,,,,210.635238095238,,
"1952-06-01",,,,,,,,,5.84,,,,,235.037142857143,,
"1952-07-01",,,,,,,,,5.84,,,,,252.564347826087,,
"1952-08-01",,,,,,,,,5.84,,,,,257.713333333333,,
"1952-09-01",,,,,,,,,5.84,,,,,259.258095238095,,
"1952-10-01",,,,,,,,,5.84,,,,,297.00347826087,,
"1952-11-01",,,,,,,,,5.84,,,,,336.628947368421,,
"1952-12-01",,,,,,,,,5.84,,,,,356.295,,
"1953-01-01",,,,1.9,,,,,5.84,,,,,412.018421052632,,
"1953-02-01",,,,1.9,,,,,5.84,,,,,435.514736842105,,
"1953-03-01",,,,1.8,,,,,5.84,,,,,360.232727272727,,
"1953-04-01",,,,2,,,,,5.84,,,,,327.881428571429,,
"1953-05-01",,,,2,,,,,5.84,,,,,351.6115,,
"1953-06-01",,,,1.9,,,,,5.84,,,,,339.784545454545,,
"1953-07-01",,,,1.8,,,,,5.84,,,,,359.414347826087,,
"1953-08-01",,,,1.8,,,,,5.84,,,,,402.139523809524,,
"1953-09-01",,,,1.8,,,,,5.84,,,,,429.36,,
"1953-10-01",,,,1.7,,,,,5.84,,,,,435.048636363636,,
"1953-11-01",,,,1.8,,,,,5.84,,,,,425.36,,
"1953-12-01",,,,1.6,,,,,5.84,,,,,411.443,,
"1954-01-01",,,,1.8,,,,,5.84,,,,,361.798947368421,,
"1954-02-01",,,,1.8,,,,,5.84,,,,,360.7265,,
"1954-03-01",,,,1.9,,,,,5.84,,,,,336.229565217391,,
"1954-04-01",,,,2,,,,,5.84,,,,,332.159047619048,,
"1954-05-01",,,,2.2,,,,,5.84,,,,,328.111052631579,,
"1954-06-01",,,,2.3,,,,,5.84,,,,,335.843636363636,,
"1954-07-01",,,,2.4,,,,,5.84,,,,,340.695909090909,,
"1954-08-01",,,,2.6,,,,,5.84,,,,,339.053636363636,,
"1954-09-01",,,,2.5,,,,,5.84,,,,,352.512380952381,,
"1954-10-01",,,,2.6,,,,,5.84,,,,,340.5695,,
"1954-11-01",,,,2.6,,,,,5.84,,,,,324.829,,
"1954-12-01",,,,2.7,,,,,5.84,,,,,337.1845,,
"1955-01-01",,,,2.6,,,,,5.84,,,,,370.7835,,
"1955-02-01",,,,2.5,,,,,5.84,,,,,374.664,,
"1955-03-01",,,,2.3,,,,,5.84,,,,,354.7,,
"1955-04-01",,,,2.5,,,,,5.84,,,,,351.414,,
"1955-05-01",,,,2.4,,,,,5.84,,,,,349.564,,
"1955-06-01",,,,2.6,,,,,5.84,,,,,354.229090909091,,
"1955-07-01",,,,2.6,,,,,5.84,,,,,355.171428571429,,
"1955-08-01",,,,2.6,,,,,7.3,,,,,377.23347826087,,
"1955-09-01",,,,2.6,,,,,7.3,,,,,385.884090909091,,
"1955-10-01",,,,2.7,,,,,7.3,,,,,401.57,,
"1955-11-01",,,,2.4,,,,,7.3,,,,,401.445,,
"1955-12-01",,,,2.4,,,,,7.3,,,,,409.89,,
"1956-01-01",,,,2.5,,,,,7.3,,,,,426.318,,
"1956-02-01",,,,2.6,,,,,7.3,,,,,429.54380952381,,
"1956-03-01",,,,2.7,,,,,7.3,,,,,443.879047619048,,
"1956-04-01",,,,2.4,,,,,7.3,,,,,471.470952380952,,
"1956-05-01",,,,2.3,,,,,7.3,,,,,480.473181818182,,
"1956-06-01",,,,2.2,,,,,7.3,,,,,502.475238095238,,
"1956-07-01",,,,2.1,,,,,7.3,,,,,496.430454545455,,
"1956-08-01",,,,2.1,,,,,7.3,,,,,501.767391304348,,
"1956-09-01",,,,2.2,,,,,7.3,,,,,486.5715,,
"1956-10-01",,,,2,,,,,7.3,,,,,496.187826086957,,
"1956-11-01",,,,2.2,,,,,7.3,,,,,532.349523809524,,
"1956-12-01",,,,2.3,,,,,7.3,,,,,554.35,,
"1957-01-01",,,,2.1,,,,,7.3,,,,,573.06947368421,,360.000000359
"1957-02-01",,,,2,,,,,7.3,,,,,574.352,,360.000000359
"1957-03-01",,,,2,,,,,7.67,,,,,567.224,,360.000000359
"1957-04-01",,,,2,,,,,7.67,,,,,587.38,,360.000000359
"1957-05-01",,,,1.9,,,,,8.4,,,,,546.607727272727,,360.000000359
"1957-06-01",,,,1.8,,,,,8.4,,,,,524.566,,360.000000359
"1957-07-01",,,,1.8,,,,,8.4,,,,,496.263913043478,,360.000000359
"1957-08-01",,,,1.8,,,,,8.4,,,,,511.609090909091,,360.000000359
"1957-09-01",,,,2,,,,,8.4,,,,,532.2175,,360.000000359
"1957-10-01",,,,2,,,,,8.4,,,,,517.911304347826,,360.000000359
"1957-11-01",,,,1.9,,,,,8.4,,,,,503.37,,360.000000359
"1957-12-01",,,,1.8,,,,,8.4,,,,,490.962,,360.000000359
"1958-01-01",,,,1.9,,,,,8.4,,,,,507.336842105263,,360.000000359
"1958-02-01",,,,1.9,,,,,8.4,,,,,528.8905,,360.000000359
"1958-03-01",,,,2,,,,,8.4,,,,,528.509,,360.000000359
"1958-04-01",,,,2,,,,,8.4,,,,,545.398571428571,,360.000000359
"1958-05-01",,,,2,,,,,8.4,,,,,560.102857142857,,360.000000359
"1958-06-01",,,,2.2,,,,,7.67,,,,,574.104761904762,,360.000000359
"1958-07-01",,,,2.1,,,,,7.67,,,,,571.316956521739,,360.000000359
"1958-08-01",,,,2.2,,,,,7.67,,,,,584.911904761905,,360.000000359
"1958-09-01",,,,2.2,,,,,7.3,,,,,588.420952380952,,360.000000359
"1958-10-01",,,,2.1,,,,,7.3,,,,,604.09,,360.000000359
"1958-11-01",,,,2.1,,,,,7.3,,,,,621.998947368421,,360.000000359
"1958-12-01",,,,2.1,,,,,7.3,,,,,648.101,,360.000000359
"1959-01-01",,,,2.4,,,,,7.3,,,,,675.755789473684,,360.000000359
"1959-02-01",,,,2.5,,,,,6.94,,,,,703.3685,,360.000000359
"1959-03-01",,,,2.4,,,,,6.94,,,,,742.023636363636,,360.000000359
"1959-04-01",,,,2.2,,,,,6.94,,,,,754.768,,360.000000359
"1959-05-01",,,,2.2,,,,,6.94,,,,,776.6075,,360.000000359
"1959-06-01",,,,2.3,,,,,6.94,,,,,807.05,,360.000000359
"1959-07-01",,,,2.3,,,,,6.94,,,,,832.548260869565,,360.000000359
"1959-08-01",,,,2.3,,,,,6.94,,,,,862.530476190476,,360.000000359
"1959-09-01",,,,2,,,,,6.94,,,,,893.84619047619,,360.000000359
"1959-10-01",,,,1.9,,,,,6.94,,,,,934.226818181818,,360.000000359
"1959-11-01",,,,2,,,,,6.94,,,,,948.426315789474,,360.000000359
"1959-12-01",,,,2,,,,,7.3,,,,,925.258,,360.000000359
"1960-01-01",,,,1.9,,,,,7.3,,,,,930.44,,360.000000359
"1960-02-01",,,,1.7,,,,,7.3,,,,,985.030952380952,,360.000000359
"1960-03-01",,,,1.7,,,,,7.3,,,,,1028.58869565217,,360.000000359
"1960-04-01",,,,1.7,,,,,7.3,,,,,1077.4115,,360.000000359
"1960-05-01",,,,1.7,,,,,7.3,,,,,1052.476,,360.000000359
"1960-06-01",,,,1.6,,,,,7.3,,,,,1040.92409090909,,360.000000359
"1960-07-01",,,,1.5,,,,,7.3,,,,,1102.24238095238,,360.000000359
"1960-08-01",,,,1.6,,,,,6.94,,,,,1135.64217391304,,360.000000359
"1960-09-01",,,,1.6,,,,,6.94,,,,,1197.70428571429,,360.000000359
"1960-10-01",,,,1.4,,,,,6.94,,,,,1244.55238095238,,360.000000359
"1960-11-01",,,,1.5,,,,,6.94,,,,,1294.453,,360.000000359
"1960-12-01",,,,1.5,,,,,6.94,,,,,1306.617,,360.000000359
"1961-01-01",,,,1.5,,,,,6.57,,,,,1435.969,,360.000000359
"1961-02-01",,,,1.5,,,,,6.57,,,,,1555.8835,,360.000000359
"1961-03-01",,,,1.3,,,,,6.57,,,,,1524.53227272727,,360.000000359
"1961-04-01",,,,1.4,,,,,6.57,,,,,1636.3545,,360.000000359
"1961-05-01",,,,1.5,,,,,6.57,,,,,1675.07380952381,,360.000000359
"1961-06-01",,,,1.5,,,,,6.57,,,,,1660.46818181818,,360.000000359
"1961-07-01",,,,1.5,,,,,6.94,,,,,1788.57571428571,,360.000000359
"1961-08-01",,,,1.4,,,,,6.94,,,,,1698.97173913043,,360.000000359
"1961-09-01",,,,1.4,,,,,7.3,,,,,1538.23952380952,,360.000000359
"1961-10-01",,,,1.4,,,,,7.3,,,,,1371.615,,360.000000359
"1961-11-01",,,,1.5,,,,,7.3,,,,,1378.574,,360.000000359
"1961-12-01",,,,1.4,,,,,7.3,,,,,1320.628,,360.000000359
"1962-01-01",,,,1.3,,,,,7.3,,,,,1471.82526315789,,360.000000359
"1962-02-01",,,,1.3,,,,,7.3,,,,,1540.391,,360.000000359
"1962-03-01",,,,1.3,,,,,7.3,,,,,1485.09761904762,,360.000000359
"1962-04-01",,,,1.4,,,,,7.3,,,,,1388.74904761905,,360.000000359
"1962-05-01",,,,1.2,,,,,7.3,,,,,1402.31772727273,,360.000000359
"1962-06-01",,,,1.3,,,,,7.3,,,,,1425.92523809524,,360.000000359
"1962-07-01",,,,1.3,,,,,7.3,,,,,1459.18363636364,,360.000000359
"1962-08-01",,,,1.2,,,,,7.3,,,,,1411.14173913043,,360.000000359
"1962-09-01",,,,1.2,,,,,7.3,,,,,1344.6545,,360.000000359
"1962-10-01",,,,1.4,,,,,6.94,,,,,1264.67782608696,,360.000000359
"1962-11-01",,,,1.3,,,,,6.57,,,,,1399.78238095238,,360.000000359
"1962-12-01",,,,1.3,,,,,6.57,,,,,1432.1535,,360.000000359
"1963-01-01",,,,1.4,,,,,6.57,,,,,1437.44526315789,,360.000000359
"1963-02-01",,,,1.4,,,,,6.57,,,,,1489.697,,360.000000359
"1963-03-01",,,,1.4,,,,,6.21,,,,,1539.7475,,360.000000359
"1963-04-01",,,,1.2,,,,,5.84,,,,,1600.88095238095,,360.000000359
"1963-05-01",,,,1.3,,,,,5.84,,,,,1569.97409090909,,360.000000359
"1963-06-01",,,,1.1,,,,,5.84,,,,,1550.946,,360.000000359
"1963-07-01",,,,1.1,,,,,5.84,,,,,1501.68304347826,,360.000000359
"1963-08-01",,,,1.2,,,,,5.84,,,,,1366.06227272727,,360.000000359
"1963-09-01",,,,1.3,,,,,5.84,,,,,1345.094,,360.000000359
"1963-10-01",,,,1.2,,,,,5.84,,,,,1348.8547826087,,360.000000359
"1963-11-01",,,,1.2,,,,,5.84,,,,,1300.58952380952,,360.000000359
"1963-12-01",,,,1.3,,,,,5.84,,,,,1232.9925,,360.000000359
"1964-01-01",,,,1.2,8321102.48112474,,,,5.84,,,,,1284.58368421053,,360.000000359
"1964-02-01",,,,1.3,8410754.28719329,,,,5.84,,,,,1282.581,,360.000000359
"1964-03-01",,,,1.2,8404890.85899518,,,,6.57,,,,,1237.2180952381,,360.000000359
"1964-04-01",,,,1.2,8491990.09911805,,,,6.57,,,,,1219.84571428571,,360.000000359
"1964-05-01",,,,1.1,8603807.43974774,,,,6.57,,,,,1289.727,,360.000000359
"1964-06-01",,,,1.2,8704655.40189982,,,,6.57,,,,,1323.44090909091,,360.000000359
"1964-07-01",,,,1.2,8822253.20155815,,,,6.57,,,,,1333.83913043478,,360.000000359
"1964-08-01",,,,1.2,8901275.09637357,,,,6.57,,,,,1287.96952380952,,360.000000359
"1964-09-01",,,,1.1,8904060.29935747,,,,6.57,,,,,1256.90238095238,,360.000000359
"1964-10-01",,,,1.1,9036430.42489886,,,,6.57,,,,,1212.98136363636,,360.000000359
"1964-11-01",,,,1.1,9310967.36314058,,,,6.57,,,,,1211.42684210526,,360.000000359
"1964-12-01",,,,1.1,9329493.13355878,,,,6.57,,,,,1215.866,,360.000000359
"1965-01-01",,,,1.1,9604488.98387571,,,,6.21,,,,,1265.67631578947,,360.000000359
"1965-02-01",,,,1.2,9691666.99712049,,,,6.21,,,,,1242.2165,,360.000000359
"1965-03-01",,,,1.1,9571083.7993732,,,,6.21,,,,,1175.31086956522,,360.000000359
"1965-04-01",,,,1.2,9709580.95134208,,,,5.84,,,,,1148.58333333333,,360.000000359
"1965-05-01",,,,1.2,9828067.42149344,,,,5.84,,,,,1140.51210526316,,360.000000359
"1965-06-01",,,,1.3,9911820.92549694,,,,5.48,,,,,1089.94454545455,,360.000000359
"1965-07-01",,,,1.3,10044211.5263382,,,,5.48,,,,,1045.73681818182,,360.000000359
"1965-08-01",,,,1.2,10210315.4200581,,,,5.48,,,,,1164.49818181818,,360.000000359
"1965-09-01",,,,1.3,10356865.3712466,,,,5.48,,,,,1249.96428571429,,360.000000359
"1965-10-01",,,,1.3,10485996.0461746,,,,5.48,,,,,1231.27095238095,,360.000000359
"1965-11-01",,,,1.3,10494761.5660185,,,,5.48,,,,,1313.6475,,360.000000359
"1965-12-01",,,,1.3,10728980.2324732,,,,5.48,,,,,1367.5345,,360.000000359
"1966-01-01",,,,1.4,10886806.1581943,,,,5.48,,,,,1432.148,,360.000000359
"1966-02-01",,,,1.3,10989282.4674365,,,,5.48,,,,,1481.3915,,360.000000359
"1966-03-01",,,,1.4,11165732.157875,,,,5.48,,,,,1547.67363636364,,360.000000359
"1966-04-01",,,,1.3,11295407.4750531,,,,5.48,,,,,1540.1145,,360.000000359
"1966-05-01",,,,1.4,11402579.6789567,,,,5.48,,,,,1562.3005,,360.000000359
"1966-06-01",,,,1.3,11497866.5909421,,,,5.48,,,,,1516.42681818182,,360.000000359
"1966-07-01",,,,1.2,11694080.2319611,,,,5.48,,,,,1481.76571428571,,360.000000359
"1966-08-01",,,,1.3,11700782.3858841,,,,5.48,,,,,1477.6952173913,,360.000000359
"1966-09-01",,,,1.4,12070164.0757469,,,,5.48,,,,,1452.818,,360.000000359
"1966-10-01",,,,1.3,12062985.0567474,,,,5.48,,,,,1436.8135,,360.000000359
"1966-11-01",,,,1.3,11973088.4918181,,,,5.48,,,,,1421.1945,,360.000000359
"1966-12-01",,,,1.2,12393350.8064571,,,,5.48,,,,,1398.5225,,360.000000359
"1967-01-01",,,,1.2,12401103.2980321,,,,5.48,,,,,1434.436,,360.000000359
"1967-02-01",,,,1.1,12576853.8996247,,,,5.48,,,,,1475.2315,,360.000000359
"1967-03-01",,,,1.6,12910220.6247347,,,,5.48,,,,,1467.31772727273,,360.000000359
"1967-04-01",,,,1.3,13051475.3572961,,,,5.48,,,,,1433.5695,,360.000000359
"1967-05-01",,,,1.2,12881040.3171658,,,,5.48,,,,,1474.07714285714,,360.000000359
"1967-06-01",,,,1.3,13212527.1305695,,,,5.48,,,,,1484.03545454545,,360.000000359
"1967-07-01",,,,1.2,13207436.7114872,,,,5.48,,,,,1484.92476190476,,360.000000359
"1967-08-01",,,,1.2,13531453.2044583,,,,5.48,,,,,1382.48043478261,,360.000000359
"1967-09-01",,,,1.1,13836345.0778544,,,,5.84,,,,,1341.899,,360.000000359
"1967-10-01",,,,1.2,14064199.7070931,,,,5.84,,,,,1367.15095238095,,360.000000359
"1967-11-01",,,,1.3,14236030.3737284,,,,5.84,,,,,1323.75,,360.000000359
"1967-12-01",,,,1.3,14437001.5462397,,,,5.84,,,,,1274.106,,360.000000359
"1968-01-01",,,,1.3,14578320.485745,32226940.4806741,,,6.21,,,,,1305.56105263158,,360.000000359
"1968-02-01",,,,1.3,14842234.3800644,32676669.926541,,,6.21,,,,,1336.85047619048,,360.000000359
"1968-03-01",,,,1.2,15002339.6251971,33173983.8064964,,,6.21,,,,,1345.0285,,360.000000359
"1968-04-01",,,,1.2,15080239.9295876,33431989.5617533,,,6.21,,,,,1419.5580952381,,360.000000359
"1968-05-01",,,,1.2,15283925.1045769,33762938.4398662,,,6.21,,,,,1470.54454545455,,360.000000359
"1968-06-01",,,,1.1,15631824.8654286,34230496.1782507,,,6.21,,,,,1512.967,,360.000000359
"1968-07-01",,,,1.3,15773284.7679979,34542022.7916182,,,6.21,,,,,1564.42565217391,,360.000000359
"1968-08-01",,,,1.2,15855476.6585346,34889167.5884923,,,5.84,,,,,1634.70454545455,,360.000000359
"1968-09-01",,,,1.1,16010425.1196293,35367390.7787709,,,5.84,,,,,1772.297,,360.000000359
"1968-10-01",,,,1.1,16127343.2417122,35779703.921635,,,5.84,,,,,1764.52409090909,,360.000000359
"1968-11-01",,,,1,16494232.9759196,36339913.1626782,,,5.84,,,,,1694.0219047619,,360.000000359
"1968-12-01",,,,1.1,16730211.3922109,36863178.1220776,,,5.84,,,,,1710.9585,,360.000000359
"1969-01-01",,,,1.1,17011627.1518649,37355705.2162738,,,5.84,,,,,1795.18894736842,,360.000000359
"1969-02-01",,,,1.2,17166312.0305172,37816568.8195872,,,5.84,,,,,1811.22894736842,,360.000000359
"1969-03-01",,,,1.1,17482607.1159281,38384025.9849151,,,5.84,,,,,1796.643,,360.000000359
"1969-04-01",,,,1.1,17776149.1614357,38951716.4608972,,,5.84,,,,,1879.84238095238,,360.000000359
"1969-05-01",,,,1.2,18038504.3593236,39400143.1417739,,,5.84,,,,,1937.15,,360.000000359
"1969-06-01",,,,1.3,18382333.5638012,39981244.188297,,,5.84,,,,,1956.54666666667,,360.000000359
"1969-07-01",,,,1.2,18750754.8177004,40540508.0219526,,,5.84,,,,,1926.20434782609,,360.000000359
"1969-08-01",,,,1.1,19151807.2079279,41197011.5361353,,,5.84,,,,,1887.4280952381,,360.000000359
"1969-09-01",,,,1.1,19443165.4456429,41794005.3528798,,,6.25,,,,,1991.365,,360.000000359
"1969-10-01",,,,1.1,19674627.82517,42389870.7029149,,,6.25,,,,,2081.88772727273,,360.000000359
"1969-11-01",,,,1,20198463.3551951,43063626.686953,,,6.25,,,,,2161.96789473684,,360.000000359
"1969-12-01",,,,1.1,20576723.2173043,43772708.0536332,,,6.25,,,,,2248.2705,,360.000000359
"1970-01-01",6139212.89799422,40.717394331704,30.8743705210039,1.1,20909713.5697136,44427412.7309361,,,6.25,,,,,2326.88578947368,,360.000000359
"1970-02-01",6189511.87236883,40.7342292047432,30.9214873479971,1.1,21200772.0748471,45024714.1044513,,,6.25,,,,,2325.68157894737,,360.000000359
"1970-03-01",6255918.38972779,41.0810407909202,31.1240537490288,1,21313236.5186635,45566934.8229817,,,6.25,,,,,2465.31954545455,,360.000000359
"1970-04-01",6308412.22455283,41.4582773604595,31.1967775342133,1.2,21667331.9872376,46199344.9456167,,,6.25,,,,,2460.73285714286,,360.000000359
"1970-05-01",6374969.81612915,41.6188963730163,31.1597162349474,1.1,22097107.894863,46925148.644587,,,6.25,,,,,2059.0855,,360.000000359
"1970-06-01",6492074.17811719,41.8331303320949,31.289151483166,1.1,22224969.7361554,47411141.2042832,,,6.25,,,,,2103.87363636364,,360.000000359
"1970-07-01",6605781.30965469,42.0614445647473,31.4470117816667,1.2,22627005.4181019,48053139.4539057,,,6.25,,,,,2124.22086956522,,360.000000359
"1970-08-01",6661822.44896554,42.2293593284553,31.4885043915174,1.2,22949768.0238468,48674234.6964795,,,6.25,,,,,2150.4319047619,,360.000000359
"1970-09-01",6720257.169645,42.51476569135,31.6630773683733,1.3,23085363.2036511,49207331.1064325,,,6.25,,,,,2117.3825,,360.000000359
"1970-10-01",6786503.8100381,43.0935784173793,32.1118312245857,1.3,23551982.3705527,49960098.9405961,,,6,,,,,2098.54772727273,,360.000000359
"1970-11-01",6795338.06537436,43.4967910651521,32.3648676720953,1.3,23958758.7814877,50561551.6250029,,,6,,,,,2092.10473684211,,360.000000359
"1970-12-01",6873152.42904561,43.6001570335729,32.577986007432,1.2,24358378.7082665,51265279.6090405,,,6,,,,,1988.0045,,360.000000359
"1971-01-01",6905441.14386788,43.7770128478886,32.804077893204,1.1,24801874.3341063,52015523.5890391,,,5.75,,,,,2075.42,,360.000000359
"1971-02-01",6920688.70684729,43.7969335587559,32.857432369903,1.2,25328702.1769016,52879675.987597,,,5.75,,,,,2165.13789473684,,360.000000359
"1971-03-01",6981085.58547183,43.6635375770058,32.8590076436588,1.2,25564937.5296596,53683931.8320827,,,5.75,,,,,2322.82217391304,,360.000000359
"1971-04-01",7044720.30667775,43.7490742664426,33.0077766391908,1.2,26008232.068914,54615678.07524,,,5.75,,,,,2426.73238095238,,360.000000359
"1971-05-01",7051618.32247751,44.0401708437724,33.1800259125877,1.2,26809141.4206644,55736655.4903225,,,5.5,,,,,2418.56157894737,,360.000000359
"1971-06-01",7168654.68530361,44.2035958973669,33.4349415486793,1.2,27019255.6044394,56625830.7432051,,,5.5,,,,,2550.57909090909,,360.000000359
"1971-07-01",7216745.04647217,44.4280442865355,33.5828652854555,1.2,27994216.0105438,58003383.4672751,,,5.25,,,,,2661.35409090909,,360.000000359
"1971-08-01",7257725.09068526,44.5851167299624,33.7359670252076,1.3,28778778.9731011,59207902.5388956,,,5.25,,,,,2463.595,,355.519999999
"1971-09-01",7363346.95000772,44.9024499940915,34.1955048253383,1.2,29238392.9319463,60303008.0524147,,,5.25,,,,,2361.366,,337.399999999
"1971-10-01",7331784.33165707,44.9211956881265,34.2505915016167,1.3,29531277.1728051,61333632.2971972,,,5.25,,,,,2308.32380952381,,330.419999999
"1971-11-01",7396284.01865675,44.8635266786283,34.2066077864545,1.3,29360579.9458558,62099850.2591509,,,5.25,,,,,2335.517,,328.399999999
"1971-12-01",7474319.12583583,45.1386209893693,34.2309115288672,1.4,30577818.0856593,64015157.2851898,,,4.75,,,,,2524.5805,,336.392319891347
"1972-01-01",7613260.72946367,45.3632656254297,34.1208728977552,1.4,30841861.5122277,65137559.1962502,,,4.75,,,,,2801.5885,,312.229999999
"1972-02-01",7771518.96456913,45.7617625209315,34.3790857392991,1.4,31137212.604414,66269557.8186317,,,4.75,,,,,2918.876,,304.979999999
"1972-03-01",7901535.77124476,45.9149792839846,34.5981236880417,1.4,31936648.3702315,67701222.5589202,,,4.75,,,,,3050.92454545455,,302.439999999
"1972-04-01",7899575.42111695,45.9823313833371,34.7148752053694,1.4,32496866.9618559,68925685.9039437,,,4.75,,,,,3258.718,,303.559999999
"1972-05-01",7992324.88333193,46.112914538214,34.8867816407628,1.4,32510483.640312,69933381.0736265,,,4.75,,,,,3444.29714285714,,304.439999999
"1972-06-01",8093110.47556337,46.4526121873565,35.075162565815,1.4,33008152.8044902,71623768.6908828,,,4.25,,,,,3648.73409090909,,303.679999999
"1972-07-01",8198246.50610005,46.9115811417355,35.2076520514245,1.4,33054445.9163266,73660573.926159,,,4.25,,,,,3764.95952380952,,301.109999999
"1972-08-01",8411284.56137239,47.4501429749421,35.6687782952741,1.4,33539781.7409242,74787973.9067155,,,4.25,,,,,3980.46043478261,,301.099999999
"1972-09-01",8460075.95151924,47.4220874595734,35.5054013115594,1.5,34348241.896455,76491531.340641,,,4.25,,,,,4196.5035,,301.099999999
"1972-10-01",8545325.49098797,47.6546796313482,35.6806963469507,1.4,36504773.3314531,78387122.746883,,,4.25,,,,,4432.01571428571,,301.099999999
"1972-11-01",8682672.53436027,47.9617758284666,35.8502792481747,1.4,37389513.2525379,79842603.5332763,,,4.25,,,,,4631.755,,301.099999999
"1972-12-01",8902335.34792694,48.5359189006419,36.2108896112866,1.4,38098619.8012321,81109285.5419389,,,4.25,,,,,4943.5375,,301.229999999
"1973-01-01",9120389.17742426,49.0119664047632,36.3523649540365,1.3,38701269.4901743,82232793.1803425,,,4.25,,,,,5256.04052631579,,301.959999999
"1973-02-01",9291968.61266798,49.6464694352964,36.7107454519086,1.2,39784778.220992,84015007.1589858,,,4.25,,,,,5071.1025,,279.099999999
"1973-03-01",9538608.93859878,50.547080465474,37.5634533768333,1.2,41185625.7779623,85886915.3898178,,,4.25,,,,,5057.0780952381,,265.259999999
"1973-04-01",9601526.82471362,50.9620723644133,37.9228883483954,1.3,42871749.8138313,87737337.379337,,,5,,,,,4772.1865,,265.519999999
"1973-05-01",9762941.50827938,51.6315383658301,38.619899967628,1.4,42638095.2652435,88437618.8077055,,,5.5,,,,,4662.68590909091,,264.729999999
"1973-06-01",9856493.87347768,51.9855306805304,38.9576204444847,1.4,43127787.0476692,89633931.8323167,,,5.5,,,,,4604.84428571429,,264.7
"1973-07-01",9887750.80314806,52.5907248939203,39.3703976863442,1.3,43801353.5125817,90395698.4641718,,,6,,,,,4922.31363636364,,264.41
"1973-08-01",10130667.7652354,53.1175504592301,39.8543017108295,1.2,44044143.4744392,91127697.6641807,,,7,,,,,4903.19782608696,,265.109999999
"1973-09-01",10325043.0086435,54.3383935667716,40.5710631713361,1.3,45322686.4510825,92252447.8709298,,,7,,,,,4610.39684210526,,265.49
"1973-10-01",10582204.0579126,54.9882068217703,40.7564450061686,1.1,45261875.2808567,92834147.0188318,,,7,,,,,4572.24545454545,,266.33
"1973-11-01",10746627.5992258,55.7421369651698,41.3786835291157,1.2,45369474.8073755,93729568.5459518,,,7,,,,,4486.96,,277.809999999
"1973-12-01",10859507.379917,56.9932950107495,42.7980772052006,1.1,45432671.9191205,94208936.3301932,,,9,,,,,4182.478,,280
"1974-01-01",10855248.9636036,58.0172901233892,44.393082532611,1.2,46098506.1015233,95065272.72309,,,9,,,,,4346.05894736842,,298.639999999
"1974-02-01",11010298.4018579,59.4494752442298,45.8750867196954,1.3,46710210.9487244,96253965.49355,,,9,,,,,4524.85210526316,,291.239999999
"1974-03-01",11087884.2915738,60.3635638822568,46.1430603855148,1.4,46830102.6627772,96829094.0172289,,,9,,,,,4485.113,,282.58
"1974-04-01",11466628.8154134,62.0719946207273,46.7898358531887,1.3,46990392.8587974,97624662.4484777,,,9,,,,,4520.81,,277.779999999
"1974-05-01",11789046.7507678,62.8196604445036,47.0849496059188,1.3,48174745.7722925,98771655.9353047,,,9,,,,,4712.33142857143,,278.929999999
"1974-06-01",11957349.4087236,63.7378277883423,47.7112943861184,1.3,49373428.8669641,99640297.7931491,,,9,,,,,4696.66,,283.049999999
"1974-07-01",12173202.6922712,64.4820383147259,48.7307841879413,1.3,49525074.3956806,100376130.273751,,,9,,,,,4540.14956521739,,290.91
"1974-08-01",12315354.826413,65.1296210812527,49.4776330063755,1.5,49696096.6919112,101298308.4475,,,9,,,,,4186.66,,302.219999999
"1974-09-01",12369431.2906743,65.3465005485468,49.6800244433391,1.4,49956312.7022813,102034278.183471,,,9,,8.12816666666667,,,4046.84105263158,,299.62
"1974-10-01",12532158.1828236,66.6253474920804,50.7789134020256,1.6,50172085.9680305,102816127.309344,,,9,,8.21316,,,3625.85818181818,,299.479999999
"1974-11-01",12656129.9965928,67.3637060735825,51.6064085860866,1.5,51355905.7367465,104332810.279135,,,9,,8.23308695652174,,,3740.613,,300.099999999
"1974-12-01",12664751.3888198,67.3257133976393,51.8623819437622,1.7,51761226.7554836,105341904.815739,,,9,,8.24873913043478,,,3904.031,,300.439999999
"1975-01-01",12592539.310011,67.2006128944801,52.1300998853557,1.7,52431727.2057155,106452507.066671,,,9,,8.23759090909091,,,3771.67157894737,,299.639999999
"1975-02-01",12628842.2008621,66.9911873633811,52.2988185587423,1.8,52980427.3087062,107676018.356433,,,9,,8.25572727272727,,,4110.68842105263,,292.169999999
"1975-03-01",12705005.1610642,67.2492683826024,52.6951275353778,1.8,52995608.3555123,108665496.770068,,,9,,8.27091666666667,,,4297.4395,,288.029999999
"1975-04-01",12926264.2996003,67.4298491337612,53.0422890722107,1.8,53789366.9828874,110099918.763375,,,8.5,,8.251125,,,4433.6619047619,,292.12
"1975-05-01",13043612.4230302,67.8232782306265,53.4385272307935,1.8,54343445.5896581,111191297.556778,,,8.5,,8.27966666666667,,,4508.60857142857,,291.469999999
"1975-06-01",13174702.698598,68.1393397447808,53.8211991708318,1.8,54308359.9607754,111889759.199609,,,8,,8.30345833333333,,,4486.6719047619,,293.569999999
"1975-07-01",13263460.1114733,68.3600345284883,54.0990246853302,1.8,55020099.3599802,113476860.092583,,,8,,8.31634615384615,,,4389.10130434783,,296.219999999
"1975-08-01",13292425.4276619,68.409987753615,54.1866568075643,1.9,55946935.3252945,114930554.348061,,,7.5,,8.32508,,,4182.87285714286,,297.939999999
"1975-09-01",13472601.3256701,68.875318554083,54.8308352198841,2,56079424.1677054,116127313.328175,,,7.5,,8.33221739130435,,,3964.24,,299.679999999
"1975-10-01",13673946.3175171,69.4443851841161,55.6073778488086,2.1,56286642.9011986,117565099.914252,,,6.5,,8.3492,,,4207.1,,302.379999999
"1975-11-01",13688711.9511732,69.8599527066467,55.8972986615064,2.1,55967467.1056565,118941906.418591,,,6.5,,8.39809090909091,,,4311.76444444444,,302.529999999
"1975-12-01",13824948.0585334,70.0964164220658,56.0782219457404,2.1,57576424.2164484,120697963.417935,,,6.5,,8.4224347826087,,,4258.7265,,305.7
"1976-01-01",14021808.5211421,70.982420437551,56.7350526143015,2.1,58696193.7163877,122489622.690829,,,6.5,,8.45886363636364,,,4574.80473684211,,304.66
"1976-02-01",14223691.7027449,71.6250082794338,57.2128265969819,2,59680970.4510778,124164955.298868,,,6.5,,8.46772727272727,,,4559.76421052632,,301.899999999
"1976-03-01",14336048.5635727,72.0575370018602,57.4171747534036,2,60120836.0827191,125659090.895795,,,6.5,,8.47930769230769,,,4605.2,,300.599999999
"1976-04-01",14540899.1888835,72.965852107642,58.1289074153371,2.1,60513659.7939356,126798852.81144,,,6.5,,8.49258333333333,,,4520.99095238095,,299.129999999
"1976-05-01",14602661.7721413,73.4730488891933,58.371441406408,2.1,61547675.3282137,128405118.165404,,,6.5,,8.4964347826087,,,4607.92052631579,,299.059999999
"1976-06-01",14839708.7149419,73.9909722750546,58.8847483694347,2,62345136.2674876,129956468.084996,,,6.5,,8.4992,,,4728.86454545455,,299.399999999
"1976-07-01",15055294.8942403,74.4757016035253,59.3772126827735,2,62531128.4853203,131001376.419116,,,6.5,,8.52530769230769,,,4749.23045454545,,294.779999999
"1976-08-01",15073887.893593,74.3819735859167,59.3171959426067,2,63227526.1854555,132317558.164524,,,6.5,,8.5024,,,4708.81272727273,,290.739999999
"1976-09-01",15184411.9625069,75.0946174346803,60.1757552181256,2,63629632.8824445,133520002.766251,,,6.5,,8.47452173913043,,,4741.586,,287.66
"1976-10-01",15116861.4532232,75.0923105565609,60.4001901634981,2,64449036.7768965,135131857.829643,,,6.5,,8.4685,,,4702.779,,290.929999999
"1976-11-01",15291169.1865878,75.4808688692794,60.9979060336573,2,64643802.4768781,136056953.256369,,,6.5,,8.47482608695652,,,4544.6145,,295.049999999
"1976-12-01",15573359.5521308,76.4008209265042,61.9147760244578,1.8,65033015.9499472,137418947.531412,,,6.5,,8.48404347826087,,,4760.2215,,294.719999999
"1977-01-01",15832195.1741313,76.7218349098598,62.081928270673,1.9,65391569.949668,138618298.252943,,,6.5,,8.48617391304348,,,4993.0165,,291.08
"1977-02-01",15964874.4510746,77.3795818708103,62.5441888303741,2,65542037.6879559,139626007.980404,,,6.5,,8.50522727272727,,,5042.77789473684,,285.069999999
"1977-03-01",16157047.5883529,77.5488756419881,62.8515020114195,2,65664279.3766657,140899829.82759,,,6,,8.4834,,,5009.34181818182,,280.569999999
"1977-04-01",16193499.345359,77.8267289538589,63.2329594721944,1.9,65073061.2850226,141350005.73518,,,5,,8.089625,,,5019.3525,,275.12
"1977-05-01",16313908.9158479,78.4169772507956,63.8243539074578,2.1,63826249.0344418,142774347.444836,,,5,,7.72213043478261,,,5052.0945,,277.62
"1977-06-01",16464132.7162588,78.6692382330883,64.0336304897524,2.1,65458937.3991737,144238033.363407,,,5,,7.58936,,,4968.15363636364,,272.979999999
"1977-07-01",16433419.9918369,78.9798943614762,63.9408732604083,2.1,66422028.5164078,145623399.609911,,,5,,7.21756,,,4975.4780952381,,264.819999999
"1977-08-01",16735070.3046625,79.4852396239646,64.4434597330144,2,66973304.7273308,146644782.948822,,,5,,7.09734615384615,,,5147.31086956522,,266.639999999
"1977-09-01",16859714.0761521,79.8872495480083,64.7080412895662,2,67582673.1766962,148566192.655494,,,4.25,,7.06495652173913,,,5220.4805,,267.04
"1977-10-01",16932947.7288418,80.353746909812,65.0162049213431,1.9,68018503.9023762,149477648.734735,,,4.25,,7.06170833333333,,,5155.363,,255.069999999
"1977-11-01",17114143.0029233,80.315776411782,64.9600854393893,2,68734961.2020313,150807468.608876,,,4.25,,6.84686956521739,,,4894.096,,244.809999999
"1977-12-01",17273749.423635,80.5741649708621,65.0393983861685,2.1,69583321.473483,152144987.18942,,,4.25,,6.64073913043478,,,4864.4445,,241.299999999
"1978-01-01",17447231.4673964,80.7605327579504,64.9986968725229,2.1,70060004.7091015,153417846.366701,,,4.25,,6.57859090909091,,,5017.46947368421,,241.129999999
"1978-02-01",17581335.810848,81.4229777603762,65.4378783503028,2.2,70399395.4730352,154669263.246583,,,4.25,,6.70886363636364,,,5132.3095,,240.279999999
"1978-03-01",17852823.3903678,81.78371575993,65.9318885636603,2.2,70842856.677397,156471496.625831,,,3.5,,6.55956,,,5275.96772727273,,231.509999999
"1978-04-01",17876338.3455679,81.858055328804,66.0510747224005,2.2,70060028.5553524,158138863.626987,,,3.5,,6.35673913043478,,,5504.2275,,221.679999999
"1978-05-01",17969336.0952879,82.1410875595334,66.3382965382685,2.3,70974199.3397449,159203329.146271,,,3.5,,6.34891666666667,,,5466.68904761905,,226.399999999
"1978-06-01",18052551.9317935,82.2693827505139,66.4110179423923,2.3,72847005.0770123,161576800.684222,,,3.5,,6.3824,,,5493.63318181818,,214.339999999
"1978-07-01",18225582.2589293,82.7440012472832,66.7858985956135,2.2,73935010.6766897,163049092.453771,,,3.5,,6.41008,,,5603.82142857143,,199.899999999
"1978-08-01",18494911.0213629,83.3741055929306,67.4225260244225,2.3,74749115.6372469,164573745.059311,,,3.5,,6.56326923076923,,,5522.99869565217,,188.45
"1978-09-01",18578224.4011376,83.3207000167548,67.3297793176427,2.4,75391559.1803091,166324949.662053,,,3.5,,6.56352173913043,,,5661.5395,,190.16
"1978-10-01",18638615.1012268,83.3709601053962,67.3250409242683,2.2,75914109.1526686,167569416.728966,,,3.5,,6.52908333333333,,,5819.37238095238,,183.95
"1978-11-01",18761089.4583273,83.4923387543685,67.3684293972222,2.2,76647001.2718478,169367514.40642,,,3.5,,6.41686956521739,,,5944.867,,191.259999999
"1978-12-01",18943140.1498482,83.6717925577854,67.447224305269,2.2,76991721.3478556,170727197.537512,,,3.5,,6.44791304347826,,,6008.7425,,196.24
"1979-01-01",19054621.5208872,83.8560739146923,67.3770915078926,2.2,78052012.3683429,172445409.647766,,,3.5,,6.57872727272727,,,6123.05894736842,,197.719999999
"1979-02-01",19099416.8554326,83.7887834160387,67.207819701644,2,78363802.5564695,173755579.151496,,,3.5,,6.79454545454545,,,6102.24631578947,,200.559999999
"1979-03-01",19326835.8301879,84.1842416430935,67.7842061498445,2.1,78635921.5924934,175466653.707421,,,3.5,,7.02796,,,6051.81285714286,,206.099999999
"1979-04-01",19409484.7360881,84.1769438686388,68.0501319415337,2.1,80848021.9623801,177449208.76876,,,4.25,,7.68665217391304,,,6084.9735,,215.809999999
"1979-05-01",19633571.9313301,84.223859525546,68.4787268245735,2,82083651.2875991,179578039.815507,,,4.25,,7.83675,,,6283.25636363636,,218.149999999
"1979-06-01",19729838.5319746,84.4688636306894,68.9061938839012,2,80952979.0066263,180713417.68106,,,4.25,,8.25008,,,6184.4,,218.889999999
"1979-07-01",19927789.0015776,85.105015208158,69.7293654519944,2.2,81549812.0598432,182440368.410286,,,5.25,,8.08508,,,6228.52636363636,,216.41
"1979-08-01",19936419.3726915,84.6951306457315,69.4581614843544,2.2,82598814.1213661,184042192.566828,,,5.25,,7.94234615384615,,,6403.32695652174,,217.91
"1979-09-01",19801067.6768174,84.9689905244392,69.5566543837881,2,81978557.8595259,185213958.731481,,,5.25,,8.08678260869565,,,6455.8352631579,,222.259999999
"1979-10-01",20077621.0232845,85.5516517569608,70.2728314915034,2.1,82333707.5334483,186664173.19699,,,5.25,,8.24152,,,6433.97772727273,,230.37
"1979-11-01",20195739.706544,85.6896246067503,70.5825838496387,2.1,82695518.913636,188151203.257056,,,6.25,,8.68873913043478,,,6397.39666666667,,244.879999999
"1979-12-01",20277720.5944127,86.1894308323661,71.2722966329626,2,82928140.7993587,189508737.420614,,,6.25,,8.62713043478261,,,6502.178,,240.62
"1980-01-01",20386237.7709968,86.2853243017586,71.7699640119804,1.9,83398867.5138255,190882053.373451,,,6.25,,8.4015,,,6670.24947368421,,237.959999999
"1980-02-01",20783667.5145605,86.5122118507629,72.4505845741916,1.9,84042325.1484896,192542437.360675,,,7.25,,8.69695652173913,,,6787.1465,,244.049999999
"1980-03-01",20652534.746161,87.1276987515723,72.7870736716825,1.9,84868441.0686894,193947832.742115,,,9,,9.442625,,,6601.1075,,248.62
"1980-04-01",20992570.2672133,88.0248849981532,73.6030556837266,2,86441743.8962406,195942747.218139,,,9,,9.958125,,,6757.3,,251.669999999
"1980-05-01",21091645.7116279,88.6342948528686,73.9496095018463,2,85289466.0278907,198058206.816218,,,9,,8.79145833333333,,,6799.95333333333,,228.349999999
"1980-06-01",21275038.3313632,89.4715481231574,74.5549179179565,1.9,83468898.5124514,198183013.106068,,,9,,8.1865,,,6818.83952380952,,218.049999999
"1980-07-01",21534005.2359183,89.9622018514906,74.9329522041581,2,81965010.813131,198510913.294685,,,9,,8.42730769230769,,,6808.69956521739,,220.95
"1980-08-01",21509117.3409064,90.5861093137181,75.1878194772885,2.1,81646426.3978709,199244994.065735,,,8.25,,8.51872,,,6833.42095238095,,224.45
"1980-09-01",21824612.2181631,90.941612441453,75.5666098766994,2,81746299.4382158,199967854.563719,,,8.25,,8.52221739130435,,,6983.9435,,214.849999999
"1980-10-01",21957194.0104737,91.07941834087,75.6234546892057,2.1,81681429.7173238,200840546.900831,,,8.25,,8.63232,,,7138.58227272727,,209.12
"1980-11-01",22093826.4621486,91.9033709062286,76.3330947440433,2.2,82072367.7157643,203031819.542824,,,7.25,,8.56209090909091,,,7148.12166666667,,213.04
"1980-12-01",22287104.5656127,91.7263183465821,76.3414614108431,2.2,81492697.4361818,204251850.705431,,,7.25,,8.78282608695652,,,7079.938,,209.78
"1981-01-01",22545954.0870103,92.2424463183976,77.0614347136231,2.1,82118260.0473564,205137728.332528,,354858139.527485,7.25,,8.57263636363636,,,7247.4425,,202
"1981-02-01",22566715.9240728,92.1262112995254,77.06375363249,2.3,83260735.0457496,207126424.398087,,358425003.229224,7.25,,8.38840909090909,,,7197.5815,,205.889999999
"1981-03-01",22634152.4441091,92.0609278402063,77.1740646884182,2.2,83421527.8229955,208644871.730535,,360761712.126774,6.25,,8.16152,,,7170.19954545455,,208.819999999
"1981-04-01",22646278.4510179,92.0646095723022,77.3178885064981,2.2,82906142.5920215,211514686.375804,,365997821.173095,6.25,,7.97466666666667,,,7504.80454545455,,215.139999999
"1981-05-01",22612369.5607315,92.5568794176197,77.7077890270834,2.3,84940284.364485,212923410.77065,,369278341.760826,6.25,,8.19221739130435,,,7491.79952380952,,220.66
"1981-06-01",22923793.1566388,92.8547414624726,78.1101043976761,2.3,86333738.8180171,214783713.085931,,374191398.752982,6.25,,8.1766,,,7617.12136363636,,224.2
"1981-07-01",23048836.718888,93.1179111041455,78.1981931339136,2.2,86567500.2490011,216442763.698446,,375777847.881246,6.25,,8.22496153846154,,,7848.99260869565,,231.959999999
"1981-08-01",23067085.6833087,93.4653824879443,78.3452951182995,2.1,87219139.2016272,218405520.274214,,378468527.839903,6.25,,8.5364,,,7907.45523809524,,233.689999999
"1981-09-01",23257045.9716306,93.712786802969,78.6380521207099,2.2,87518361.6091332,220068388.265836,,381169161.109769,6.25,,8.61104347826087,,,7521.605,,230.019999999
"1981-10-01",23296257.6715487,93.820158884173,78.7629064069015,2.2,88473382.4922992,222520441.438401,,384999947.568169,6.25,,8.77896,,,7374.705,,231.37
"1981-11-01",23415272.9310611,94.2476495903598,79.2395985813176,2.2,88994219.5006042,224215072.287708,,389266359.981419,6.25,,8.32259090909091,,,7606.90476190476,,223.74
"1981-12-01",23514792.8315837,94.4975340837041,79.564452070229,2.2,89482495.2483589,225605104.056837,,392329409.447286,5.5,,8.01660869565217,,,7678.32826086957,,218.939999999
"1982-01-01",23542196.7135489,94.3103692478803,79.474045437591,2.2,88017424.186517,227151335.05302,,395314001.993522,5.5,,7.97131818181818,,,7741.96095238095,,224.589999999
"1982-02-01",23622270.9871131,94.3348270420556,79.5321011336713,2.2,88574157.8071577,229010415.490145,,398186977.789686,5.5,,7.9855,,,7736.118,,235.169999999
"1982-03-01",23857153.2467991,94.204241487986,79.5145390462202,2.3,89100024.5046262,230222581.139082,,400785709.345696,5.5,,7.71012,,,7184.43826086957,,240.719999999
"1982-04-01",23966730.0615135,94.5363558012505,79.7100376327148,2.3,89736446.6103433,231256925.814259,,405519127.751127,5.5,,7.71570833333333,,,7280.96681818182,,244.859999999
"1982-05-01",23976488.028379,94.57867807076,79.6320063952755,2.3,90451198.0960221,232983875.850591,,410286104.242641,5.5,,7.76621739130435,,,7492.95142857143,,236.899999999
"1982-06-01",24199004.3985467,94.8435580602548,79.9715852940449,2.4,90691828.2084907,233882162.319794,,413549046.959579,5.5,,8.23268,,,7206.39363636364,,251.04
"1982-07-01",24083012.4792813,94.6957753080579,79.7363545096891,2.4,91404780.6177657,236657294.024103,,416059317.524769,5.5,,8.20753846153846,,,7144.95954545455,,255.12
"1982-08-01",24325083.220919,95.5147992204505,80.7752909036784,2.3,91731920.666509,238214655.026196,,418521763.692097,5.5,,8.26656,,,7042.15272727273,,258.819999999
"1982-09-01",24473638.8039035,95.5227630485505,81.2120534891704,2.4,91918282.8738001,239524141.426703,,421518542.443068,5.5,,8.25921739130435,,,7082.50954545455,,262.649999999
"1982-10-01",24241899.3761117,95.1377318784876,81.1741394991489,2.5,92686215.402832,241002609.550889,,424624997.786637,5.5,,8.3225,,,7249.44619047619,,271.399999999
"1982-11-01",24469792.7991147,94.6460751041796,81.0455621448701,2.4,93172657.4993013,242233751.057243,,427783565.93892,5.5,,8.29165217391304,,,7701.59227272727,,265.129999999
"1982-12-01",24488129.2581915,95.0504473506449,81.1664923000604,2.5,93653531.3732066,243305437.320314,,431234007.733345,5.5,,7.86126086956522,,,7933.13913043478,,242.519999999
"1983-01-01",24663934.4108289,95.5965422312766,81.176015418665,2.7,93980393.9052589,244663980.301503,,434831275.80899,5.5,,7.8114347826087,,,8025.05428571429,,232.939999999
"1983-02-01",24647487.3143824,95.855500159182,81.0688849262906,2.7,93905775.0649122,245874204.123431,,437966216.35129,5.5,,7.84881818181818,,,8040.8515,,236.24
"1983-03-01",24806762.1141265,96.0606323773576,81.3374289100969,2.6,93808952.9839188,247295446.326528,,441224966.073778,5.5,,7.89072,,,8183.30869565217,,238.029999999
"1983-04-01",24723230.713752,95.8797464928573,81.3642099926502,2.7,93785573.2551298,248884903.803147,,444870334.043431,5.5,,7.82520833333333,,,8531.88238095238,,237.709999999
"1983-05-01",24849407.0716002,96.2246594735374,81.7693145185739,2.7,93780514.9970067,250551218.146761,,448871056.081845,5.5,,7.77217391304348,,,8628.88272727273,,234.74
"1983-06-01",24977288.9180434,96.2403990211002,81.6622781015513,2.6,94263155.2555405,252151256.176938,,453816557.497208,5.5,,7.80612,,,8667.57409090909,,240.149999999
"1983-07-01",25067730.6698195,96.5885346747007,81.5752875978393,2.6,94236107.3760781,253571138.338838,,456145275.704425,5.5,,7.84104,,,8969.79714285714,,240.5
"1983-08-01",25364755.2692587,96.7572780091953,81.7431946090746,2.8,94150687.5952576,254846502.662044,,459402657.799356,5.5,,7.97726923076923,,,9054.13652173913,,244.33
"1983-09-01",25506438.175652,96.8364853854809,81.9489408393166,2.7,94631194.8035973,256561602.567664,,462721966.412288,5.5,,7.76539130434783,,,9299.01227272727,,242.769999999
"1983-10-01",25459512.3559087,97.0814860731007,82.3838608190472,2.6,94853321.0543777,258418933.579701,,466996115.7825,5,,7.63916666666667,,,9397.85095238095,,233.009999999
"1983-11-01",25532703.8501059,97.132676453681,82.5673346638371,2.6,94153155.005957,258791490.399468,,470117524.32656,5,,7.61347826086957,,,9347.91409090909,,235.309999999
"1983-12-01",25613942.0204414,97.0381239363253,82.4519343984415,2.6,95506560.8961752,261671090.753804,,474499238.691975,5,,7.44939130434783,,,9580.56227272727,,234.41
"1984-01-01",25785716.3585916,97.4883452525377,82.689463917434,2.7,94525713.7919951,263209374.16118,,477435683.211549,5,,7.42668181818182,,,10074.1277272727,,233.939999999
"1984-02-01",26285467.435738,98.2225390392573,83.4269294991072,2.7,95052850.9413987,264986480.501243,,481198276.344103,5,,7.41491666666667,,,10008.4057142857,,233.679999999
"1984-03-01",26307894.748146,98.4397280024899,83.365215407695,2.7,96123814.6791902,267639457.190538,,485718978.146209,5,,7.3288,,,10326.5340909091,,225.399999999
"1984-04-01",26391016.4873781,98.4592101274975,83.18879405528,2.7,95881399.5367903,268025805.773545,,487977322.650247,5,,7.2725652173913,,,10921.9238095238,,224.95
"1984-05-01",26727255.6238664,98.6537357269491,83.4110701506104,2.7,95750554.718249,269691951.627117,,491579940.374354,5,,7.45829166666667,,,10550.6860869565,,230.66
"1984-06-01",26799518.5392951,98.5626680330317,83.2423607122624,2.8,96197892.2581985,271412098.233436,,495028058.782995,5,,7.50332,,,10225.0847619048,,233.209999999
"1984-07-01",26902456.0885409,99.0396311303553,83.6304387026245,2.8,96958221.4249134,273265239.521742,,497859563.28344,5,,7.51096,,,10156.455,,242.839999999
"1984-08-01",26934519.9253512,98.6798910360547,83.2245406518514,2.7,96764167.3897288,274629603.28,,501864550.083856,5,,7.31915384615385,,,10414.7043478261,,242.299999999
"1984-09-01",26951464.0031707,99.6540533336609,83.8978899301899,2.7,98625164.1572701,277138864.055106,,506540695.05177,5,,7.22354545454545,,,10562.0055,,245.229999999
"1984-10-01",27266703.5535424,99.8281508788657,84.0955709621061,2.7,98246209.7545207,278387850.072551,,510255729.333508,5,,7.07232,,,10853.7756521739,,246.79
"1984-11-01",27343091.4007495,100.09771368918,84.2911736065536,2.7,98750735.3637594,279773808.471804,,513784159.680154,5,,6.86960869565217,,,11257.5990909091,,243.319999999
"1984-12-01",27452997.5295824,100.427694171505,84.666040015197,2.6,100214221.659411,282022118.000054,,517440689.494728,5,,6.75508695652174,,,11469.4366666667,,247.95
"1985-01-01",27727617.9265448,100.260843554547,84.8474257439314,2.5,100478803.577829,283944395.939814,,521410135.59099,5,,6.65431818181818,,,11800.2181818182,,254.179999999
"1985-02-01",27810844.7003197,100.161176445405,84.755475231927,2.6,100459638.554472,285756100.707181,,525268686.657621,5,,7.03590909090909,,,12075.4995,,260.24
"1985-03-01",27915358.7478934,100.520703764736,84.885637091538,2.6,102073574.588243,288378394.379964,,529326226.152071,5,,7.08770833333333,,,12468.4052380952,,258.629999999
"1985-04-01",28303485.1840135,100.931634572309,85.0916474081575,2.5,100150260.944225,290509113.148228,,533782683.406729,5,,6.94429166666667,,,12432.4368181818,,251.669999999
"1985-05-01",28451380.1624756,100.805300875989,84.8703968484541,2.6,100245042.426362,292179246.016093,,537368483.769769,5,,6.81266666666667,,,12557.1152173913,,251.54
"1985-06-01",28442072.4009096,101.364337192775,85.3114183211846,2.6,101097626.866814,294112991.803642,,541568736.157341,5,,6.62220833333333,,,12730.427,,248.99
"1985-07-01",28672593.8657663,101.386859747753,85.6826358849676,2.6,101582721.230976,295910622.578094,,545419781.678647,5,6.4167,6.46119230769231,,,12779.7813043478,,241.75
"1985-08-01",28672100.7641847,101.446058069868,85.7218219345784,2.5,101633272.686255,297505276.51626,,550193940.889287,5,6.2476,6.44688461538462,,,12555.5168181818,,237.209999999
"1985-09-01",28643691.5115718,101.108591608193,85.2155416742438,2.7,103065224.000421,299976271.003191,,553461908.742282,5,6.4972,6.25372727272727,,,12600.7728571429,,236.95
"1985-10-01",29186310.783337,101.70291475074,85.7296862929738,2.7,102914747.840171,302305504.468681,,557426667.442674,5,6.66,6.02956,,,12900.45,,214.729999999
"1985-11-01",29250833.9675114,101.660593462709,85.5979469346023,2.8,103009687.558401,305149728.172876,,562525640.86385,5,7.4185,6.78047826086957,,,12751.7514285714,,203.719999999
"1985-12-01",29265435.9097425,101.842998253791,85.8598468982365,2.8,104980394.993281,308269634.417874,,567532058.331768,5,8.2425,6.27178260869565,,,12990.0154545455,,202.819999999
"1986-01-01",29100885.1924717,101.984517275871,86.1988301089609,2.7,104805284.985649,309477604.235648,,571576809.232524,4.5,7.0455,6.11118181818182,,,12987.4560869565,,200.069999999
"1986-02-01",29127388.6051962,102.211098084145,86.3162196914239,2.6,104404506.911552,311269998.258729,,575323288.948503,4.5,6.0256,5.73086363636364,,,13364.1575,,184.639999999
"1986-03-01",29259076.9507524,102.357090107092,86.0089866491776,2.7,105843377.104465,314045257.395754,,580046513.799603,4,5.7552,5.17375,,,14535.1780952381,,178.929999999
"1986-04-01",29672639.6631675,102.942955717814,85.8546865536145,2.8,106356545.097133,314826998.132689,,584315221.1993,3.5,4.9661,4.99875,,,15484.7213636364,,175.62
"1986-05-01",29960871.3494785,103.335198320267,85.8180487471409,2.7,106856394.224775,316788254.608648,,589140798.158821,3.5,4.3984,5.073625,,,16062.3204545455,,166.83
"1986-06-01",30132544.9993962,103.433060445978,85.8147506505363,2.8,108544135.06689,319654114.465512,,592604856.842404,3.5,4.5234,5.03475,,,17163.8895238095,,167.95
"1986-07-01",30115828.3057561,103.267751941464,85.8118505701438,2.9,109087676.85892,321894813.549067,,596896049.709933,3.5,4.6298,5.42169230769231,5.19781818181818,,17731.3282608696,,158.6
"1986-08-01",29898689.4229561,103.375361305227,85.7933105964213,2.8,110329174.990793,323955052.440059,,600891578.462922,3.5,4.6771,5.24808333333333,5.11479166666667,,18103.8714285714,,154
"1986-09-01",30288757.7039486,102.83982690289,85.6152276568102,2.8,111114621.424842,326615755.290861,,607000659.111535,3.5,4.7585,5.41145454545455,5.45963636363636,,18129.1854545455,,154.718
"1986-10-01",30255558.088918,102.809923269411,85.4480349820542,2.7,111864502.154008,327834321.981391,,610610669.098189,3.5,4.5365,5.55420833333333,5.70083333333333,,16913.1347826087,,155.95
"1986-11-01",30255139.0688233,103.11837738486,85.5751885555678,2.8,113208038.877293,330261813.063749,,615879371.107691,3,3.9048,5.36814285714286,5.61419047619048,,17313.2505,,162.64
"1986-12-01",30559247.9645486,102.978014841059,85.549319407939,2.9,114075994.412811,333698970.647402,,620261895.783869,3,4.315,5.19245454545455,5.38145454545455,5.7905,18725.3856521739,,162.29
"1987-01-01",30490021.5499049,102.92074505642,85.2999300057864,3,114870562.214656,336131825.40161,,624284706.80861,3,4.3304,5.09314285714286,5.20380952380952,5.69533333333333,19210.9131578947,,154.48
"1987-02-01",30509065.5869951,103.133417119351,85.5093047095886,2.9,115617655.698187,338399556.390563,,628386690.266092,2.5,4.2768,4.94104761904762,5.17738095238095,5.46033333333333,19942.1994736842,,153.48
"1987-03-01",30685353.8188358,102.865975929983,85.605868111028,2.9,116228457.54707,342176785.019734,,635157158.36321,2.5,3.9922,4.42408333333333,4.69591666666667,5.07354166666667,21413.3604545455,,151.54
"1987-04-01",30660313.5527684,102.82863540729,85.9093648407554,2.9,117911234.224725,345625904.093301,,640801349.36708,2.5,3.7147,4.11582608695652,4.29952173913043,4.77447826086957,23245.1966666667,,142.98
"1987-05-01",30483137.4459147,102.748382838174,85.8398196372083,3.1,119919537.532356,349142650.08438,,645292868.035375,2.5,3.2955,3.68486363636364,3.78477272727273,4.65445454545455,24310.5452631579,,140.54
"1987-06-01",30993475.2965009,102.739434767435,86.103184615785,3,120315744.706128,352160526.552312,,652478929.083091,2.5,3.3073,3.98391666666667,3.99029166666667,4.84116666666667,25253.1095454545,,144.48
"1987-07-01",31129761.6754754,102.827816182678,85.9539106578492,2.8,121166557.26057,355253878.589781,,658451336.877099,2.5,3.295,4.84204,4.98908,5.31996,23929.7556521739,,150.21
"1987-08-01",31247558.7192025,103.147645940104,86.0805480915307,2.8,123599653.346917,359501544.637679,,665340758.096604,2.5,3.3151,5.292125,5.50358333333333,5.75870833333333,25314.3466666667,,147.56
"1987-09-01",31565698.1391535,103.326690223211,86.3284940191989,2.7,123815184.555868,362814150.819004,,671288236.905607,2.5,3.5142,5.75436363636364,5.9475,6.2305,25275.7905,,143
"1987-10-01",31744125.5262161,102.90803692431,86.069675572928,2.7,123844191.312802,365817197.480254,,676744422.673638,2.5,3.5,5.93848,6.09764,6.69732,24819.0745454545,,143.54
"1987-11-01",31917840.0239523,103.038410096346,86.154426571498,2.7,124339494.740286,370984846.889865,,683027043.651202,2.5,3.5268,5.05395238095238,5.18971428571429,5.96866666666667,22597.9952631579,,135.25
"1987-12-01",32216358.0135963,103.230994329246,86.2681294308141,2.7,122129994.429118,372323967.861713,,684774036.667255,2.5,3.9575,5.01772727272727,5.13331818181818,5.80568181818182,22741.7875,,128.59
"1988-01-01",32352074.9535864,103.265567149503,86.0273443294105,2.7,124389432.589996,376178545.61577,,691174657.623205,2.5,3.6994,4.89314285714286,4.3377619047619,5.39038095238095,22788.4536842105,,127.56
"1988-02-01",32853777.4106928,103.272338967686,86.1462987406159,2.7,126491087.809787,380224976.897331,,697030198.631675,2.5,3.5852,4.77663636363636,4.58263636363636,5.31045454545455,24312.64,,129.16
"1988-03-01",32672863.7649548,103.63599496509,86.2128926743365,2.6,126932340.361461,382640895.169068,,701315352.514118,2.5,3.7734,4.70133333333333,4.835375,5.215875,25724.28,,127.28
"1988-04-01",32865174.5436028,103.289788209855,86.0731121430776,2.5,128544220.159626,384593987.629299,,704628106.296625,2.5,3.4946,4.51373913043478,4.73960869565217,4.9565652173913,26828.7225,,124.93
"1988-05-01",32770963.0636457,103.348386147669,86.0304196065333,2.5,131627019.984578,388941827.748262,,712009127.658899,2.5,3.4643,4.71833333333333,5.02147619047619,5.16766666666667,27431.6694736842,,124.77
"1988-06-01",32991152.0056364,103.432849400932,86.1870548136086,2.4,130516746.526382,391703757.874831,,716201788.924745,2.5,3.5938,4.76995833333333,5.22720833333333,5.140625,27889.2531818182,,127.14
"1988-07-01",33335159.3459053,103.5464059947,86.4114200473905,2.5,130203693.382615,394735491.016401,,721548653.583594,2.5,3.8646,5.04295833333333,5.55554166666667,5.470625,27676.979047619,,133.07
"1988-08-01",33633688.5981903,103.761297081635,86.6960622454334,2.6,131476651.15198,398597251.174002,,728154207.436243,2.5,3.98,5.3228,5.5398,5.57984,27963.5130434783,,133.63
"1988-09-01",33943401.7510221,103.806387358479,86.8530790361524,2.5,131514598.887524,401261059.459517,,733829357.162762,2.5,4.0852,5.45572727272727,5.30422727272727,5.67759090909091,27581.3345,,134.44
"1988-10-01",33808203.7960504,104.161458294521,86.980674953024,2.4,132852615.904547,405505010.927717,,739877968.450482,2.5,4.1712,4.936,4.96013043478261,5.18226086956522,27430.414,,129.02
"1988-11-01",34156520.2996859,104.215542493388,87.137796980511,2.4,135665515.570871,408967361.484342,,744638023.159689,2.5,3.9432,4.70772727272727,4.78081818181818,5.05395454545455,28729.7718181818,,123.19
"1988-12-01",34330054.3521537,104.225734784598,87.0998086133092,2.4,134904582.784578,411447209.60783,,749083542.648383,2.5,4.3625,4.57818181818182,4.612,4.96340909090909,29739.7105,,123.63
"1989-01-01",34566276.2174364,104.227370201143,87.0551792193653,2.3,134874360.89954,413896709.787574,,754817136.342708,2.5,4.09375,4.7109,4.82405,4.97795,31144.0057894737,,127.23
"1989-02-01",34487607.2349581,104.291418509738,86.9684732151801,2.3,138575853.578917,419736178.368434,,762259324.15219,2.5,4.17928,4.81115789473684,5.00994736842105,5.00157894736842,32005.1215789474,,127.77
"1989-03-01",34883854.0803947,104.121712354171,87.1113445664617,2.4,139002448.310572,422307546.395248,,768142916.7277,2.5,4.25426,4.96886363636364,5.16309090909091,5.08877272727273,31955.5422727273,,130.36
"1989-04-01",34766224.2231037,105.217603320931,88.0895783286324,2.4,138454911.459491,423724922.220168,,771291496.053406,2.5,4.42031,4.95295,5.1274,5.1423,33226.198,,132.08
"1989-05-01",34870147.7971068,105.53596112364,88.4439153029754,2.3,138356799.400531,425481185.098697,,775439207.68412,3.25,4.675,5.1186,5.0299,5.2653,33989.3345,,138.35
"1989-06-01",35332314.6534794,105.765127021184,88.8360559620143,2.2,135260536.573987,428695969.511468,,781519222.093764,3.25,5.13778,5.22854545454545,5.18822727272727,5.33972727272727,33373.5940909091,,143.79
"1989-07-01",35494594.8978404,106.091406374021,88.9986357913249,2.2,133669251.690066,433312704.513731,,789126326.006875,3.25,5.2247,5.06338095238095,5.0597619047619,5.1652380952381,33843.26,,140.72
"1989-08-01",36046929.9630403,105.969499495242,88.9349999690285,2.2,135210448.378926,436762209.959797,,797095847.167426,3.25,5.38043,4.92695652173913,5.03626086956522,5.06995652173913,34808.4373913043,,141.11
"1989-09-01",36410897.3997585,106.505481900948,89.2069093052978,2.2,135737074.135093,439827576.358429,,803815245.832225,3.25,5.43125,5.06205,5.06535,5.16525,34649.1415,,145.053
"1989-10-01",36711524.1267943,107.244332803811,89.5122760049411,2.2,134884066.520021,443753152.014237,,809639218.48536,3.75,6.00893,5.21566666666667,5.31280952380952,5.27657142857143,35323.43,,141.93
"1989-11-01",36757287.3782995,106.840370313018,89.0460649890468,2.2,133109702.531957,449342910.232151,,817125570.734227,3.75,6.15156,5.42605,5.4786,5.4268,36038.6475,,143.52
"1989-12-01",36898131.1189856,106.992100459278,89.4461540097431,2.1,132244795.404561,455551964.295725,,824698338.616953,4.25,6.44792,5.51071428571429,5.54247619047619,5.44833333333333,38115.321,,143.66
"1990-01-01",36728067.8018218,107.048488875192,89.9135863176709,2.2,135195881.804427,461696322.096876,,832561430.924857,4.25,6.58059,6.25894736842105,6.20152631578947,6.09052631578947,37404.7626315789,,145.09
"1990-02-01",36866178.5356916,107.148370642227,90.2422322669044,2.2,139471285.198972,469486032.501926,,841379473.976926,4.25,6.64309,6.569,6.29268421052632,6.23505263157895,36517.8084210526,,145.53
"1990-03-01",37282838.2232034,107.108499270696,90.2554170700212,2,139914283.808021,471719829.986422,,847521650.502195,5.25,6.81696,6.94942857142857,6.68014285714286,6.57009523809524,32305.7780952381,,153.08
"1990-04-01",37776942.3534723,107.731272664026,90.512043441956,2.1,141499411.47737,479452039.542541,,857251873.655263,5.25,7.1625,6.96255,6.75895,6.72725,29237.073,,158.47
"1990-05-01",38196387.61355,108.125857842544,90.7744229199975,2.1,137584386.131689,481497102.318812,,859196329.077134,5.25,7.25893,6.74980952380952,6.41395238095238,6.53695238095238,31826.7995238095,,153.52
"1990-06-01",38368469.6937586,108.235903686136,90.8872079633745,2.2,138214187.547181,482567160.45339,,861834853.14649,5.25,7.36458,6.71352380952381,6.4887619047619,6.45847619047619,32364.7661904762,,153.77
"1990-07-01",38494305.4156475,108.160264647656,91.0530035244078,2.1,139987405.263823,485858595.214791,,866103183.055448,5.25,7.52415,6.87886363636364,6.78209090909091,6.68868181818182,32170.5336363636,,149.28
"1990-08-01",38710664.8483188,108.239103870562,91.3550442830024,2,138771819.669347,488583045.257796,,868748545.175429,6,7.54348,7.453,7.42339130434783,7.26113043478261,26908.7582608696,,147.42
"1990-09-01",38695749.3803896,108.41596546129,91.5580259237742,2.1,140400079.472386,492730776.598372,,874952449.503277,6,7.76316,7.80031578947368,7.88252631578947,7.59715789473684,23935.6515789474,,138.99
"1990-10-01",39302583.208857,108.818672465489,92.2659695416652,2.2,140321459.930001,495507741.352505,,882061158.121979,6,7.81108,7.35081818181818,7.58077272727273,7.35645454545455,23816.8068181818,,129.73
"1990-11-01",39410177.8611066,109.172514326787,92.6162451950129,2,139185110.422588,493885168.869638,,882812280.862131,6,8.07656,7.04685,7.17715,7.18705,23468.085,,129.08
"1990-12-01",39571498.8747174,109.330997818079,92.803348133083,2,140368725.95498,494873623.64345,,886411119.075431,6,8.22969,6.62752631578947,6.67,6.98294736842105,23740.5015789474,,133.55
"1991-01-01",39981916.9136299,109.924417564888,93.4717204206337,2,141728028.43804,496118455.42169,,891590606.680753,6,8.05428,6.48305263157895,6.52542105263158,6.76478947368421,23321.1994736842,,133.88
"1991-02-01",40119054.1259885,109.845834175184,93.3749475442515,2.1,140993179.559543,495682422.350769,,892829466.488545,6,8.12007,6.36415789473684,6.39294736842105,6.69873684210526,25219.2063157895,,130.48
"1991-03-01",40210010.514682,110.235659830019,93.6103503588439,2.2,141667582.611977,496286143.365606,,896197785.716167,6,8.27813,6.58055,6.56645,6.77675,26458.2485,,137.2
"1991-04-01",40426365.9146228,110.255558624092,93.5617110857592,2.1,141991095.873457,497362868.763832,,898701076.652974,6,8.23363,6.6517619047619,6.61857142857143,6.80057142857143,26469.5638095238,,137.1
"1991-05-01",40838729.3761553,110.585606932262,93.9362653382554,2.1,142088723.530951,498472339.285769,,901902944.49652,6,8.03274,6.63904761904762,6.59009523809524,6.78933333333333,25848.7719047619,,138.04
"1991-06-01",40499490.0704995,110.934534209179,93.9583766630772,2.1,147601105.270061,499999913.537787,,907196213.650868,6,8.04063,6.77085,6.72675,6.81405,24533.9945,,139.79
"1991-07-01",40945194.5844195,110.999754453464,94.229738886658,2.1,148273061.788976,501995966.329363,,910762002.354712,5.5,7.4606,6.68695652173913,6.66560869565217,6.87408695652174,23226.717826087,,138.01
"1991-08-01",40856023.0176375,111.341350204948,94.3533019583294,2.1,148629051.776246,501621177.701769,,913952767.851489,5.5,7.48438,6.46581818181818,6.44022727272727,6.72763636363636,22730.0363636364,,138.89
"1991-09-01",40961225.1674751,111.227789380432,94.1166846027572,2.1,149497270.471634,503681647.866061,,918297975.572397,5.5,7.04934,6.20131578947368,6.18436842105263,6.47142105263158,23038.9621052632,,134.58
"1991-10-01",41359257.3741577,112.142633262147,94.8327333064058,2,150564620.406265,505548392.883392,,922257667.688435,5.5,6.85795,6.01004545454545,6.014,6.34659090909091,24631.8381818182,,130.72
"1991-11-01",41852123.1646095,112.620557113282,95.377349070841,2.1,152299762.118152,506035436.632531,,927345583.169519,5,6.38281,6.0012,6.0041,6.3249,23795.756,,129.68
"1991-12-01",41766230.2985065,112.494079535652,95.2318527348179,2.1,152676750.011612,505376386.132661,,928748799.537414,4.5,6.30952,5.78425,5.758,6.18045,22304.1065,,128.11
"1992-01-01",41738595.0119006,112.167172711589,95.0934308322046,2.1,152079001.354975,505311919.960277,,930703090.737642,4.5,5.52632,5.51621052631579,5.52373684210526,5.977,21857.02,,125.09
"1992-02-01",41851859.4524373,112.124923852165,95.1715338678104,2,151673982.862742,504025226.665131,,932361348.716429,4.5,5.68257,5.65168421052632,5.59968421052632,6.11378947368421,21412.5657894737,,127.5
"1992-03-01",41874176.8647104,112.490375887891,95.4436896615498,2.1,152679089.170339,505715169.751778,,935890271.71539,4.5,5.65327,5.60390476190476,5.5232380952381,6.08028571428571,20350.6947619048,,132.7
"1992-04-01",42114163.9771857,113.065142976722,95.9112336910139,2.1,152020211.548001,504894540.400316,,937568907.982374,3.75,4.76637,5.76338095238095,5.67761904761905,6.14371428571429,17593.1152380952,,133.53
"1992-05-01",41804351.2343936,113.206931503059,95.8008475575934,2.1,151868259.589269,503364364.4223,,940344024.971067,3.75,4.74507,5.70857894736842,5.68921052631579,6.10705263157895,18323.5316666667,,130.57
"1992-06-01",42187101.3750272,113.379130641887,96.1958069217133,2.1,152491653.02977,504007195.96553,,941204362.871122,3.75,4.75284,5.61895454545455,5.64227272727273,6.11831818181818,16948.0668181818,,126.81
"1992-07-01",41874831.3309882,112.915682588393,95.7607810697521,2.1,152435324.91281,502606287.984158,,942404923.943949,3.25,4.53125,5.38373913043478,5.42904347826087,6.08704347826087,16278.1360869565,,125.65
"1992-08-01",41535523.1571203,113.297918062259,95.9130000842862,2.2,153820568.852546,503001458.022959,,943322518.680079,3.25,4.11905,5.15433333333333,5.16252380952381,6.08780952380952,15790.149047619,,126.31
"1992-09-01",42267902.9534668,113.088298434946,96.0466789778724,2.2,153934266.970626,501355878.492794,,942617115.228008,3.25,4.22656,5.0739,5.0496,5.7224,18202.8375,,122.72
"1992-10-01",42052651.3903847,113.18000343031,95.7988646081715,2.2,154011779.48526,502486181.588266,,946961608.268431,3.25,4.07386,4.98327272727273,5.02659090909091,5.76863636363636,17174.5186363636,,121.04
"1992-11-01",42142144.5991903,113.574924650598,96.1254244462639,2.3,154690018.79067,503325285.95571,,949939485.753288,3.25,3.94572,4.84468421052632,4.89131578947368,5.61347368421053,16819.5584210526,,123.866
"1992-12-01",42132465.7077775,113.704400290598,96.3221787376327,2.3,155683865.069617,503950699.275251,,952611739.215666,3.25,3.89489,4.793,4.973,5.56128571428571,17382.112,,124.03
"1993-01-01",42221060.4023354,113.341579499207,96.3054828609892,2.3,155430469.939935,504063149.680183,,954804048.370275,3.25,3.89967,4.59905263157895,4.785,5.50752631578947,16658.832631579,,125.01
"1993-02-01",42240289.7043901,113.438876549874,96.568283962199,2.3,155351594.423438,504793039.12235,,956969101.925159,2.5,3.27632,4.32547368421053,4.49784210526316,5.19047368421053,17036.3405263158,,120.96
"1993-03-01",41756933.4048447,113.636733919978,96.5696411891237,2.3,154606719.409393,503984630.284332,,954753578.46634,2.5,3.24185,4.20365217391304,4.37295652173913,5.22052173913043,18038.5660869565,,117.07
"1993-04-01",42146653.6624551,113.562681348613,96.7460556718111,2.3,155735462.335888,506983027.561629,,962195729.840298,2.5,3.17857,4.48480952380952,4.5902380952381,5.45190476190476,19991.61,,112.445
"1993-05-01",42358707.7917362,113.231690795281,96.6563906488618,2.5,157748312.025417,510205186.705566,,967018433.815763,2.5,3.2066,4.77388888888889,4.82966666666667,5.57855555555556,20631.4855555556,,110.4029
"1993-06-01",42269093.0437854,113.533744714778,96.9976057320124,2.5,157673529.967141,510538773.927426,,968914528.969953,2.5,3.21429,4.71409523809524,4.78304761904762,5.48480952380952,20111.3723809524,,107.34
"1993-07-01",42499272.4179933,113.87352711449,97.5947146167129,2.5,158249255.028855,510356769.439844,,970631610.365668,2.5,3.26278,4.49718181818182,4.49081818181818,5.27890909090909,19980.6804545455,,107.73
"1993-08-01",42489876.6778297,113.999059748041,97.6884010748078,2.5,158823629.017345,511462218.594676,,971774308.674108,2.5,3.12926,4.33140909090909,4.42027272727273,5.24190909090909,20623.3481818182,,103.71
"1993-09-01",42590813.7731518,113.902654428615,97.457302358759,2.6,158005715.815843,511243804.7258,,974245544.819461,1.75,2.85781,4.1455,4.2099,4.9227,20614.562,,105.28499
"1993-10-01",42563189.7453398,114.032192376082,97.158648536338,2.7,159456907.321422,511795638.102315,,977283517.367806,1.75,2.50781,3.92,3.994,4.66865,20128.0435,,106.91899
"1993-11-01",42596818.8522986,114.102214983782,97.072001054483,2.7,159580129.014698,511133716.35043,,978717727.429767,1.75,2.49531,3.7214,3.79075,4.42725,17965.391,,107.80251
"1993-12-01",42538261.2250464,114.222562296291,97.2085522155954,2.8,161368544.092312,511479021.522039,,980951538.916933,1.75,2.44196,3.38957142857143,3.45180952380952,4.09104761904762,17263.230952381,,109.69904
"1994-01-01",42446364.8986502,114.171435267425,97.4124482046985,2.8,161701885.955762,512342029.585774,,983241936.470512,1.75,2.33125,3.5765,3.65335,4.30525,18661.101,182.040733310529,111.50999
"1994-02-01",42489787.1275424,114.207430616385,97.5810756707268,2.9,162831259.808835,512470120.489024,,985891675.290559,1.75,2.24013,3.93936842105263,3.9731052631579,4.59952631578947,19697.9863157895,189.318368818586,106.21053
"1994-03-01",42594199.9738073,114.606759886354,97.909985907599,2.9,163195011.594695,513747400.962215,,988079670.832712,1.75,2.25,4.32322727272727,4.37163636363636,4.9,20021.6577272727,191.115589782466,105.13863
"1994-04-01",42428576.4253813,114.623247921358,97.5829089788454,2.8,164956748.740852,517695641.175361,,993225596.900664,1.75,2.175,4.14725,4.1974,4.64515,19807.6025,193.977830576793,103.52649
"1994-05-01",42339277.9820254,114.85334322159,97.599571552666,2.8,165519641.030355,518147476.505041,,994484849.461066,1.75,2.09046,3.95205263157895,4.00578947368421,4.40105263157895,20303.1957894737,191.614817827988,103.73
"1994-06-01",42487297.592593,114.625545375389,97.4799235731027,2.8,164997912.78366,517755679.187279,,997379631.068927,1.75,2.0625,4.31086363636364,4.27413636363636,4.58754545454545,21014.7577272727,191.204341435003,102.72409
"1994-07-01",42708689.7419008,114.223539041211,97.372022695438,2.9,167403257.2585,520346263.92839,,1002808422.08143,1.75,2.08185,4.40014285714286,4.39752380952381,4.9602380952381,20548.7766666667,195.697393844703,98.49762
"1994-08-01",42914545.5427685,114.303804764918,97.6631944427474,3,167987263.265513,521113002.422738,,1007034015.73026,1.75,2.13043,4.63291304347826,4.74334782608696,5.08978260869565,20603.4682608696,192.169515656346,99.84782
"1994-09-01",42618212.7153306,114.319966434726,97.6314297491224,3,168985026.367479,523490507.333126,,1009915686.11585,1.75,2.18906,4.5553,4.6136,4.98875,19934.1904761905,192.679837658436,98.80699
"1994-10-01",42583488.566631,114.515824029433,97.8922307854432,3,168704793.301499,524635372.735301,,1012720286.48011,1.75,2.2375,4.64525,4.7229,5.01285,19851.6,192.824059093809,98.42151
"1994-11-01",42604153.3837465,114.530053256729,98.0216809417896,2.9,168067799.188312,525153148.103643,,1013242247.16365,1.75,2.26719,4.63255,4.6757,5.0354,19277.2645,193.001562398883,97.9565
"1994-12-01",42714182.0496224,114.216588167214,97.9113889780396,2.9,169922424.940489,526638633.49972,,1018003501.2387,1.75,2.29315,4.53328571428571,4.56466666666667,4.99695238095238,19299.4728571429,189.229617166049,100.1235
"1995-01-01",42670702.067834,114.254399610699,98.0151288959947,3,170458699.475247,528189534.272774,,1019161674.59847,1.75,2.25,4.63057894736842,4.64094736842105,4.97978947368421,18948.4110526316,188.164597335601,99.74526
"1995-02-01",42969227.5564158,113.914922035385,97.8945557546578,3,170709269.056231,530899805.232371,,1024427251.59003,1.75,2.21719,4.5488,4.5521,4.97615,18065.0285,189.018831991273,98.243
"1995-03-01",43086846.3757503,113.599184585999,97.6222764296069,3.1,171036782.267234,531784636.901353,,1027345565.81729,1.75,2.18892,4.10981818181818,4.13604545454545,4.57486363636364,16447.5613636364,201.910009522313,90.78864
"1995-04-01",43186267.6010576,113.453438662455,97.4101626339905,3.1,174218131.165381,533372267.659364,,1030327035.4636,1,1.525,3.5625,3.61965,4.1438,16322.0855,215.189475533203,83.6675
"1995-05-01",43103902.8528831,113.743693275311,97.4969960420107,3,175138555.724526,533493742.96764,,1032672652.6691,1,1.31,3.3611,3.4124,3.98225,16265.895,212.282858912607,85.09699
"1995-06-01",43401853.5460588,113.863571354594,97.6518609637937,3.1,176368761.116386,533532061.991669,,1034801295.45467,1,1.28,3.02059090909091,3.08740909090909,3.62386363636364,15039.4427272727,212.183013303503,84.52954
"1995-07-01",43551291.7655529,113.766821108414,97.5624051966273,3.1,179540790.914899,534299521.6409,,1038111285.30229,1,0.95,2.93242857142857,3.02038095238095,3.48904761904762,16188.6957142857,204.173176662013,87.22143
"1995-08-01",43940908.705875,113.553650267099,97.4565170077592,3.2,182146056.093368,535214954.95767,,1042507272.35578,1,0.88,3.25382608695652,3.27360869565217,3.71330434782609,17410.717826087,189.673375428735,94.54782
"1995-09-01",43851303.5285721,114.099007896415,97.7194260374555,3.2,185772533.671881,537680593.484,,1047980707.5219,0.5,0.57,2.96815,3.0053,3.5683,18097.1575,179.588968909187,100.4875
"1995-10-01",43775858.3769378,113.847280073103,97.2671219875363,3.2,188796835.685021,537868715.70863,,1051680317.90628,0.5,0.47,2.91342857142857,2.9247619047619,3.54252380952381,17951.6652380952,176.926419333068,100.65477
"1995-11-01",43885373.8774086,113.997731332235,97.4234202995605,3.4,191063545.855229,542592873.963135,,1057160487.00194,0.5,0.46,2.9345,2.99125,3.56555,18109.3965,174.685440106502,101.91751
"1995-12-01",44103143.7456531,113.801024890007,97.5061886222104,3.4,192599790.752927,543713138.738104,,1059538947.51341,0.5,0.46,2.9122380952381,2.98757142857143,3.61790476190476,19417.9538095238,175.306701674263,101.81499
"1996-01-01",43952903.2932008,113.533094453445,97.5076389358922,3.5,195425815.682592,544314004.948264,,1058140225.26666,0.5,0.47,3.15605263157895,3.20121052631579,3.736,20497.1884210526,168.273133210683,105.83579
"1996-02-01",44060002.4284674,113.311162192466,97.5095747283943,3.4,197376377.954207,545519917.206064,,1060158689.39557,0.5,0.46,3.23835,3.283,3.77775,20628.6775,167.008422162027,105.7255
"1996-03-01",44233142.2783319,113.276830745458,97.5375998884914,3.2,199042634.59072,547799924.218865,,1062845920.89221,0.5,0.46,3.1975,3.26555,3.8037,20424.2695,166.442630377102,105.81684
"1996-04-01",44549079.5491508,113.444170913158,97.6432818624344,3.4,200897151.77338,548030136.615653,,1064817378.17197,0.5,0.49,3.24214285714286,3.32242857142857,3.84004761904762,21828.7252380952,164.689785239491,107.46333
"1996-05-01",44749054.6060547,113.483222710605,97.6925139680667,3.4,202025684.337164,549980822.21127,,1072385933.14303,0.5,0.47,3.27890476190476,3.37109523809524,3.84938095238095,21770.7342857143,166.597945769042,106.44601
"1996-06-01",44710841.8447939,113.397734993449,97.628417692063,3.4,204812226.840183,553104787.116304,,1077809332.85348,0.5,0.47,3.18545,3.2755,3.77765,22185.516,162.293490620984,108.85799
"1996-07-01",44736553.1586921,113.597408875265,97.9514937287781,3.4,205211789.983725,554069069.894349,,1079880500.6932,0.5,0.48,3.24086956521739,3.31139130434783,3.83269565217391,21558.5082608696,161.350504312776,109.32346
"1996-08-01",44557989.8312917,113.249587869355,97.664209505015,3.3,207032182.70578,555119997.549142,,1082363776.89073,0.5,0.44,3.10827272727273,3.19036363636364,3.73745454545455,20870.3095454545,162.138175229044,107.75182
"1996-09-01",44739609.0100164,113.119924753496,97.6998500358918,3.3,208620113.026869,556607435.512837,,1085479492.96477,0.5,0.47,2.89821052631579,2.97384210526316,3.55173684210526,20823.6226315789,159.542189392329,109.74527
"1996-10-01",44946196.83027,113.026119524502,97.7378849898721,3.4,209138081.036672,557799971.089947,,1089045811.77739,0.5,0.48,2.75990909090909,2.82213636363636,3.44327272727273,21118.9227272727,156.469163423225,112.36093
"1996-11-01",45104746.3272873,113.122048282168,97.9329972259135,3.3,211234384.240972,559376059.502701,,1094527443.90408,0.5,0.48,2.6474,2.731,3.4016,21040.787,155.226640287703,112.257
"1996-12-01",45240176.8424426,113.205494999633,98.1225592626635,3.4,213033991.839664,559613982.078203,,1097474402.25428,0.5,0.49,2.53045,2.6357,3.33905,20178.7315789474,153.895365499644,113.76474
"1997-01-01",45302337.0874219,113.107617695221,98.1369127495771,3.3,215097019.005319,560214577.806935,879712409.829504,1102769417.03829,0.5,0.48,2.53842105263158,2.64147368421053,3.34521052631579,18050.4426315789,149.036212523228,118.0179
"1997-02-01",45163407.5074397,113.111652008117,98.1552897200958,3.4,216602827.07621,561053083.99578,880630726.135831,1104467730.59193,0.5,0.5,2.50078947368421,2.59389473684211,3.25363157894737,18575.5905263158,143.522516109349,123.00842
"1997-03-01",45065551.4051386,112.946227016037,98.0548712051467,3.3,218070540.524135,562664147.955638,884122159.888148,1109165003.29239,0.5,0.51,2.43755,2.5257,3.18575,18244.074,144.80941507114,122.64149
"1997-04-01",45127479.2258116,114.462214486402,99.4990169159711,3.2,218489055.655699,565458363.864349,888817563.611143,1112246377.73115,0.5,0.5,2.30885714285714,2.38604761904762,3.01542857142857,18177.9557142857,144.06611998114,125.5081
"1997-05-01",45493778.5245254,114.136626788423,99.5180985083431,3.4,219884533.369299,566604682.198804,890578165.860102,1112618940.76635,0.5,0.49,2.652,2.73452380952381,3.30019047619048,20045.9328571429,152.541902798451,118.99143
"1997-06-01",45396822.2496625,114.268292497844,99.7570516204164,3.4,221539223.132762,569060336.473257,894458771.421039,1114130117.52645,0.5,0.5,2.56,2.65709523809524,3.23504761904762,20505.540952381,158.310760213374,114.20475
"1997-07-01",45341391.0572112,114.077789724922,99.7690757733564,3.4,221937606.395256,570721290.005644,897563348.970287,1112403144.22357,0.5,0.49,2.38759090909091,2.51631818181818,3.09227272727273,20148.1290909091,158.798894302329,115.15772
"1997-08-01",45254904.7455803,113.913726524273,99.6929341453643,3.4,223934298.198111,572991709.069471,901007929.937753,1116008281.99858,0.5,0.48,2.22519047619048,2.32880952380952,2.95747619047619,19090.7333333333,157.489807427404,117.90097
"1997-09-01",45412504.1972086,114.201673497664,100.024546726771,3.5,224867844.482627,573446831.26674,903696933.138644,1120002858.43957,0.5,0.5,2.1214,2.22905,2.87035,18248.4455,154.993667199793,120.74501
"1997-10-01",45609448.6043463,114.33648427201,100.142311444978,3.5,225193069.735551,574272576.794319,902544854.263358,1126552606.97378,0.5,0.48,1.90140909090909,1.98690909090909,2.63622727272727,17274.7527272727,156.413693640389,121.05909
"1997-11-01",45444601.7480131,114.209017796561,99.9569777185309,3.5,229620994.545048,577150645.302611,907591519.62424,1127750381.46215,0.5,0.49,1.86355555555556,1.94561111111111,2.578,16103.4294444444,151.299379662929,125.27389
"1997-12-01",45192301.6476402,114.106898211018,99.8424277559363,3.5,233327097.979593,581040541.587535,913985472.330519,1131258227.83784,0.5,0.39,1.84609523809524,1.92933333333333,2.56614285714286,15917.0733333333,152.774875886361,129.38158
"1998-01-01",45207525.2715009,113.937144054285,99.8772593520302,3.6,236309191.112991,584979250.617462,919451733.91138,1136112086.50606,0.5,0.44,1.88778947368421,1.96352631578947,2.59257894736842,15929.6910526316,158.36622999621,129.45262
"1998-02-01",44759577.1470527,114.165401180647,100.018428523413,3.6,238864605.538174,588729758.772855,924708345.308266,1139368421.47821,0.5,0.43,1.90089473684211,1.96205263157895,2.58778947368421,16797.6921052632,159.275934434717,126.00156
"1998-03-01",44524017.5814464,114.373076715537,100.201410365808,3.8,237447889.460395,588246774.056027,925859790.85916,1139880914.37359,0.5,0.43,1.75918181818182,1.85504545454545,2.47436363636364,16840.3090909091,153.906459456211,128.69135
"1998-04-01",44536649.5867204,113.98159167716,99.9364712953087,4,235960261.420083,585735220.91608,925203353.663944,1138433614.22911,0.5,0.44,1.76704761904762,1.86085714285714,2.49366666666667,15941.2904761905,148.681205913079,131.66954
"1998-05-01",44579915.47752,114.05637470378,100.053004362876,4.1,237005888.383535,588391419.771876,928848087.280006,1140164876.2833,0.5,0.43,1.51310526315789,1.59884210526316,2.23673684210526,15514.2757894737,146.573354165318,134.99686
"1998-06-01",44586138.9357595,113.854577840525,99.8693420062596,4.1,237369941.050752,588353148.969662,930121708.80591,1141877611.61337,0.5,0.44,1.43463636363636,1.52436363636364,2.1045,15231.2940909091,142.790314975917,140.56728
"1998-07-01",44512982.634238,113.693904561499,99.6452242281853,4.1,239704900.999785,590716478.952836,934313066.584614,1146986707.65551,0.5,0.41,1.58054545454545,1.67381818181818,2.27713636363636,16370.1713636364,141.259348969649,140.73364
"1998-08-01",44235431.066673,113.459532987165,99.3583216329635,4.4,241384358.042674,594839628.56665,938900719.768906,1154008972.16018,0.5,0.43,1.38990476190476,1.48161904761905,2.09519047619048,15243.9795238095,137.287712518606,144.654998
"1998-09-01",44728114.299089,113.569357877762,99.8148774344073,4.3,242108305.420941,595732093.497846,941483917.292273,1156592177.8194,0.25,0.32,1.00875,1.08475,1.65425,14140.6875,146.60663603502,134.59351
"1998-10-01",45036492.6849137,113.749059873256,100.339616914339,4.3,243945570.227883,596745147.158106,941236815.487218,1158256125.07143,0.25,0.24,0.848272727272727,0.889636363636364,1.42204545454545,13486.9059090909,161.039873528895,121.29817
"1998-11-01",45086024.8267303,113.99455782778,100.76126635698,4.5,247025748.414117,601914974.303723,948421106.078953,1160804875.87839,0.25,0.2,0.904473684210526,0.95921052631579,1.56678947368421,14525.8784210526,160.895652093522,120.58157
"1998-12-01",44699114.4883559,113.670289715217,100.444819976778,4.4,247979381.440854,603943535.906922,951530168.911937,1165974540.01338,0.25,0.25,1.40571428571429,1.51080952380952,2.13785714285714,14295.7957142857,163.924302236357,117.62251
"1999-01-01",44272533.2713365,113.355495559763,100.071062915873,4.5,248890822.920309,605604371.00999,953776721.105021,1170600668.61316,0.25,0.23,1.80210526315789,1.91447368421053,2.59242105263158,13831.7468421053,169.049710170385,113.18105
"1999-02-01",43956909.4883162,113.272012024048,99.926198940563,4.6,252390697.718316,608503924.686283,958056489.470467,1174112940.18668,0.25,0.18,1.99978947368421,2.12636842105263,2.919,14180.2163157895,164.490094021282,116.66211
"1999-03-01",44038781.2403474,113.02516209289,99.7890245795945,4.7,257192937.9164,610350854.364093,960429716.4722,1177291674.54377,,0.04,1.68136363636364,1.80677272727273,2.63504545454545,15418.0340909091,162.337866447253,119.77681
"1999-04-01",43982443.7095222,113.128558876809,99.8775360352793,4.7,257823285.037253,608571362.571286,960258490.649701,1180111141.8246,,0.03,1.43071428571429,1.55628571428571,2.38566666666667,16677.6180952381,162.382242273521,119.80524
"1999-05-01",44212778.4533812,112.686584860684,99.6777509386389,4.7,262368523.891277,612240109.237135,964029502.646117,1184791876.2811,,0.03,1.20161111111111,1.32955555555556,2.15094444444444,16505.215,158.998585520538,122.11388
"1999-06-01",44058305.8370961,112.469448861031,99.5781914538325,4.8,265337224.807282,613716077.574196,967105193.639877,1186675906.33903,,0.03,1.51936363636364,1.65863636363636,2.62386363636364,17135.9590909091,160.773618571283,120.90182
"1999-07-01",44022945.671362,112.172654587776,99.5276255762266,4.8,268475914.818616,614247393.815474,968794969.642111,1188298280.32482,,0.03,1.57942857142857,1.69390476190476,2.65385714285714,17983.6766666667,161.838638401731,119.8557
"1999-08-01",44075715.3827032,112.06474091264,99.6101960442182,4.7,271027881.91018,615763991.22242,969930754.031206,1190866837.31726,,0.03,1.75654545454545,1.86590909090909,2.7075,17670.31,170.403172871578,113.40455
"1999-09-01",44050138.9459347,111.999184440955,99.6264202085485,4.6,272814222.198705,615636363.81518,971373305.150548,1191611869.55929,,0.03,1.6241,1.73555,2.5809,17530.905,180.886961827544,107.5715
"1999-10-01",43881041.9225807,112.087818663676,99.6489055858566,4.6,275982364.732184,617990433.720435,973035966.06545,1195213647.95383,,0.02,1.66415,1.701,2.55115,17679.6355,181.563693178141,105.973
"1999-11-01",43998924.4371875,111.907836490682,99.5262345737598,4.6,276795939.537192,619272871.850212,975865982.168628,1198099665.26085,,0.03,1.75155,1.77315,2.54545,18443.678,183.538417447096,104.956
"1999-12-01",44080985.6402311,111.658605989431,99.3005576648757,4.7,278727704.703936,620055243.533966,977471042.562828,1200474143.39161,,0.02,1.76933333333333,1.74819047619048,2.46433333333333,18405.0923809524,186.933168156647,102.68
"2000-01-01",44432775.3230118,111.608670736542,99.3373493042074,4.7,280888976.392128,621249589.201621,978104792.585168,1202997009.32666,,0.02,1.69384210526316,1.70773684210526,2.33863157894737,18941.6078947368,180.798210175007,105.16263
"2000-02-01",44582270.372012,111.53851789157,99.3147463007419,4.9,283045403.747913,621043345.587898,979160856.674374,1205106136.03486,,0.03,1.74645,1.7988,2.37545,19685.533,173.509480710383,109.30952
"2000-03-01",44775202.3049765,111.383329914975,99.2757021501009,4.9,284370163.358917,622285185.685394,980966274.30995,1208916808.92159,,0.02,1.71590909090909,1.81413636363636,2.2755,19834.7195454545,179.466935386948,106.70682
"2000-04-01",44751538.4474763,111.127204808451,99.1007227602734,4.8,287940925.81222,626244541.746236,985115103.021334,1216514680.15925,,0.02,1.67035,1.74925,2.1217,19517.672,181.951981657992,105.484
"2000-05-01",44487366.9364719,111.071856104167,99.0003973370366,4.6,288060906.176875,625558062.429001,984161200.249734,1220832414.19772,,0.02,1.6319,1.69715,2.14255,17039.9715,180.354451912321,108.108
"2000-06-01",44596942.6160518,110.949967279189,98.9839040625303,4.7,288298867.797942,625328996.170005,984110349.545666,1225037135.70959,,0.02,1.61877272727273,1.67513636363636,2.09531818181818,16969.2822727273,181.68572670038,106.23
"2000-07-01",44542888.6354159,110.950518292209,99.0031935520714,4.7,288532174.222189,626358001.206635,985161580.150696,1228716576.86112,,0.02,1.6367,1.69925,2.1708,16959.9345,178.67926447068,107.897
"2000-08-01",44758900.1326746,110.872418636147,99.0530075031434,4.6,287812039.648895,626957302.914979,985516093.38509,1231350308.53562,0.25,0.16,1.67952173913043,1.74852173913043,2.22830434782609,16329.8913043478,179.799754083963,108.07304
"2000-09-01",44310963.2319095,110.676156647376,98.7251513127865,4.7,286681643.417643,627839027.309038,986546563.660487,1232047460.35865,0.25,0.25,1.79145,1.8707,2.39165,16168.286,182.695276747992,106.752
"2000-10-01",44490504.3290547,110.39741619207,98.5677706692809,4.7,289869798.136777,630653861.521863,988371033.306431,1234304099.01629,0.25,0.25,1.72004761904762,1.82052380952381,2.48809523809524,15311.6980952381,181.474941525604,108.36476
"2000-11-01",44743310.1736666,110.474311749861,98.7105848407476,4.7,289849311.732966,630932376.384429,987464135.567611,1233927643.75041,0.25,0.25,1.63555,1.7488,2.3739,14760.875,180.676176652768,108.8925
"2000-12-01",45220777.4972784,110.523466514565,98.8704296528868,4.8,291711722.679397,632990207.761505,988693732.043029,1234564807.9257,0.25,0.24,1.52547619047619,1.62471428571429,2.2097619047619,14409.7352380952,174.286057670084,112.20571
"2001-01-01",45086725.5849567,110.872859421082,99.0143452549868,4.8,293832343.062689,635032262.955827,988345440.309685,1239069836.71878,0.25,0.25,1.40047368421053,1.50268421052632,2.06215789473684,13720.9473684211,165.588395721431,117.09526
"2001-02-01",45444281.5573427,110.68772749118,98.9934908261624,4.7,295468643.151052,637114452.419478,989062658.165054,1244199625.43517,0.15,0.25,1.29321052631579,1.40168421052632,1.922,13266.2731578947,166.154187506356,116.03737
"2001-03-01",45115696.8577006,110.300276871607,98.6444188539184,4.8,298574278.465063,638055529.181782,989229755.620751,1248590522.51669,0.15,0.11,1.06690476190476,1.17852380952381,1.65295238095238,12708.4671428571,160.185638873224,121.12429
"2001-04-01",44829176.5524783,109.905323543022,98.4257824830571,4.8,303864029.730445,640775098.566223,990975676.722495,1255574160.14283,,0.02,1.22435,1.3463,1.92495,13411.836,158.222008560836,123.8275
"2001-05-01",44447979.4099743,109.724916885977,98.3169709821702,4.9,307731017.880978,641787884.039605,990854707.57259,1255826447.11622,,0.02,1.118,1.28161904761905,1.93461904761905,13975.5457142857,160.862370223821,121.93
"2001-06-01",44279444.0375473,109.595407809467,98.2902704755765,5,310937777.542496,643366405.291164,991677180.722734,1254782242.41174,,0.02,1.03604761904762,1.17909523809524,1.873,12974.8933333333,161.139719138,122.15333
"2001-07-01",44112248.2325277,109.524137147184,98.2698489669081,5,313515126.915572,644899035.032144,990979932.82346,1254475180.1038,,0.01,1.164,1.31338095238095,2.02428571428571,12151.1128571429,157.944659646657,124.64909
"2001-08-01",43975492.0081683,109.525875684814,98.3002186977807,5.1,314460312.756965,645229807.078493,990411408.118337,1254869424.79053,,0.01,1.19986956521739,1.33930434782609,2.03613043478261,11576.2056521739,159.863914132776,121.60739
"2001-09-01",43674259.7593042,109.291709109314,98.02795984291,5.3,319355211.65494,647590862.954011,992000450.33736,1254997690.36247,,0.005,1.243,1.37352631578947,2.03784210526316,9996.83263157895,162.681779100835,118.97526
"2001-10-01",43694806.3333713,109.104554059758,97.8965468013058,5.3,322409315.479106,648545469.538008,991979661.045565,1254793350.37793,,0.003,1.20831818181818,1.36590909090909,2.03709090909091,10438.8968181818,160.130169090388,121.28136
"2001-11-01",43534144.9475216,109.18022560604,97.8010989010526,5.4,325851792.273197,649682727.212523,992240235.655783,1258285555.42025,,0.002,1.20909523809524,1.34109523809524,2.00947619047619,10511.2152380952,158.532639344717,122.3081
"2001-12-01",43745944.7191067,109.26272982168,97.7299314933696,5.4,333046785.437302,654539545.404202,996285119.143162,1259567875.16128,,0.002,1.23436842105263,1.34963157894737,2.03626315789474,10496.2010526316,152.46424510248,127.35842
"2002-01-01",43770894.8141941,109.594811989853,97.6790846535581,5.2,340727580.185018,657611359.489218,998663199.319269,1260371020.06739,,0.001,1.35336842105263,1.43063157894737,2.08642105263158,10300.7931578947,145.918810727856,132.66474
"2002-02-01",43844009.4512583,109.345777626631,97.4446510813251,5.3,351698132.322178,659386176.230172,1000111940.62792,1258495827.39167,,0.001,1.45536842105263,1.51984210526316,2.17573684210526,9981.65421052632,143.866428762931,133.51842
"2002-03-01",43758295.7345472,109.021486533672,97.3930411407281,5.3,371180119.627813,661760685.31,1001410173.08884,1255731942.01986,,0.002,1.3521,1.44315,2.05995,11448.795,146.52897833905,131.1955
"2002-04-01",43510285.1641303,108.522665925072,97.4351238567213,5.3,403089198.504567,663384480.755085,1003875929.55361,1258676038.80257,,0.001,1.29414285714286,1.39880952380952,2.04361904761905,11384.4861904762,146.063032163229,131.07238
"2002-05-01",43899089.1249666,108.029033152606,97.5208559642602,5.4,405826794.181975,664334494.203146,1004607279.04304,1256875075.10686,,0.001,1.26638095238095,1.37919047619048,2.0202380952381,11709.6233333333,149.602004308153,126.48429
"2002-06-01",43643121.7109031,108.02121377822,97.6006212682881,5.5,410235522.664025,665070951.816127,1005233719.26928,1257511082.09133,,0.001,1.22835,1.34845,1.99955,10965.876,151.377037358899,123.5975
"2002-07-01",43626219.9616775,107.860460166901,97.4314681713957,5.4,410202965.140155,665933509.089438,1005814260.72675,1258145334.54455,,0.002,1.18030434782609,1.30147826086957,1.93439130434783,10352.2652173913,155.836807898897,118.06565
"2002-08-01",43686424.104314,107.904883015312,97.473821099329,5.5,412754394.620085,667176050.437709,1007189945.43954,1257663793.55581,,0.002,1.11990909090909,1.25068181818182,1.92427272727273,9751.20454545455,156.025405160539,119.0059
"2002-09-01",43739803.9340088,107.730879765879,97.313867199596,5.4,413214954.414702,667705603.261174,1007255047.90508,1261793526.88895,,0.005,1.01042105263158,1.14157894736842,1.79678947368421,9354.00842105263,153.540358889495,120.36667
"2002-10-01",43687413.3697487,107.440906226335,97.007657723979,5.4,414891798.669881,669741105.496715,1008559370.66203,1265558984.97182,,0.002,0.950863636363636,1.09240909090909,1.78677272727273,8792.49545454545,149.646380134422,123.86318
"2002-11-01",43787203.1551331,107.738722254605,97.411683052276,5.2,418226932.346659,670275332.087103,1008857654.332,1262928336.48653,,0.002,0.86055,0.9865,1.6224,8700.329,151.144064270988,122.55
"2002-12-01",43629031.4751176,107.572214071359,97.424661367309,5.4,418641123.213816,669614311.916082,1007985584.3009,1260921703.98352,,0.002,0.84205,0.9633,1.6242,8692.9435,149.61309826472,122.272
"2003-01-01",43507160.4485845,107.063449403726,97.2640262530031,5.4,421501465.379144,670471416.347592,1008949306.00469,1263112375.49768,,0.002,0.741421052631579,0.834105263157895,1.36847368421053,8570.73368421053,150.533896659795,118.65474
"2003-02-01",43328735.0756743,106.857450935252,97.219341408677,5.2,425844012.702837,671967478.821467,1010388438.72155,1265547811.44776,,0.001,0.733368421052632,0.832368421052632,1.38694736842105,8538.47368421053,148.370575129198,119.27211
"2003-03-01",43509232.4757411,106.765329130784,97.266093475691,5.4,424794575.419646,672964948.825512,1010629083.26418,1271649556.83578,,0.002,0.6456,0.7304,1.21915,8169.7485,149.679662004123,118.5365
"2003-04-01",43555796.2661773,106.926988989418,97.3583124115629,5.5,422170795.222779,672226757.599143,1008978106.19188,1262019700.7605,,0.001,0.594380952380952,0.662666666666667,1.04552380952381,7909.38904761905,147.960098736213,119.78952
"2003-05-01",43852016.1963482,106.80807923107,97.3273126725967,5.4,426134751.932479,675059648.919022,1011518322.50031,1252930644.80813,,0.001,0.508857142857143,0.578904761904762,0.91547619047619,8132.36428571429,148.769957565616,117.26476
"2003-06-01",43719691.5374742,106.703751976332,97.2054553624279,5.4,429569231.007941,676913500.813842,1013102698.47789,1260080497.41903,,0.001,0.495571428571429,0.552428571428571,0.923333333333333,8895.71047619048,146.76195142696,118.26429
"2003-07-01",43735427.1952079,106.635504050733,97.2128391767265,5.2,430807226.887012,677802268.574817,1013913917.82684,1263092337.34771,,0.002,0.911909090909091,0.991090909090909,1.42859090909091,9676.30272727273,146.939454732035,118.69182
"2003-08-01",43515259.884953,106.543541842581,97.1594705541975,5.1,434557717.603573,679871325.505136,1016139785.23206,1266849599.36619,,0.001,1.05433333333333,1.14733333333333,1.63638095238095,9884.58571428571,147.527434430094,118.82667
"2003-09-01",43845440.9198394,106.190270390083,97.0982963343197,5.2,435809589.226834,679074373.288409,1014699112.95453,1269703318.91892,,0.002,1.4008,1.4576,1.8607,10649.915,151.17734614069,115.19
"2003-10-01",43894627.7419191,105.87825136492,97.0186307757005,5.1,436755127.98274,679645241.856704,1015358846.04165,1271510794.53179,,0.001,1.32113636363636,1.4075,1.87827272727273,10717.1290909091,156.380411770688,109.57955
"2003-11-01",43849713.220719,105.634729894017,96.9207599153418,5.1,439133855.447154,680035527.704733,1015589043.72679,1272633058.61149,,0.001,1.30722222222222,1.39272222222222,1.88733333333333,10205.295,155.74805624636,109.19611
"2003-12-01",43855611.0373611,105.637799102299,97.0168164509241,4.9,436804727.91367,680266102.918071,1015736659.74321,1274838572.42055,,0.001,1.2547619047619,1.34447619047619,1.84219047619048,10295.9804761905,155.836807898897,107.9355
"2004-01-01",44156560.7702474,105.420931152802,96.956820613954,4.9,439467945.932995,681582720.859676,1017338962.81328,1275966912.40663,,0,1.23089473684211,1.33252631578947,1.85536842105263,10892.7573684211,155.359767766509,106.512
"2004-02-01",44194215.7472293,105.613071727826,97.2119820264611,5,442959042.076496,683377071.09314,1018718472.91011,1279067090.47569,,0.001,1.14684210526316,1.25547368421053,1.83668421052632,10631.9242105263,154.316935849196,106.54842
"2004-03-01",43991351.4825238,105.514174116497,97.1472228317678,4.8,441735637.727624,684287445.254958,1019762568.37507,1282804061.94996,,0.001,1.24182608695652,1.34386956521739,1.91208695652174,11441.0808695652,152.408775319645,108.62304
"2004-04-01",43993566.9338583,105.183940176625,96.9587991527527,4.8,441043874.543368,684879316.107885,1020903653.98774,1283444176.34066,,0,1.40114285714286,1.50361904761905,2.07880952380952,11960.8166666667,153.451607236958,107.25429
"2004-05-01",43860566.3989301,105.016757475073,96.8256198512929,4.7,445606213.462006,688459096.115885,1023834647.79619,1290640204.26438,,0.001,1.37838888888889,1.49711111111111,2.10572222222222,11037.5083333333,148.370575129198,112.52176
"2004-06-01",44058090.6672115,105.374208567638,97.2278721083448,4.7,446428450.361255,688366969.492294,1023567976.74841,1294234420.50258,,0.001,1.66731818181818,1.75859090909091,2.315,11527.7236363636,151.643292316511,109.46682
"2004-07-01",44303001.8151959,105.202394979329,97.1040820042179,4.9,449448682.31419,690239299.907601,1025389461.29795,1298701328.32925,,0,1.68771428571429,1.79038095238095,2.38709523809524,11388.5938095238,150.58936644263,109.36381
"2004-08-01",44086373.6575221,105.061891479733,96.9448241998166,4.8,452063705.923242,692561745.503115,1027358419.42963,1301892826.47143,,0.001,1.55136363636364,1.65963636363636,2.256,10989.3427272727,149.291373524273,110.355
"2004-09-01",44230496.5272822,105.038752377425,97.0847341952869,4.6,453556599.134602,692416758.767362,1025890929.16506,1304224524.37175,,0.001,1.39185,1.50285,2.0998,11079.42,149.513252655616,110.0085
"2004-10-01",44141587.344005,105.34014613913,97.5323070989656,4.6,455864129.156316,693184344.953466,1026194041.42961,1307154526.14781,,0.001,1.3637,1.4933,2.10725,11012.9055,150.43405105069,108.924
"2004-11-01",44398753.6526545,105.350064383189,97.7470274745652,4.5,456761084.184702,693570668.722608,1026126024.65712,1309231042.43695,,0.001,1.34805,1.4789,2.10285,10972.997,153.240822062182,104.897
"2004-12-01",43939483.0033402,104.869369373336,97.2238401752039,4.5,456749969.182773,694192260.864874,1026094160.8859,1313455820.31681,,0.001,1.26533333333333,1.394,2.02638095238095,11061.3161904762,151.953923100391,103.83619
"2005-01-01",44177867.7723436,104.730222775949,97.1587983666857,4.5,459013339.717137,695020141.833276,1026528177.30611,1316740032.0779,,0.001,1.22847368421053,1.36757894736842,2.01247368421053,11394.8447368421,152.364399493376,103.944
"2005-02-01",44116168.9989431,104.654164802484,97.1006905101512,4.6,460651600.936123,695671209.464535,1026423202.01539,1319520561.87114,,0.001,1.26163157894737,1.38878947368421,2.01468421052632,11545.2952631579,148.304011389795,104.88105
"2005-03-01",44184787.2287136,104.589002893682,97.1296254692732,4.5,462571578.773804,698182365.377253,1028432010.72042,1324837416.59592,,0.002,1.31304545454545,1.43495454545455,2.05686363636364,11809.3840909091,147.327743211885,105.31273
"2005-04-01",44282790.3812012,104.379080673268,97.070242304091,4.5,462538041.501128,697335476.762898,1026982519.79997,1320688586.17683,,0.001,1.1762,1.31385,1.95295,11395.642,145.097857941886,107.3595
"2005-05-01",44215680.4292084,104.178357000028,96.9457728575291,4.5,464991944.77162,698501153.38312,1026924511.96676,1321027472.2158,,0.001,1.12963157894737,1.27763157894737,1.94221052631579,11082.3789473684,146.573354165318,106.91263
"2005-06-01",44336681.1895902,103.841153674982,96.723190029948,4.3,466730807.926644,699271923.31858,1026579483.77328,1323787904.42618,,0.001,1.0815,1.23163636363636,1.90727272727273,11402.7459090909,145.020200245916,108.63182
"2005-07-01",44469436.1465714,103.84549321565,96.7965108043039,4.4,469715807.623738,701614270.401457,1028481405.94316,1328204641.77571,,0.001,1.1057,1.25135,1.9476,11716.866,140.926530272634,111.935
"2005-08-01",44495642.7663199,103.613018059884,96.6220982962389,4.3,471890867.356297,703661556.494316,1029591907.89788,1330708170.31801,,0.001,1.28934782608696,1.41291304347826,2.07817391304348,12204.9756521739,140.793402793828,110.72174
"2005-09-01",44678249.0871089,103.676318416439,96.770606237506,4.2,475940230.992286,705938840.139349,1030743689.45145,1334961539.26026,,0.001,1.2434,1.362,2.0184,12979.3755,140.116671443231,111.0575
"2005-10-01",44426377.5146103,103.661251295279,96.7279713688811,4.4,478022338.509378,706331614.470724,1030397946.86978,1336351613.92409,,0.001,1.4339,1.52865,2.09905,13392.793,135.978625643681,114.817
"2005-11-01",44632459.0635137,103.514772120766,96.7322361800841,4.5,479292056.563111,707545817.589387,1030900867.65364,1338673814.06691,,0.001,1.4333,1.51855,2.05085,14368.0535,132.217774367413,118.407
"2005-12-01",44626891.4218759,103.480491062834,96.8238098594931,4.4,480942519.209329,707462970.928243,1029979153.20312,1341121753.88097,,0.001,1.44695238095238,1.51957142857143,2.04571428571429,15650.8333333333,131.419009494578,118.63857
"2006-01-01",44662854.2670687,103.546739557688,97.0624518476601,4.4,481893257.387022,707318269.819724,1028968530.03816,1344022786.11419,,0.001,1.38652631578947,1.46352631578947,1.99084210526316,16085.5063157895,132.572780977562,115.45211
"2006-02-01",44504996.4754614,103.379731243193,97.0034180868718,4.1,483226777.078495,707354499.213533,1027775879.97637,1349037447.80216,,0.001,1.5191,1.564,2.01295,16187.6365,129.089278615474,117.8855
"2006-03-01",44473997.2574698,103.165659622174,96.907100193794,4.1,483401991.953364,707787602.991413,1027383163.48926,1356171385.03863,0,0.002,1.64618181818182,1.67709090909091,2.04231818181818,16311.5404545455,129.843667662041,117.31182
"2006-04-01",44693395.8165714,103.073493117302,96.9635362817497,4.1,484494004.611001,708780842.616462,1028098965.57883,1364934057.57595,0,0.002,1.86575,1.89325,2.23885,17232.9675,128.501298917415,117.1055
"2006-05-01",44351791.425431,103.133446154131,97.0660903699964,4.1,484428105.504232,707599485.529664,1025841261.72918,1373127721.57625,0,0.02,1.88015,1.90985,2.2279,16322.2395,133.016539240249,111.60762
"2006-06-01",44451036.7579976,103.088236221738,97.2342572115148,4.2,484273448.198845,706829461.518751,1024185667.56104,1374793871.93821,0,0.036,1.809,1.8605,2.24354545454545,14990.3077272727,130.775560013683,114.53364
"2006-07-01",44229802.5388657,102.759967945832,97.1028495541171,4.1,484275534.109859,705283705.835143,1021983108.07252,1374825094.72709,0.25,0.155,1.87255,1.91085,2.2991,15147.554,128.823023657862,115.672
"2006-08-01",44390849.4598861,103.089093400756,97.5178263199968,4.1,483467826.392597,706688367.05451,1022276406.49807,1378047084.20412,0.25,0.25,1.77195652173913,1.81930434782609,2.22630434782609,15786.7791304348,128.678802222489,115.88043
"2006-09-01",44436644.0012479,103.039115889022,97.3741605992597,4.1,483523133.527875,709300551.124429,1023774786.25099,1383385246.38411,0.25,0.261,1.59415,1.6714,2.1515,15934.087,127.391903260699,117.0085
"2006-10-01",44698424.588524,103.021882011206,97.146052224052,4.1,482226407.96005,710100997.211631,1023406784.4481,1385861328.67295,0.25,0.254,1.67195238095238,1.75609523809524,2.23014285714286,16519.4442857143,125.672339992789,118.65762
"2006-11-01",45031158.8827244,102.991383026167,97.035033714719,4,481759256.42026,711589977.337364,1024164165.43902,1389616923.12025,0.25,0.257,1.62425,1.70985,2.16795,16101.069,125.006702598759,117.347
"2006-12-01",45250896.5287513,103.113280358754,97.1482577927338,4,481726864.589509,712553836.049475,1024487203.83874,1392775883.15094,0.25,0.255,1.55928571428571,1.63819047619048,2.04919047619048,16790.2138095238,123.342609113685,117.13
"2007-01-01",45138647.3473095,103.005160290994,97.0690035088322,4,482137609.036876,713726946.122626,1024847565.4992,1395589716.72602,0.25,0.267,1.62526315789474,1.70663157894737,2.13573684210526,17286.3242105263,120.058797969806,120.57842
"2007-02-01",45170204.6150516,102.6698881944,96.7943616638804,4,483157663.929511,714371688.64068,1024533485.21727,1396808272.29793,0.5,0.357,1.62673684210526,1.71073684210526,2.13478947368421,17741.2310526316,118.195013266523,120.44632
"2007-03-01",45186828.0376393,102.640848494491,96.7869260822945,4,483201693.965743,715570438.839171,1025049190.64232,1401182794.70433,0.5,0.509,1.53638095238095,1.619,2.05590476190476,17128.3671428571,121.190381539656,117.27571
"2007-04-01",45195666.0905624,102.816760264066,96.9532305328817,3.8,482771558.169361,716972971.291892,1026292918.26889,1404684519.96042,0.5,0.511,1.593,1.67465,2.1081,17469.8095,118.228295136225,118.87
"2007-05-01",45298998.4023898,102.820674424055,97.0838163195564,3.8,482521132.290825,717827414.430195,1026235315.32433,1410104101.30354,0.5,0.521,1.60595238095238,1.68161904761905,2.10309523809524,17595.1357142857,115.898564257121,120.72952
"2007-06-01",45012567.5070476,102.598970564607,97.0077999770242,3.7,483148175.239705,719492542.390089,1027161361.98732,1414902687.50744,0.5,0.51,1.832,1.8807619047619,2.24952380952381,18001.3661904762,113.579927334584,122.6181
"2007-07-01",44698130.4740169,102.468264920258,97.1160376948221,3.6,482980109.397445,719900068.568374,1026898338.48167,1417899681.51879,0.5,0.499,1.83061904761905,1.88466666666667,2.2837619047619,17974.7676190476,112.770068505182,121.58857
"2007-08-01",44929581.7871026,102.293094526353,97.3004745550806,3.7,481024438.573453,719265712.24119,1025313604.51397,1418908559.42135,0.5,0.485,1.59978260869565,1.67182608695652,2.13934782608696,16460.9547826087,118.594395702941,116.72435
"2007-09-01",44491791.7388808,101.976626683726,97.1808395381576,3.9,481805591.46016,721250186.826047,1026274035.01063,1423347027.45736,0.5,0.51,1.51694444444444,1.6095,2.13294444444444,16235.3877777778,119.004872095926,115.015
"2007-10-01",44755017.3212931,101.820753750133,97.3616347293935,4,483347310.015207,723337531.187598,1029203777.95242,1429347565.53514,0.5,0.506,1.55968181818182,1.66027272727273,2.19154545454545,16903.3590909091,116.053879649061,115.74136
"2007-11-01",44669215.6548339,101.898369373748,97.6410327202796,3.8,483556922.524608,725717056.313839,1030397751.52627,1433136233.82083,0.5,0.5,1.42028571428571,1.53071428571429,2.09057142857143,15543.7642857143,119.26003309697,111.21
"2007-12-01",44781615.023873,101.836944697292,97.7844767971036,3.7,484517658.069625,727555864.779111,1031677899.12987,1436370443.62859,0.5,0.497,1.41836842105263,1.52673684210526,2.11573684210526,15544.6477777778,117.828912699807,112.245
"2008-01-01",44857155.8241045,101.702958166563,97.8038173513564,3.9,483959973.902757,729136709.43528,1032496164.34457,1439444516.60464,0.5,0.502,1.299,1.42721052631579,2.07742105263158,13731.3068421053,121.05725406085,107.65684
"2008-02-01",44861659.062993,101.58721508368,97.801630301597,4,482974137.399848,731155923.315771,1033366517.64259,1441479802.35605,0.5,0.504,1.3415,1.4535,2.08655,13547.84,119.581757837418,107.164
"2008-03-01",44688209.1129026,101.613824588813,97.8763328618173,3.8,481849144.787544,731814743.913201,1033225809.31215,1444803969.28449,0.5,0.511,1.17165,1.30875,2.06455,12602.923,125.528118557416,100.79
"2008-04-01",44493028.32602,101.341040026647,97.6346584516209,3.9,478975195.555063,730390813.41066,1031352822.21451,1436472985.10676,0.5,0.506,1.28409523809524,1.4092380952381,2.14033333333333,13357.699047619,121.95586454279,102.489047619048
"2008-05-01",44700967.2555453,101.577447008122,98.310011053687,4,479392544.163409,732545673.786377,1033084294.79047,1434567397.15812,0.5,0.505,1.6069,1.67655,2.256,13995.3335,121.123817800253,104.1385
"2008-06-01",44203052.4184342,101.538426246132,98.9316006892957,4,481097833.698544,735255670.217044,1035629027.71764,1438936236.22797,0.5,0.509,1.68861904761905,1.75314285714286,2.31290476190476,14084.600952381,117.939852265478,106.90476
"2008-07-01",43941296.7871621,100.897895196041,99.3645940408701,3.9,479483325.721885,735332444.794926,1034756149.19341,1439619782.40752,0.5,0.503,1.52009090909091,1.61209090909091,2.22509090909091,13168.9086363636,116.952490131001,106.8118
"2008-08-01",43224529.1290267,100.594372316665,99.331291296337,4.1,479831707.652272,736691571.378288,1035682953.97543,1441588658.02609,0.5,0.504,1.35980952380952,1.46942857142857,2.12557142857143,12989.3514285714,117.063429696673,109.27952
"2008-09-01",43641678.0838114,100.79970407061,99.2409272913373,4,479507542.645639,737028926.719602,1035768651.79958,1441331168.16608,0.5,0.495,1.414,1.48595,2.11135,12123.529,122.599314023686,106.748
"2008-10-01",43820103.4898016,101.739891378714,99.0988220474482,3.8,478126119.017288,736314375.311996,1034604264.48675,1439480855.15441,0.3,0.487,1.45631818181818,1.50572727272727,2.11863636363636,9117.03409090909,136.422383906367,100.33364
"2008-11-01",43121340.3101475,102.09113855504,98.5539801869327,4,479737765.89157,738487519.868516,1036907999.14231,1441636426.47414,0.3,0.301,1.39966666666667,1.47705555555556,2.13411111111111,8531.45,144.121589763976,96.67632
"2008-12-01",42288780.2000508,102.356932378539,98.230897307596,4.4,479709885.382416,740978147.485907,1039497824.9406,1443783975.03706,0.1,0.211,1.22609523809524,1.31966666666667,1.99490476190476,8456.821,151.987204970093,91.3215
"2009-01-01",41478360.549093,102.164711880261,97.8268930962017,4.3,480219698.180918,743619410.772413,1042199217.22026,1446183734.17841,0.1,0.12,1.15705263157895,1.25847368421053,1.86842105263158,8331.48947368421,152.552996755018,90.48222
"2009-02-01",40666103.8955773,102.169567605155,97.6530642293958,4.6,481559728.62558,746830687.802677,1045492300.38554,1450188915.94896,0.1,0.111,1.196,1.30710526315789,1.89784210526316,7694.78263157895,150.933279096212,92.50211
"2009-03-01",40910183.5553303,102.019464007221,97.6359828780497,4.8,482035556.908408,748298177.631051,1046873321.01523,1456875641.79184,0.1,0.1,1.20214285714286,1.30009523809524,1.91185714285714,7764.5819047619,142.912348498156,98.164
"2009-04-01",41397447.916761,101.730782057861,97.590281196138,5,481627002.0039,749823356.799546,1048707982.07345,1449693108.57971,0.1,0.104,1.352,1.43114285714286,2.06004761904762,8767.95952380952,138.985087873381,99.0033333333
"2009-05-01",41587852.9762855,101.212322756347,97.2977995182895,5.1,482953300.877186,752077550.973059,1051113325.26699,1442954364.86428,0.1,0.102,1.36672222222222,1.45011111111111,2.08461111111111,9304.43222222222,138.618987306665,96.3044444444445
"2009-06-01",41478123.1069538,100.915326738875,97.1961186038689,5.2,483368448.104458,753543313.065107,1052716680.68674,1444906922.86854,0.1,0.104,1.36490909090909,1.46827272727273,2.13040909090909,9810.30681818182,137.065833387262,96.5172727272727
"2009-07-01",41182364.393024,100.646326287607,97.1285536920441,5.5,482534233.150448,755477192.89639,1054591093.47617,1447521348.58202,0.1,0.102,1.22754545454545,1.35381818181818,2.06518181818182,9691.12,139.528691745172,94.4959090909091
"2009-08-01",41046090.1107627,100.484354816745,97.1192007831445,5.4,483395886.902874,757503115.821065,1056681312.65142,1450363642.77105,0.1,0.106,1.25995238095238,1.38990476190476,2.12047619047619,10430.350952381,137.964443869202,94.8380952380952
"2009-09-01",41180017.4962138,100.279054993351,97.0442874233518,5.4,483720999.723205,759043111.803999,1057627093.48296,1451834430.87023,0.1,0.102,1.17668421052632,1.31589473684211,2.05784210526316,10302.8694736842,141.669825362634,91.4931578947369
"2009-10-01",41221334.3318176,99.7647723029659,96.5698966400825,5.2,483462878.797225,761055024.824638,1059391187.55823,1454600327.38462,0.1,0.106,1.2042380952381,1.33414285714286,2.08247619047619,10066.2433333333,141.004187968604,90.2890476190476
"2009-11-01",41450326.6172356,99.8765291127871,96.7289080237983,5.2,484793855.009096,762679217.489478,1061383222.53634,1456398859.59017,0.1,0.105,1.24184210526316,1.36684210526316,2.08684210526316,9640.99157894737,141.80295284144,89.1905263157895
"2009-12-01",41450339.0509467,99.7934482629763,96.6411550051012,5.2,484745562.743877,763800492.501056,1062513803.76106,1460676705.27651,0.1,0.101,1.12385714285714,1.26266666666667,2.06561904761905,10169.0076190476,140.715745097858,89.5609523809524
"2010-01-01",41783112.2500723,99.9254825477994,96.8185288877576,5,485725250.305005,765967886.551584,1064903269.76399,1466808779.70758,0.1,0.096,1.19152631578947,1.33563157894737,2.12578947368421,10661.6231578947,138.119759261142,91.1589
"2010-02-01",41766211.0244702,99.7808676601397,96.7167218121659,5,485880137.973497,767380573.261917,1066530330.73428,1468052204.73042,0.1,0.101,1.19089473684211,1.34931578947368,2.15047368421053,10175.1289473684,140.682463228156,90.2837
"2010-03-01",41824228.7254576,99.6643400478384,96.7167218121659,5.1,486843982.287831,768349043.85167,1067351556.86178,1468230526.62058,0.1,0.097,1.18463636363636,1.34445454545455,2.15281818181818,10671.4904545455,139.57306757144,90.5177
"2010-04-01",42005486.4837679,99.3580562988459,96.6149147365741,5.1,489030498.485442,771376467.700333,1070975384.32427,1471501591.44657,0.1,0.093,1.19971428571429,1.35795238095238,2.11161904761905,11139.77,134.347814028308,93.3771
"2010-05-01",42065660.9215441,99.2440718591599,96.6149147365741,5.1,492301103.590353,775309901.12141,1075281189.7468,1478918405.83072,0.1,0.091,1.12372222222222,1.29266666666667,2.05566666666667,10103.9783333333,139.218060961291,91.7653
"2010-06-01",42165580.5946878,99.1845803975001,96.6149147365741,5.2,491314452.020263,775234029.352811,1075281284.86429,1478565300.89837,0.1,0.095,1.03336363636364,1.2065,1.96786363636364,9786.05454545455,142.313274843529,90.9214
"2010-07-01",42468316.485179,98.8347549255722,96.3094935097989,5,492578592.336665,776114155.362865,1076296466.63631,1479128252.96904,0.1,0.094,0.947190476190476,1.10652380952381,1.81447619047619,9456.83523809524,144.80941507114,87.707
"2010-08-01",42571842.5497042,98.6291510137417,96.2076864342071,5.1,494049705.712451,778697645.631882,1078842608.81,1481966454.01781,0.1,0.095,0.851772727272727,1.002,1.63868181818182,9268.235,147.083676167408,85.4736
"2010-09-01",42693112.9651168,98.5276726814418,96.3094935097989,5.1,495242875.20217,780309005.070755,1080311367.61202,1484086756.77606,0.1,0.091,0.9103,1.06205,1.8052,9346.724,147.161333863378,84.3853
"2010-10-01",42072622.7713412,98.5595330557609,96.5131076609824,5.1,497646012.754044,781948568.291829,1081970290.36082,1486123310.19805,0.05,0.091,0.74245,0.8991,1.7492,9455.093,148.259635563527,81.867
"2010-11-01",42161492.5993857,98.3874907969224,96.5131076609824,5,498588890.569999,782154544.788376,1082378748.6259,1486888274.92676,0.05,0.091,0.92145,1.0534,1.8884,9797.1805,146.240535468304,82.476
"2010-12-01",42098532.629273,98.165905716454,96.3094935097989,4.9,499505253.236711,781652155.804149,1081900132.71637,1486091010.35481,0.05,0.087,1.07752380952381,1.19052380952381,1.99466666666667,10254.4585714286,144.920354636812,83.4255
"2011-01-01",42266170.7416296,98.1391829330194,96.2076864342071,4.8,501431580.197043,783674441.178367,1084076682.0634,1487229010.11006,0.05,0.085,1.09468421052632,1.21373684210526,1.99378947368421,10449.53,144.032838111439,82.6111
"2011-02-01",42369540.2752998,98.0505821953814,96.2076864342071,4.7,503295512.43765,785888313.234462,1086180933.008,1489314767.1498,0.05,0.093,1.18273684210526,1.29005263157895,2.0301052631579,10622.2668421053,142.146865495022,82.4978
"2011-03-01",40032688.9830699,98.2109409583603,96.2076864342071,4.7,507386152.562942,788315071.696783,1088395899.93219,1493264239.6715,0.05,0.085,1.122,1.24859090909091,2.04659090909091,9852.44636363636,142.590623757708,81.7936
"2011-04-01",40182463.1331694,97.7383015630993,96.2076864342071,4.7,514089875.826401,792284091.545714,1093455217.27734,1493704326.58215,0.05,0.062,1.14325,1.2733,2.0605,9644.625,137.409746040844,83.347
"2011-05-01",40961619.4406649,97.2949488976461,96.2076864342071,4.6,516229577.699652,796115298.262591,1098254045.55558,1494471962.09448,0.05,0.069,1.02005263157895,1.15436842105263,1.93805263157895,9650.78368421053,140.671369271589,81.2572
"2011-06-01",41523493.4261656,97.1216024730872,96.3094935097989,4.7,515667993.553309,797090747.481989,1099374138.12998,1496144519.59105,0.05,0.069,0.990454545454545,1.13022727272727,1.90522727272727,9541.53227272727,141.503416014126,80.5118
"2011-07-01",41698218.1379851,97.125793135335,96.4113005853906,4.7,518327453.259528,799057500.295509,1101944983.45307,1497836887.39364,0.05,0.073,0.97925,1.1228,1.8868,9996.6785,142.601717714275,79.3973684210526
"2011-08-01",41880396.7864348,97.0893638770933,96.4113005853906,4.5,518938706.400104,799685458.429882,1102757075.24508,1497617564.67474,0.05,0.081,0.90904347826087,1.04569565217391,1.82865217391304,9072.94260869565,146.662105817856,77.2208695652174
"2011-09-01",41682361.0755803,97.0666694136922,96.3094935097989,4.2,520972543.51502,801621652.519155,1104949446.04774,1499014961.61121,0.05,0.08,0.86925,1.007,1.7605,8695.424,149.513252655616,76.8375
"2011-10-01",41804170.3015759,97.1632343397941,96.3094935097989,4.4,522929174.606933,803762364.461611,1107243694.57473,1500313320.3202,0.05,0.081,0.8877,1.0148,1.7447,8733.563,150.722493921436,76.772
"2011-11-01",41437423.0260004,97.0552976210048,96.1058793586154,4.5,524098963.508818,805532336.777171,1109261441.69139,1500480304.55851,0.05,0.077,0.87345,1.0039,1.7475,8506.105,148.370575129198,77.5794
"2011-12-01",41835910.6724238,96.9687095463239,96.1058793586154,4.5,525874264.308247,806045220.521203,1110126292.21997,1499538860.76781,0.05,0.078,0.887619047619048,1.00814285714286,1.75319047619048,8505.9919047619,148.63683008681,77.8586
"2012-01-01",42227052.5651137,97.1227246635315,96.4113005853906,4.5,526964800.365019,807573558.913124,1112035117.04161,1499963462.6754,0.05,0.08,0.859052631578947,0.982473684210526,1.74347368421053,8616.70894736842,149.712943873825,76.9783
"2012-02-01",42321626.2269358,97.0788103251537,96.5131076609824,4.5,528078401.891106,809048787.145262,1113741729.94594,1501773413.73459,0.05,0.085,0.857238095238095,0.981904761904762,1.74690476190476,9242.32714285714,144.875978810543,78.392
"2012-03-01",42316393.2079502,97.1152685265996,96.7167218121659,4.5,529811810.782472,811674375.642332,1116458341.13528,1505209753.02111,0.05,0.084,0.883285714285714,1.0012380952381,1.7737619047619,9962.34714285714,138.153041130844,82.4347619047619
"2012-04-01",41999528.3076475,96.8495531393973,96.6149147365741,4.5,531668210.365906,812983615.865801,1118575753.95756,1503932551.02917,0.05,0.075,0.84015,0.9607,1.7414,9627.42,140.216517052336,81.4895
"2012-05-01",41594317.9085389,96.607165273678,96.4113005853906,4.4,531542145.621756,813343281.127487,1119119533.54285,1501796754.44228,0.05,0.084,0.757714285714286,0.874142857142857,1.652,8842.54095238095,144.421126591289,79.7155
"2012-06-01",41445625.7838135,96.3452357500871,96.1058793586154,4.3,532597911.118084,814945490.421028,1120634062.74765,1503089225.86827,0.05,0.076,0.719047619047619,0.84152380952381,1.66257142857143,8638.07952380952,146.318193164274,79.3214285714286
"2012-07-01",41547975.1281272,96.3704463795809,96.0040722830236,4.3,534150589.431118,817333724.004243,1123481552.67184,1504822372.55678,0.05,0.084,0.658904761904762,0.778190476190476,1.59590476190476,8760.6780952381,146.262723381438,78.983
"2012-08-01",41525794.1748007,96.4731615731675,96.0040722830236,4.2,536447944.352469,819363584.932928,1125829241.23046,1506574551.88929,0.05,0.086,0.699565217391304,0.815086956521739,1.6295652173913,8949.87608695652,145.685837639946,78.6647826086956
"2012-09-01",41308934.6970722,96.5618012102225,96.0040722830236,4.2,539580187.631522,821179628.251342,1128001010.20308,1508067173.17929,0.05,0.085,0.682736842105263,0.798105263157895,1.65789473684211,8948.59,144.554254070095,78.1677777777778
"2012-10-01",41327632.5457497,96.4742154632486,95.9022652074319,4.1,539842982.894055,821938681.98441,1129021798.2408,1508167581.89696,0.05,0.085,0.660136363636364,0.775954545454545,1.67304545454545,8827.38636363636,142.102489668753,78.9686363636364
"2012-11-01",41311648.2858387,96.4585461547796,95.9022652074319,4.1,540399310.200145,822213251.332128,1129471928.54258,1508243107.21859,0.05,0.086,0.638571428571429,0.75547619047619,1.6782380952381,9059.86,138.186323000545,80.792
"2012-12-01",41689719.1684116,96.4561440593734,96.0040722830236,4.3,543303377.762819,826473149.657438,1134095892.55699,1513392159.98403,0.05,0.082,0.626684210526316,0.737421052631579,1.70484210526316,9814.37736842105,132.639344716965,83.5777777777778
"2013-01-01",41668809.814192,96.4735796478215,96.1058793586154,4.2,545750219.65671,829108657.243016,1137049903.98926,1516552326.55159,0.05,0.083,0.669947368421053,0.777736842105263,1.76226315789474,10750.8547368421,123.897306942043,89.16
"2013-02-01",41942556.962884,96.1780524165698,95.9022652074319,4.3,548412772.60337,832721874.912158,1140809604.63377,1521562371.2468,0.05,0.087,0.649578947368421,0.754789473684211,1.74331578947368,11336.4447368421,117.651409394732,93.1661111111111
"2013-03-01",42119681.2229243,96.1319872692817,95.9022652074319,4.1,551408351.759667,836541017.191102,1144701942.81842,1527075554.59077,0.05,0.078,0.51105,0.60465,1.5531,12244.0285,116.630765390553,94.7884210526316
"2013-04-01",42159036.0643913,96.2372811108454,96.0040722830236,4.1,552995233.513754,838861680.990669,1147459645.20256,1533495008.71659,0.05,0.072,0.523952380952381,0.575761904761905,1.42247619047619,13224.0614285714,112.947571810256,97.6995
"2013-05-01",42391466.6304117,96.2390435054646,96.1058793586154,4.1,555137958.697698,841452540.194212,1150283424.82183,1540852793.23426,,0.073,0.735238095238095,0.787,1.61604761904762,14532.4066666667,109.73032440578,101.082
"2013-06-01",42329969.3051968,96.3007344293266,96.3094935097989,3.9,560101866.298021,845882981.266899,1154861382.97438,1547136011.53805,,0.074,0.79085,0.84525,1.6819,13106.6185,114.367598250853,97.3311111111111
"2013-07-01",42672927.4571074,96.3379768441216,96.6149147365741,3.8,562358395.094141,847963932.687614,1157467012.72922,1549663492.0409,,0.073,0.772727272727273,0.826409090909091,1.72118181818182,14317.5431818182,112.226464633391,99.7505263157895
"2013-08-01",42738603.4858893,96.3374218267361,96.8185288877576,4.1,564256821.962712,850343245.308843,1160177772.59915,1552306494.60558,,0.073,0.704227272727273,0.761272727272727,1.68477272727273,13726.6636363636,114.30103451145,97.87
"2013-09-01",42807093.0570034,96.366789714275,97.0221430389411,3.9,567257463.536036,853006116.715354,1163265426.94099,1555532574.04336,,0.072,0.657526315789474,0.721368421052632,1.64463157894737,14372.1168421053,112.281934416227,99.2788888888889
"2013-10-01",42651685.6480969,96.2467927711303,97.0221430389411,4,569469790.129056,855860818.725729,1166360015.45673,1559597113.27037,,0.07,0.573909090909091,0.636318181818182,1.51977272727273,14329.0227272727,112.903195983988,97.8214285714286
"2013-11-01",42729932.1161913,96.4349389592731,97.3275642657164,3.9,571182452.325873,857537160.076523,1168341092.91609,1563051890.4922,,0.073,0.55065,0.61735,1.5165,14931.7375,110.895189845332,99.7883333333333
"2013-12-01",42757430.2357117,96.4555318340941,97.4293713413081,3.7,574348542.392762,861102020.539543,1172263228.70868,1568719277.20791,,0.074,0.5997,0.66905,1.548,15655.226,107.067774829662,103.411578947368
"2014-01-01",43073751.2334689,96.3771860681536,97.4293713413081,3.7,577916130.833815,864820241.222651,1176084097.51746,1573071123.57433,,0.073,0.59321052631579,0.666473684210526,1.52436842105263,15578.28,106.624016566975,103.935
"2014-02-01",42961909.4322417,96.3628971542603,97.4293713413081,3.6,577995965.400433,865676319.6025,1176939276.76306,1576293385.73974,,0.077,0.532684210526316,0.606421052631579,1.47321052631579,14617.5705263158,108.365767748019,102.156111111111
"2014-03-01",43100915.3342896,96.448950784489,97.5311784168999,3.7,579416812.064288,866477484.423449,1177715261.28804,1579103121.18566,,0.072,0.53815,0.6148,1.487,14694.8265,108.199358399512,102.2725
"2014-04-01",43034810.5354438,98.2894482966359,99.3637057775515,3.6,580962401.851994,868153088.77854,1179697617.6776,1583514641.64892,,0.065,0.538047619047619,0.616142857142857,1.48614285714286,14475.3338095238,110.085331015929,102.56380952381
"2014-05-01",43331490.1887761,98.4869715217158,99.6691270043268,3.6,581496224.390245,868737442.737872,1180502711.4954,1587300792.38713,,0.068,0.5262,0.60465,1.47155,14343.1445,111.039411280705,101.79
"2014-06-01",43113923.2757802,98.4329001398943,99.7709340799186,3.7,584080438.583445,871527569.622498,1183556547.73724,1592043978.65826,,0.067,0.508095238095238,0.587285714285714,1.45695238095238,15131.7976190476,110.739874453392,102.052380952381
"2014-07-01",43159755.1023436,98.3571105302255,99.9745482311021,3.7,585036734.189092,873197323.438134,1185943908.47534,1595220413.65054,,0.066,0.464454545454545,0.545363636363636,1.41809090909091,15379.2931818182,110.928471715033,102.78
"2014-08-01",43096651.2468093,98.3632208511982,100.076355306694,3.5,587874190.060789,875766369.407323,1188847876.79561,1598769353.61675,,0.069,0.44147619047619,0.521761904761905,1.3822380952381,15358.7042857143,110.018767276526,102.957142857143
"2014-09-01",43316241.6508474,98.4187972553497,100.076355306694,3.5,590926698.002473,879190706.237039,1192568131.08434,1604326982.90926,,0.066,0.45205,0.53445,1.37935,15948.4695,106.435419305333,107.244210526316
"2014-10-01",43283436.0354242,98.3665306467115,99.7709340799186,3.6,593548915.039904,882627164.113123,1196554597.7693,1609275289.79614,,0.059,0.408727272727273,0.491727272727273,1.33636363636364,15394.1104545455,106.280103913393,108.061363636364
"2014-11-01",43460803.7675856,98.5572834867263,99.6691270043268,3.4,598186831.564487,887554297.561708,1201699783.59576,1615451390.29697,,0.065,0.395666666666667,0.476,1.25822222222222,17179.0272222222,99.4462266680226,116.212222222222
"2014-12-01",43790712.1969902,98.9946144873791,99.7709340799186,3.4,601021313.992319,891185683.998376,1205847623.68875,1620517087.19386,,0.068,0.295809523809524,0.378904761904762,1.152,17541.6942857143,98.1482337496649,119.312631578947
"2015-01-01",44622828.7637679,99.3346149922927,99.7709340799186,3.6,603288042.726006,893377007.535144,1208447432.68865,1622137066.66856,,0.074,0.205368421052632,0.268631578947368,0.991157894736842,17274.3994736842,100.500152541903,118.307777777778
"2015-02-01",44422608.8451672,99.4139008876902,99.567319928735,3.5,606192755.050236,895574289.997721,1210886205.07354,1625752464.08522,,0.076,0.314315789473684,0.378842105263158,1.18026315789474,18053.2047368421,100.122958018619,118.563333333333
"2015-03-01",44621010.3910652,99.7888489977553,99.8727411555102,3.4,608599823.440285,897872775.273937,1213656512.1181,1630536532.88673,,0.07,0.302363636363636,0.374409090909091,1.16636363636364,19197.5677272727,99.9232668004105,120.386818181818
"2015-04-01",44742086.9638734,99.9034238184114,100.076355306694,3.4,609953599.797119,899614489.201947,1215608623.23393,1639668646.79163,,0.061,0.264238095238095,0.331857142857143,1.1032380952381,19767.9233333333,100.333743193395,119.549523809524
"2015-05-01",44840851.428768,100.082602357269,100.279969457877,3.3,614320022.55094,903814217.502782,1219399904.35821,1650834384.65062,,0.069,0.351333333333333,0.418,1.19861111111111,19974.1872222222,98.8915288396646,120.689411764706
"2015-06-01",44961541.6073583,100.016183136441,100.178162382286,3.4,615458289.679547,905050358.552665,1220784463.24373,1654486931.06919,,0.072,0.394636363636364,0.462818181818182,1.23686363636364,20403.8404545455,96.561797960561,123.750454545455
"2015-07-01",45030357.9540638,100.118864728556,100.178162382286,3.3,617573364.67718,907775701.101201,1223952566.65458,1658187665.77692,,0.074,0.367136363636364,0.438090909090909,1.2045,20372.5840909091,97.5824419647397,123.243333333333
"2015-08-01",44847077.2827318,100.237128138044,100.178162382286,3.4,620898910.572651,911857699.135152,1228286840.60862,1662429519.10423,,0.076,0.316190476190476,0.393285714285714,1.17271428571429,19919.0904761905,99.2909112760824,123.23380952381
"2015-09-01",45109060.7632049,100.287286493808,100.178162382286,3.4,621989072.460577,912246130.411802,1228880900.38567,1663065837.80453,,0.073,0.274578947368421,0.355368421052632,1.14236842105263,17944.2231578947,102.497064723992,120.285
"2015-10-01",45017545.9762259,100.161690759996,99.9745482311021,3.2,624762467.260512,914360358.161898,1231105903.4122,1665739077.15665,,0.076,0.241428571428571,0.318428571428571,1.09238095238095,18374.1057142857,101.897991069365,120.061904761905
"2015-11-01",44961246.672831,100.210216526974,99.8727411555103,3.3,626343376.022108,916292886.36376,1233173365.01438,1668490781.26931,,0.078,0.240947368421053,0.319263157894737,1.09505263157895,19581.7705263158,100.555622324739,122.532941176471
"2015-12-01",44853159.3509434,100.445239162763,99.8727411555103,3.3,628161635.523557,918572708.807219,1235747243.31537,1671532909.30657,,0.075,0.213809523809524,0.292666666666667,1.04219047619048,19202.5766666667,101.842521286529,121.924
"2016-01-01",45344760.1638346,100.471214813351,99.6691270043268,3.2,630360808.305686,921351614.488441,1239045221.10722,1675384349.08077,,0.074,0.151789473684211,0.223105263157895,0.936368421052632,17302.2973684211,105.914003346677,118.306111111111
"2016-02-01",45417948.1964377,100.691160851557,99.7709340799186,3.3,634962989.655194,923325293.471681,1241371043.31695,1678130648.65367,,0.033,-0.04145,0.0249,0.7363,16346.961,107.655754527721,115.093157894737
"2016-03-01",45550123.6397275,100.733857320851,99.8727411555103,3.2,641872736.621856,925600503.012634,1244324126.79209,1679992585.5736,,-0.003,-0.117909090909091,-0.0631818181818182,0.441909090909091,16897.3404545455,108.243734225781,113.070454545455
"2016-04-01",45364612.0274377,100.548829491962,99.8727411555103,3.2,651128752.800644,929551598.29982,1248883879.71653,1680151016.17105,,-0.037,-0.142,-0.09235,0.32105,16543.4675,110.462525539212,109.965238095238
"2016-05-01",45192701.8990892,100.354981127359,99.7709340799186,3.2,655800534.784098,933288250.427596,1253046200.56017,1680055143.5027,,-0.059,-0.149894736842105,-0.104210526315789,0.263842105263158,16612.6731578947,112.148806937421,109.062222222222
"2016-06-01",45280830.0734729,100.427569841634,99.8727411555103,3.1,658921547.939522,935342754.161078,1255686975.55298,1681080511.47577,,-0.055,-0.210409090909091,-0.163318181818182,0.173409090909091,16068.8109090909,115.909658213688,105.491818181818
"2016-07-01",45309974.1657386,100.399165515401,99.7709340799186,3,663971040.21753,937986974.552218,1259143639.81993,1682506919.58479,,-0.043,-0.3083,-0.25885,0.10605,16168.3195,117.706879177568,103.971052631579
"2016-08-01",45332901.519627,100.267691629548,99.6691270043268,3.1,667475017.629358,940562857.37526,1262144651.66328,1685240397.90059,,-0.043,-0.126636363636364,-0.0813181818181818,0.277409090909091,16586.0704545455,120.125361709209,101.269090909091
"2016-09-01",45263220.3146347,100.147224385837,99.6691270043268,3,670694260.414022,943172666.13874,1264914263.66808,1688725329.73755,-0.1,-0.052,-0.10385,-0.0475,0.40205,16737.0415,119.359878706075,101.944210526316
"2016-10-01",45304200.5805279,100.419866194642,100.178162382286,3,675954863.872201,946549912.142171,1268529334.8624,1692739446.21008,-0.1,-0.037,-0.1158,-0.0591,0.3838,17044.5105,118.660959442344,103.8175
"2016-11-01",45450420.9417408,100.367787679817,100.279969457877,3,680578301.764606,950735823.360631,1273041419.00573,1699517941.36094,-0.1,-0.049,-0.04595,-0.00755,0.43045,17689.54,115.443712037867,107.624444444444
"2016-12-01",45381922.4777313,100.132281149715,100.076355306694,3,685657027.414005,954414100.512362,1277319242.60646,1707289868.97475,-0.1,-0.044,0.0233809523809524,0.053,0.562571428571429,19066.0276190476,108.498895226825,115.8995
"2017-01-01",45520918.3700281,100.171472978699,100.076355306694,3,690597699.649395,957941260.775954,1281513101.2925,1713281034.34624,-0.1,-0.045,0.0248421052631579,0.0628421052631579,0.616526315789474,19194.0563157895,108.487801270258,114.75
"2017-02-01",45687186.671829,100.054754775456,99.9745482311021,2.9,695220951.766626,961590068.191419,1285414956.24001,1719019577.76448,-0.1,-0.038,0.0633,0.09025,0.68365,19188.733,109.231096360258,113.071578947368
"2017-03-01",45708342.9581431,100.108672700738,100.076355306694,2.8,698459699.052267,964671717.211583,1288962260.87817,1723321294.05836,-0.1,-0.042,0.0305909090909091,0.0686818181818182,0.652863636363636,19340.1772727273,109.120156794586,113.014545454545
"2017-04-01",45947021.9039455,100.18892092175,100.279969457877,2.8,701870257.260062,966130118.840283,1290709573.14118,1725316805.41334,-0.1,-0.054,-0.0104,0.02955,0.5922,18736.3905,111.804894283839,110.062
"2017-05-01",45705629.062307,100.230088926946,100.279969457877,3,705506982.070469,968423458.136028,1293300466.31773,1729455306.07292,-0.1,-0.053,0.0065,0.0435,0.586,19726.7565,109.14234470772,112.257368421053
"2017-06-01",45988677.0337469,100.319490186912,100.279969457877,2.8,709125468.19165,971970740.130575,1297387473.08175,1734232657.54927,-0.1,-0.056,0.0185,0.0529090909090909,0.570045454545455,20045.6277272727,109.408599665332,110.905909090909
"2017-07-01",46258028.8017425,100.518097547024,100.279969457877,2.8,713714314.442074,975479109.066153,1301298536.5302,1740048942.67908,-0.1,-0.054,0.05255,0.0791,0.6007,20044.862,106.945741307423,112.393684210526
"2017-08-01",46586455.517429,100.53330070575,100.279969457877,2.8,716927546.457407,977981164.187953,1304242909.4264,1744010537.60153,-0.1,-0.049,0.0128636363636364,0.0449545454545455,0.566318181818182,19670.1690909091,108.265922138915,109.914545454546
"2017-09-01",46437771.6808287,100.635677791239,100.483583609061,2.8,721390601.811446,980878138.046406,1307641831.96052,1748099287.43917,-0.1,-0.058,-0.01375,0.02095,0.55235,19924.3985,106.424325348766,110.723157894737
"2017-10-01",46214311.6313672,100.265622352243,100.381776533469,2.7,726406289.094514,984798206.495953,1311884117.55765,1753601070.96492,-0.1,-0.037,0.0310952380952381,0.0653333333333333,0.594809523809524,21267.4904761905,105.104144517274,112.956666666667
"2017-11-01",46334716.5744395,100.426461453134,100.789004835836,2.7,730411051.483935,988464471.010975,1315733587.5773,1758372501.48145,-0.1,-0.048,0.0048,0.04055,0.57985,22525.1485,105.326023648617,112.994736842105
"2017-12-01",46650491.7941934,100.628741426724,101.196233138203,2.7,732882966.234077,989015858.930808,1316831949.90177,1759570924.02508,-0.1,-0.042,0.00742857142857143,0.0450952380952381,0.574047619047619,22769.890952381,104.682574167722,112.9495
"2018-01-01",46259310.2545576,100.762129437338,101.399847289387,2.4,736878554.158243,991075047.729876,1319342605.85238,1762827347.40158,-0.1,-0.04,0.0465263157894737,0.0763157894736842,0.591315789473684,23712.21,104.41631921011,110.774444444444
"2018-02-01",46601989.0583163,100.697648549971,101.399847289387,2.5,739234398.397585,992572517.25963,1320938753.81042,1763811736.15107,-0.1,-0.042,0.0377368421052632,0.0676842105263158,0.574,21991.6821052632,105.725406085035,107.900555555556
"2018-03-01",46745500.6871259,100.529912881154,101.196233138203,2.5,742433159.270324,994627192.176704,1323285085.71435,1765123835.11452,-0.1,-0.062,0.00519047619047619,0.0392857142857143,0.535476190476191,21395.5076190476,107.611378701452,106.000476190476
"2018-04-01",46547768.6376336,100.373790043004,100.890811911428,2.5,746053326.422925,996849655.283202,1326015155.00743,1768554079.93566,-0.1,-0.063,0.00895,0.0413,0.51805,21868.788,105.991661042647,107.521428571429
"2018-05-01",46658321.0477803,100.438198392661,100.99261898702,2.2,749054707.612642,998803999.70467,1328016000.1595,1770853259.68445,-0.1,-0.061,0.0160952380952381,0.0489047619047619,0.526380952380952,22590.0547619048,105.803063781005,109.7015
"2018-06-01",46519158.3145861,100.273986847973,100.99261898702,2.4,755090810.633706,1001888139.95012,1331661831.31024,1773142971.54481,-0.1,-0.071,0.0101428571428571,0.0470952380952381,0.515285714285714,22562.8752380952,106.424325348766,110.025238095238
"2018-07-01",46411468.3004066,100.155454504936,101.196233138203,2.5,758833370.493503,1003888226.62313,1334108583.24233,1774731823.80025,-0.1,-0.07,0.0108571428571429,0.0518095238095238,0.516428571428571,22309.059047619,106.701674262945,111.4185
"2018-08-01",46439296.822471,100.291806691386,101.60346144057,2.5,761614979.13834,1005688373.51408,1336343251.80734,1776581234.35352,-0.1,-0.059,0.0642173913043478,0.106434782608696,0.611521739130435,22494.1413043478,108.554365009661,111.058260869565
"2018-09-01",45989090.8771225,100.23239227138,101.705268516162,2.3,765417011.683952,1008182699.40618,1339311049.00635,1780094380.02118,-0.1,-0.059,0.0816666666666667,0.125,0.627055555555556,23159.2911111111,107.367311656975,111.946470588235
"2018-10-01",46310980.0513749,100.175223236053,101.807075591754,2.4,768652123.288309,1010719294.95091,1342137180.24246,1783735762.18666,-0.1,-0.06,0.0922727272727273,0.140454545454545,0.667909090909091,22690.7813636364,107.367311656975,112.775
"2018-11-01",45960062.6481367,100.065562446097,101.60346144057,2.5,770628732.96979,1011367179.56723,1343060808.38008,1785793076.75726,-0.1,-0.07,0.0555238095238095,0.114047619047619,0.639857142857143,21967.8719047619,107.1898083519,113.3835
"2018-12-01",46091709.300489,100.111046315792,101.399847289387,2.5,773265690.472208,1013339542.3528,1345225484.63706,1788776813.51461,-0.1,-0.068,-0.0163684210526316,0.0520526315789474,0.559157894736842,21032.4178947368,107.722318267124,112.572777777778
"2019-01-01",46221427.1314006,100.65332800877,101.501654364978,2.5,775506397.880272,1014838992.45842,1347104906.87679,1791691322.96378,-0.1,-0.064,-0.0556842105263158,0.0068421052631579,0.478157894736842,20460.5121052632,110.052049146228,108.921111111111
"2019-02-01",46761636.6327148,100.940225281549,101.60346144057,2.4,778914669.364098,1016294306.77989,1348758565.96302,1795735913.70415,-0.1,-0.055,-0.080578947368421,-0.0182105263157895,0.422684210526316,21123.6405263158,107.522627048915,110.347777777778
"2019-03-01",46728184.2358844,100.968514393897,101.60346144057,2.5,783648692.403619,1018630149.46738,1351088351.9562,1800291678.20408,-0.1,-0.044,-0.0945,-0.0341,0.40075,21414.8845,106.734956132647,111.206
"2019-04-01",46697965.4727447,100.984909986482,101.807075591754,2.4,788656524.169578,1020663200.03885,1353104861.258,1799727153.59302,-0.1,-0.068,-0.09595,-0.03975,0.37615,21964.856,106.501983044736,111.66380952381
"2019-05-01",46811862.9308207,100.722976180938,101.705268516162,2.3,793195306.736882,1023902350.58349,1356641039.5762,1798499133.05472,-0.1,-0.05,-0.101842105263158,-0.0568421052631579,0.348736842105263,21218.38,109.286566143094,109.853333333333
"2019-06-01",46710939.5964343,100.620257781358,101.705268516162,2.3,792950033.740672,1023777548.6462,1356741838.85757,1798725845.95525,-0.1,-0.063,-0.1715,-0.1261,0.24655,21060.207,110.70659258369,108.057
"2019-07-01",46874788.2069522,100.531460762187,101.705268516162,2.3,795295212.141755,1025800965.67624,1358943592.5145,1800790952.17221,-0.1,-0.071,-0.189272727272727,-0.144409090909091,0.227454545454545,21593.6763636364,110.196270581601,108.240476190476
"2019-08-01",46747794.3117692,100.663785265495,101.807075591754,2.3,799085999.654103,1028013143.1364,1361466290.15733,1802455757.84547,-0.1,-0.046,-0.279952380952381,-0.227333333333333,0.105285714285714,20629.6771428571,114.123531206375,106.272857142857
"2019-09-01",46741961.4812789,100.880291134444,101.908882667345,2.4,803307094.507379,1030716988.78222,1364481001.58938,1806006819.85738,-0.1,-0.059,-0.287684210526316,-0.224473684210526,0.147210526315789,21585.4589473684,112.758974548615,107.482222222222
"2019-10-01",45819301.6018959,101.283866261883,102.010689742937,2.4,807255276.589694,1033647814.21679,1367603109.06461,1810951464.00129,-0.1,-0.022,-0.238,-0.164571428571429,0.22947619047619,22197.4747619048,111.460981630257,108.123333333333
"2019-11-01",45692847.9967836,101.662209140742,102.214303894121,2.3,812496329.042992,1037374868.70044,1371735120.4246,1817885136.53326,-0.1,-0.043,-0.1439,-0.08525,0.27115,23278.0875,110.04095518966,108.793333333333
"2019-12-01",46008074.4013205,101.838740921919,102.316110969712,2.2,817718230.400626,1040270414.41099,1375280634.0389,1824523560.10005,-0.1,-0.038,-0.0555238095238095,-0.0101428571428571,0.291857142857143,23660.3757142857,109.342035925929,109.154736842105
"2020-01-01",46562983.9471194,101.833719084861,102.316110969712,2.4,821034496.762426,1042453983.09971,1377781590.36029,1830331168.69691,-0.1,-0.032,-0.0528421052631579,-0.0163157894736842,0.279052631578947,23642.9215789474,108.154982573243,109.284736842105
"2020-02-01",46228836.3507346,101.832708136116,102.214303894121,2.4,825211272.765471,1045622037.96651,1381186624.8311,1837455120.7028,-0.1,-0.016,-0.101777777777778,-0.0561666666666667,0.236833333333333,23180.3661111111,107.999667181303,109.973529411765
"2020-03-01",45851107.7021462,101.950116655669,102.214303894121,2.5,832262081.988504,1050933253.98375,1386615602.23234,1845225392.84208,-0.1,-0.047,-0.0900952380952381,-0.0188095238095238,0.256428571428571,18974.0038095238,112.714598722346,107.292857142857
"2020-04-01",43573829.3848776,102.108725569506,102.010689742937,2.6,844708303.385385,1057904373.72592,1393567921.69293,1843120108.31734,-0.1,-0.036,-0.0460952380952381,-0.00128571428571429,0.318857142857143,19208.3552380952,114.256658685181,107.93
"2020-05-01",42151466.6761929,102.244447205727,101.908882667345,2.8,866148721.941709,1075904997.95547,1412723523.72584,1852227361.2664,-0.1,-0.047,-0.0458333333333333,0.0025,0.336444444444444,20543.2611111111,114.733698817569,107.291764705882
"2020-06-01",42749199.9389294,102.168067539502,101.908882667345,2.8,890694755.671514,1097697609.55635,1436870634.34767,1876434934.52344,-0.1,-0.048,-0.0195,0.0254090909090909,0.387090909090909,22486.9345454545,111.982397588913,107.555
"2020-07-01",44275164.421412,101.933039893711,101.908882667345,2.9,900068188.206699,1106487008.09883,1447600595.87567,1885401409.2204,-0.1,-0.028,-0.0246190476190476,0.0253809523809524,0.417952380952381,22529.4742857143,111.782706370705,106.697368421053
"2020-08-01",45179730.7077599,101.905218801244,101.908882667345,3,910686554.55026,1115816448.31435,1458209638.68876,1895369704.23205,-0.1,-0.035,-0.00705,0.0383,0.414,22901.446,111.205820629212,106.0415
"2020-09-01",45591904.8708287,101.850935159001,101.705268516162,3,917589845.037984,1122939971.49673,1466025926.01533,1903708438.25648,-0.1,-0.054,-0.01205,0.0329,0.40805,23306.946,110.662216757421,105.690555555556
"2020-10-01",46027684.1744022,101.907748337666,101.501654364978,3.1,920894127.125622,1126772144.68317,1470609419.05065,1909467159.60776,-0.1,-0.02,-0.0155454545454545,0.0297727272727273,0.410181818181818,23451.4427272727,110.218458494735,105.222380952381
"2020-11-01",45675790.7537597,101.765439917773,101.196233138203,3,926432308.998567,1131565994.92855,1476023376.70634,1917789580.14162,-0.1,-0.032,-0.0196315789473684,0.0293157894736842,0.398526315789474,25384.8678947368,109.475163404735,104.426470588235
"2020-12-01",45528669.071838,101.706395467105,101.196233138203,3.1,931734930.07655,1136674223.04411,1481200302.05935,1926212016.12567,-0.1,-0.026,-0.0256818181818182,0.0239090909090909,0.391454545454545,26772.9545454545,108.099512790407,103.888823529412
"2021-01-01",45924036.7307037,101.789766290478,101.60346144057,3,938930068.818762,1141739049.49418,1487231822.60377,1935185620.94669,-0.1,-0.017,-0.0103157894736842,0.037,0.431315789473684,28189.0636842105,107.666848484288,103.696111111111
"2021-02-01",45817640.1266633,101.849163223058,101.705268516162,2.9,945718682.136426,1146733631.38646,1492923474.53155,1943149775.4684,-0.1,-0.016,0.0449444444444444,0.0909444444444445,0.487944444444444,29458.8,105.414775301155,105.374117647059
"2021-03-01",46051043.1426328,102.085159881833,101.807075591754,2.7,949985471.776081,1151172782.53637,1497923092.65195,1949216037.04818,-0.1,-0.017,0.0627391304347826,0.110869565217391,0.486652173913043,29315.2956521739,103.306923553394,108.649565217391
"2021-04-01",46128068.4983614,101.432640184825,100.789004835836,2.9,955765173.021529,1155604803.77738,1502957115.8833,1965379630.94416,-0.1,-0.012,0.0447142857142857,0.094,0.464095238095238,29426.7519047619,101.875803156231,109.134285714286
"2021-05-01",45794012.249806,101.915072870536,101.094426062611,2.9,964661555.80285,1161277757.84878,1509422423.93588,1981988869.4409,-0.1,-0.017,0.0363888888888889,0.0840555555555556,0.449611111111111,28517.0883333333,100.999380587425,109.11
"2021-06-01",46591791.2518326,101.993399613764,101.399847289387,2.9,967326220.203485,1162458084.47309,1511284112.40003,1983442881.86668,-0.1,-0.029,0.0167272727272727,0.0677727272727273,0.4445,28943.2290909091,100.122958018619,110.105909090909
"2021-07-01",46387774.3397123,101.751452954268,101.501654364978,2.8,972343703.028395,1164671789.95014,1514146557.63098,1985739393.051,-0.1,-0.036,-0.0307,0.0252,0.4084,28118.756,101.077038283395,110.166111111111
"2021-08-01",45942832.2958868,101.533109189276,101.501654364978,2.8,976500641.912462,1167262126.02325,1517502695.06128,1989471546.05054,-0.1,-0.034,-0.0382857142857143,0.022,0.401666666666667,27692.729047619,101.443138850111,109.835714285714
"2021-09-01",45473761.3644012,101.820686558674,101.908882667345,2.7,981009001.83427,1170073208.63434,1520780979.19496,1994686805.88471,-0.1,-0.022,-0.00385,0.05415,0.4333,29893.5685,101.121414109664,110.218823529412
"2021-10-01",46022481.3157465,101.377342748347,101.60346144057,2.7,987641678.420092,1174388619.9747,1525572207.11351,2002022204.87692,-0.1,-0.027,0.0343809523809524,0.0867619047619048,0.469619047619048,28586.1976190476,97.9041667051874,113.127
"2021-11-01",46691875.7308384,101.474663105299,101.807075591754,2.8,991965624.59927,1176823193.19038,1528441357.09104,2007650821.90581,-0.1,-0.04,0.01845,0.0781,0.4661,29370.6085,97.1719655717548,114.017777777778
"2021-12-01",46398842.9534152,101.618842453692,101.908882667345,2.7,996084675.161715,1179675916.82325,1531555671.25234,2014325478.70593,-0.1,-0.026,-0.00440909090909091,0.0657272727272727,0.463136363636364,28514.2281818182,97.3494688768293,113.616470588235
"2022-01-01",46118060.343248,101.906650210681,102.112496818529,2.8,1000983229.58515,1183742754.44918,1536293992.49869,2019536514.95665,-0.1,-0.02,0.0809473684210526,0.140052631578947,0.525421052631579,27903.9884210526,96.1402276110089,114.853888888889
"2022-02-01",46437334.1679774,102.319656814134,102.723339272079,2.7,1005896376.57293,1187886997.2259,1540866940.88166,2023091575.26834,-0.1,-0.018,0.155722222222222,0.207611111111111,0.6425,27066.5255555556,95.2859929553376,115.21
"2022-03-01",46609709.4887745,102.334268861474,103.130567574446,2.6,1009376669.2382,1191188359.93765,1544698695.70725,2031194438.09638,-0.1,-0.008,0.152136363636364,0.206181818181818,0.678545454545455,26584.0777272727,93.1559532944429,118.509545454546
"2022-04-01",46921450.9485574,101.928933238162,103.33418172563,2.6,1013130056.42998,1194885084.5733,1549088007.23545,2043634964.39753,-0.1,-0.012,0.2173,0.23795,0.75285,27043.3335,87.9750755775791,126.224761904762
"2022-05-01",46349222.779245,101.751200557325,103.639602952405,2.6,1017583576.4854,1197396303.70873,1552126535.48818,2048793240.6262,-0.1,-0.018,0.220894736842105,0.243421052631579,0.758842105263158,26653.7694736842,88.1303909695193,128.878333333333
"2022-06-01",46870478.2721976,101.444518725361,103.843217103589,2.6,1021870649.75449,1200696801.30195,1555488718.06444,2052372931.22642,-0.1,-0.038,0.253772727272727,0.252545454545455,0.856272727272727,26958.3922727273,84.2807880407148,133.795714285714
"2022-07-01",46448967.1386483,101.350620678042,104.148638330364,2.5,1026590960.47659,1204007556.82763,1559009909.99873,2058181011.73531,-0.1,-0.012,0.20795,0.2313,0.8903,26986.7395,83.9812512134015,136.716315789474
"2022-08-01",46446565.0621181,101.428735533884,104.454059557139,2.5,1030105232.16784,1206757023.87461,1562127389.45684,2064486808.19595,-0.1,-0.018,0.156045454545455,0.206818181818182,0.824909090909091,28351.6668181818,85.4345595236995,135.242272727273
"2022-09-01",46483571.7992334,101.900411723875,104.963094935098,2.6,1033086191.84938,1208607136.9887,1564088560.576,2069717529.50112,-0.1,-0.049,0.25385,0.26925,0.9516,27418.986,82.7054462081781,143.29
"2022-10-01",46843433.5651525,102.455543701489,105.370323237465,2.6,1036661746.10728,1210488958.38377,1565940685.21757,2073735640.91757,-0.1,-0.05,0.2805,0.25715,1.08145,26983.1985,81.7735538565366,147.0145
"2022-11-01",47199233.4897107,102.98669193281,105.67574446424,2.5,1041443943.71156,1213868520.77067,1569429582.76267,2078702796.97684,-0.1,-0.067,0.24435,0.2653,1.10455,27903.3245,83.4265533850435,142.82
"2022-12-01",47735188.9451371,103.580883028228,105.981165691015,2.5,1043854156.67597,1214912089.83449,1570506053.21032,2081997883.42424,-0.1,-0.066,0.352954545454545,0.357045454545455,1.16477272727273,27214.6918181818,86.166760657132,135.422352941177
"2023-01-01",47937188.4954907,104.471087007837,106.490201068974,2.5,1046476310.32193,1216148626.25391,1571963798.15465,2086664333.28221,-0.1,-0.02,0.500526315789474,0.479052631578947,1.32794736842105,26606.2815789474,87.5867870977285,130.344444444444
"2023-02-01",48651258.46172,104.378562482954,106.082972766607,2.6,1049528754.23798,1218697094.45948,1574443594.91454,2093834767.76908,-0.1,-0.019,0.509736842105263,0.520052631578947,1.31047368421053,27509.1147368421,85.6009688722069,132.586111111111
"2023-03-01",49089409.0427895,104.960294815983,106.388393993382,2.7,1054045647.0899,1221489716.19553,1577137360.85729,2100955701.02765,-0.1,-0.017,0.379454545454545,0.402454545454545,1.13581818181818,27693.2022727273,85.9670694389231,133.850454545455
"2023-04-01",49548694.1085084,105.696875374861,106.897429371341,2.6,1058077195.73341,1225077957.43465,1580618916.28458,2098162264.63344,-0.1,-0.015,0.3919,0.46645,1.1058,28275.8215,86.022539221759,133.334
"2023-05-01",49300878.1338575,106.032292421178,106.999236446933,2.5,1062143761.89661,1228696127.36425,1584241014.99334,2094959394.70258,-0.1,-0.051,0.339,0.4191,1.02085,30147.526,84.358445736685,137.194210526316
"2023-06-01",49731323.757634,106.342576299199,107.202850598116,2.5,1066197690.5666,1231771636.71559,1587103355.10126,2101295702.6878,-0.1,-0.066,0.3425,0.423454545454545,1.01009090909091,32754.4754545455,82.4724731202677,141.158571428571
"2023-07-01",49596356.5151944,106.846362893713,107.610078900484,2.6,1068969160.78326,1233727904.03953,1588838369.7706,2104182569.16445,-0.1,-0.046,0.40005,0.4645,1.07885,32694.145,82.5057549899692,140.841666666667
"2023-08-01",49481834.1689677,107.019614124922,107.813693051667,2.6,1073018895.72278,1236118682.42262,1591192324.19083,2107097971.16228,-0.1,-0.063,0.562727272727273,0.639090909090909,1.31768181818182,32167.3804545455,81.0746345928056,144.772272727273
"2023-09-01",49482609.3158381,107.255672089471,108.220921354034,2.6,1076501470.80754,1237563019.04423,1592783774.10725,2110861633.70354,-0.1,-0.054,0.63025,0.71315,1.40325,32725.643,80.2425878502686,147.751578947368
"2023-10-01",49744385.9019246,107.642166644757,108.933570883176,2.6,1079351827.50752,1239602189.33262,1594723211.64389,2115819406.45025,-0.1,-0.02,0.753714285714286,0.821095238095238,1.57242857142857,31381.0033333333,80.4311851119103,149.526666666667
"2023-11-01",49527189.549284,107.296741016959,108.729956731993,2.6,1081411914.62928,1241450489.63836,1596193662.73712,2119151627.82035,-0.1,-0.015,0.73725,0.81185,1.5344,32960.347,79.2552257157913,149.839473684211
"2023-12-01",49765656.5487911,107.143568207504,108.628149656401,2.5,1084132543.72302,1243390085.94314,1597692005.75045,2123657404.90791,-0.1,-0.012,0.604571428571429,0.686142857142857,1.42152380952381,33118.0028571429,81.4296412029547,144.69375
"2024-01-01",49125493.4687135,107.397498744968,108.729956731993,2.5,1087704573.02625,1246259301.66227,1600710775.81581,2131889269.70087,-0.1,-0.014,0.56678947368421,0.656947368421053,1.41857894736842,35451.7784210526,80.5199367644476,146.651111111111
"2024-02-01",49440635.6536424,107.855299211527,109.035377958768,2.6,1091057554.89621,1248783320.27444,1602954450.40586,2138273900.71305,-0.1,-0.006,0.625473684210526,0.721842105263158,1.46821052631579,37785.2457894737,78.4564608429558,149.386666666667
"2024-03-01",50397070.8776439,108.336601226603,109.340799185543,2.6,1096269199.75867,1252499991.90346,1606288390.3632,2142686354.37225,0.05,0.022,0.65315,0.75375,1.4877,39844.281,78.5563064520602,149.625
"2024-04-01",50433406.2365627,108.886648509824,109.544413336727,2.6,1096534803.47374,1251971653.5802,1605486517.62395,2154431490.49881,0.05,0.077,0.745904761904762,0.840285714285714,1.60004761904762,38750.5157142857,77.5134745347472,153.433333333333
"2024-05-01",50975400.042892,109.367001368953,109.951641639094,2.6,1091800406.22197,1251225173.36042,1604096523.69314,2165244957.82857,0.05,0.077,0.867285714285714,0.976,1.75966666666667,38557.9476190476,76.4373607477327,156.103
"2024-06-01",50771945.7205455,109.702418210948,110.358869941461,2.5,1093011731.72443,1249764815.31852,1602164694.8675,2168585988.03604,0.05,0.077,0.8917,1.00815,1.79975,38858.854,75.8493810496732,157.821052631579
"2024-07-01",51248022.2139961,109.547671062355,110.562484092644,2.6,1094502900.54795,1251557501.50812,1603887704.68389,2173172319.10071,0.05,0.078,0.952954545454545,1.06890909090909,1.87127272727273,40102.9345454545,75.8160991799717,157.7425
"2024-08-01",50954431.491948,109.878189306211,111.071519470603,2.5,1096442196.41715,1252248451.19575,1604080797.58866,2175324431.60677,,0.227,0.779809523809524,0.901238095238095,1.72304761904762,36409.909375,,
"2024-09-01",51051946.294056,109.676909245061,110.969712395011,2.4,1096430983.58099,1253028548.68188,1604525119.44406,2178905766.86137,,0.227,0.766473684210526,0.890789473684211,1.71010526315789,,,
"2024-10-01",,,111.376940697378,2.5,1095590363.58117,1254495149.31264,1605715433.51685,2185127454.37229,,0.227,0.822590909090909,0.945181818181818,1.77127272727273,,,
"2024-11-01",,,111.885976075337,2.5,1096598401.28306,1256505916.5738,1607799239.75571,2193315698.09019,,0.227,0.92845,1.0477,1.861,,,
"2024-12-01",,,112.598625604479,2.5,1098470965.44017,1260149115.68346,1611290668.09562,2201251160.77208,,0.227,0.965190476190476,1.08309523809524,1.86980952380952,,,
"2025-01-01",,,113.107660982438,2.5,1099361923.77156,1262734405.86832,1613453313.23122,2205902037.89043,,0.293,1.10257894736842,1.20626315789474,1.93094736842105,,,
"2025-02-01",,,113.005853906846,2.4,1099807813.80926,1263389321.64082,1613726676.51509,2207250396.01284,,0.478,1.25988888888889,1.35766666666667,2.01633333333333,,,
"2025-03-01",,,,,,,,,,0.477,1.41835,1.52125,2.2131,,,
