"date","gdp_nom","gdp_defl","cpi","ur","m1","m2","m3","policy","nowa_1d","nibor_3m","gov_10y","reer","xr_usd"
"1919-01-01",,,,,411.88126138938,4224.87900507778,,,,,,,
"1919-02-01",,,,,426.639968372051,4319.50503113927,,,,,,,
"1919-03-01",,,,,410.252140887993,4342.46498317876,,,,,,,
"1919-04-01",,,,,413.07747952006,4413.60782446702,,,,,,,
"1919-05-01",,,,,414.215934755188,4460.18065170606,,,,,,,
"1919-06-01",,,,,408.403041060755,4490.76171289626,,,,,,,
"1919-07-01",,,,,396.861165014651,4511.73635238335,,,,,,,
"1919-08-01",,,,,402.416157011829,4525.4102925892,,,,,,,
"1919-09-01",,,,,402.928103567872,4564.48485956191,,,,,,,
"1919-10-01",,,,,409.088244342078,4633.75853369276,,,,,,,
"1919-11-01",,,,,411.533497713611,4676.75587386916,,,,,,,
"1919-12-01",,,,,410.495437345128,4657.5193427438,,,,,,,
"1920-01-01",,,,,412.725959798837,4724.08534841849,,,,,,,
"1920-02-01",,,,,416.29108231402,4721.79522256305,,,,,,,
"1920-03-01",,,,,423.737264736404,4789.59318002161,,,,,,,
"1920-04-01",,,,,424.174601073228,4846.77596592916,,,,,,,
"1920-05-01",,,,,432.430910761337,4884.08800109243,,,,,,,
"1920-06-01",,,,,424.865591391811,4897.50417873765,,,,,,,
"1920-07-01",,,,,441.280454582163,4887.4673904457,,,,,,,
"1920-08-01",,,,,437.309558645412,4925.06496944763,,,,,,,
"1920-09-01",,,,,432.774338373157,4939.60979784015,,,,,,,
"1920-10-01",,,,,431.044457895868,4952.53294506609,,,,,,,
"1920-11-01",,,,,428.662893489654,4970.07998001493,,,,,,,
"1920-12-01",,,,,439.02864029323,5016.70013022204,,,,,,,
"1921-01-01",,,,,424.18305550786,5022.37261702384,,,,,,,
"1921-02-01",,,,,414.332185861274,5014.79564680981,,,,,,,
"1921-03-01",,,,,404.30289851868,5010.67324453958,,,,,,,
"1921-04-01",,,,,394.673587977114,4981.28337742192,,,,,,,
"1921-05-01",,,,,384.801516125163,4968.94231388132,,,,,,,
"1921-06-01",,,,,382.921293632521,4992.85554742056,,,,,,,
"1921-07-01",,,,,384.309567992599,5027.58992985402,,,,,,,
"1921-08-01",,,,,379.405585484519,5042.41567665795,,,,,,,
"1921-09-01",,,,,380.262149728192,5041.87213499377,,,,,,,
"1921-10-01",,,,,369.135714241704,5025.66506598663,,,,,,,
"1921-11-01",,,,,368.973004250106,5007.20388563753,,,,,,,
"1921-12-01",,,,,365.602320756111,5052.83526241521,,,,,,,
"1922-01-01",,,,,363.796007675897,5012.82218548796,,,,,,,
"1922-02-01",,,,,354.644114272903,5036.27440198085,,,,,,,
"1922-03-01",,,,,350.801226676429,5029.18715580788,,,,,,,
"1922-04-01",,,,,351.051723257912,5042.832684064,,,,,,,
"1922-05-01",,,,,344.130480019297,5042.03682739831,,,,,,,
"1922-06-01",,,,,345.665485675734,5017.83780013267,,,,,,,
"1922-07-01",,,,,347.196272045685,5020.91810954308,,,,,,,
"1922-08-01",,,,,346.635826364023,5003.39126441379,,,,,,,
"1922-09-01",,,,,344.460105011627,4988.14270620759,,,,,,,
"1922-10-01",,,,,341.658171737773,4974.12472762218,,,,,,,
"1922-11-01",,,,,334.253171564847,4949.95430096716,,,,,,,
"1922-12-01",,,,,332.828607356543,4902.13324035547,,,,,,,
"1923-01-01",,,,,333.488799671376,4910.47083847198,,,,,,,
"1923-02-01",,,,,332.56131431813,4889.97852024049,,,,,,,
"1923-03-01",,,,,344.366204356679,4824.09664306758,,,,,,,
"1923-04-01",,,,,355.670180562828,4308.78535488572,,,,,,,
"1923-05-01",,,,,354.426678257445,4259.61289690937,,,,,,,
"1923-06-01",,,,,355.338874058023,4246.07822239707,,,,,,,
"1923-07-01",,,,,345.185366601094,4195.49553715175,,,,,,,
"1923-08-01",,,,,347.916546917949,4186.21593895591,,,,,,,
"1923-09-01",,,,,350.170064246758,4173.8692826251,,,,,,,
"1923-10-01",,,,,360.042493685451,4153.38761234153,,,,,,,
"1923-11-01",,,,,358.258060899715,4148.69934936572,,,,,,,
"1923-12-01",,,,,354.867305978644,4130.26318424339,,,,,,,
"1924-01-01",,,,,357.695070329885,4132.51736179886,,,,,,,
"1924-02-01",,,,,365.396030774484,4127.19109758637,,,,,,,
"1924-03-01",,,,,366.445542291033,4117.94737450919,,,,,,,
"1924-04-01",,,,,371.511710714417,4127.67924559739,,,,,,,
"1924-05-01",,,,,375.804757924935,4121.1266511178,,,,,,,
"1924-06-01",,,,,370.785796672739,4108.98092903619,,,,,,,
"1924-07-01",,,,,366.823341583862,4086.85652954653,,,,,,,
"1924-08-01",,,,,371.054306149242,4075.85367237943,,,,,,,
"1924-09-01",,,,,371.97805847862,4074.36009063773,,,,,,,
"1924-10-01",,,,,373.19583784171,4005.53944856762,,,,,,,
"1924-11-01",,,,,374.820264042357,4001.55278272105,,,,,,,
"1924-12-01",,,,,364.615569889554,4002.68385184469,,,,,,,
"1925-01-01",,,,,378.469482095284,3996.47965339037,,,,,,,
"1925-02-01",,,,,365.204631123705,3965.26736489956,,,,,,,
"1925-03-01",,,,,365.193967291348,3970.54761844195,,,,,,,
"1925-04-01",,,,,349.34565393792,3938.72133214535,,,,,,,
"1925-05-01",,,,,346.399316727937,3917.35669960647,,,,,,,
"1925-06-01",,,,,346.05197545132,3912.60317132305,,,,,,,
"1925-07-01",,,,,342.520714681138,3882.13796502502,,,,,,,
"1925-08-01",,,,,337.422706978188,3858.97401593883,,,,,,,
"1925-09-01",,,,,326.757061204559,3809.23274930845,,,,,,,
"1925-10-01",,,,,311.372486935239,3784.06577224778,,,,,,,
"1925-11-01",,,,,317.194265095922,3777.80700495882,,,,,,,
"1925-12-01",,,,,315.020983915895,3753.83735771912,,,,,,,
"1926-01-01",,,,,301.948674291938,3731.30055542609,,,,,,,
"1926-02-01",,,,,303.153345902866,3731.00120808377,,,,,,,
"1926-03-01",,,,,301.752675780456,3699.49353198764,,,,,,,
"1926-04-01",,,,,297.393441231835,3681.10877040056,,,,,,,
"1926-05-01",,,,,298.74841139971,3675.47072883963,,,,,,,
"1926-06-01",,,,,295.858428278959,3648.02062467378,,,,,,,
"1926-07-01",,,,,298.403080409668,3652.53778336667,,,,,,,
"1926-08-01",,,,,295.859849740523,3646.86139381681,,,,,,,
"1926-09-01",,,,,299.139142371627,3654.75966141038,,,,,,,
"1926-10-01",,,,,306.677559684991,3660.37042772884,,,,,,,
"1926-11-01",,,,,305.524106467801,3645.77332120867,,,,,,,
"1926-12-01",,,,,309.227698257592,3640.45000685703,,,,,,,
"1927-01-01",,,,,311.65026873322,3639.01900398043,,,,,,,
"1927-02-01",,,,,314.560014540771,3616.82643265463,,,,,,,
"1927-03-01",,,,,298.616704469801,3577.15997618146,,,,,,,
"1927-04-01",,,,,296.112509182373,3558.09217333925,,,,,,,
"1927-05-01",,,,,289.396663285686,3513.69314654782,,,,,,,
"1927-06-01",,,,,288.141948776199,3484.99976553168,,,,,,,
"1927-07-01",,,,,285.836547764875,3455.05748478701,,,,,,,
"1927-08-01",,,,,284.284851157275,3422.3766344807,,,,,,,
"1927-09-01",,,,,279.590245986092,3378.1992698964,,,,,,,
"1927-10-01",,,,,275.302634972195,3338.32411978166,,,,,,,
"1927-11-01",,,,,272.899354660583,3310.32931016943,,,,,,,
"1927-12-01",,,,,271.61439678995,3253.14581057071,,,,,,,
"1928-01-01",,,,,266.899783031717,3197.50784371281,,,,,,,
"1928-02-01",,,,,261.3117587335,3171.57518444807,,,,,,,
"1928-03-01",,,,,262.927767777675,3174.98509831391,,,,,,,
"1928-04-01",,,,,261.029832270901,3171.56263572125,,,,,,,
"1928-05-01",,,,,257.602981506139,3167.70813218095,,,,,,,
"1928-06-01",,,,,254.882379896343,3151.07882269338,,,,,,,
"1928-07-01",,,,,249.976685509132,3135.80641688131,,,,,,,
"1928-08-01",,,,,247.694397330735,3122.86860050482,,,,,,,
"1928-09-01",,,,,252.286643270271,3165.65702899017,,,,,,,
"1928-10-01",,,,,250.624240619131,3160.27380048032,,,,,,,
"1928-11-01",,,,,250.082774157383,3156.62256775701,,,,,,,
"1928-12-01",,,,,252.248223091519,3164.93430864383,,,,,,,
"1929-01-01",,,,,252.258073721158,3159.62028716942,,,,,,,
"1929-02-01",,,,,254.43264687112,3158.76828194403,,,,,,,
"1929-03-01",,,,,255.163286324383,3156.79897170949,,,,,,,
"1929-04-01",,,,,255.140315355174,3153.96782793569,,,,,,,
"1929-05-01",,,,,257.544827379196,3148.29430648823,,,,,,,
"1929-06-01",,,,,259.838304082848,3154.60270814245,,,,,,,
"1929-07-01",,,,,260.429801666847,3149.22546751612,,,,,,,
"1929-08-01",,,,,259.698405690334,3142.07914840335,,,,,,,
"1929-09-01",,,,,261.040616047251,3144.27254882722,,,,,,,
"1929-10-01",,,,,258.372124735611,3144.36236333649,,,,,,,
"1929-11-01",,,,,259.785170132047,3143.93944229686,,,,,,,
"1929-12-01",,,,,268.01878130327,3157.93243296698,,,,,,,
"1930-01-01",,,,,263.604840821375,3149.60624748011,,,,,,,
"1930-02-01",,,,,261.650939445031,3144.96660568263,,,,,,,
"1930-03-01",,,,,259.645945538756,3140.3840378166,,,,,,,
"1930-04-01",,,,,262.549542057318,3141.16687074784,,,,,,,
"1930-05-01",,,,,263.234943600918,3142.88091262495,,,,,,,
"1930-06-01",,,,,261.443371322938,3147.6112056987,,,,,,,
"1930-07-01",,,,,264.401820392059,3153.55003165904,,,,,,,
"1930-08-01",,,,,268.571377434251,3143.12339849913,,,,,,,
"1930-09-01",,,,,262.524502454972,3124.41922563826,,,,,,,
"1930-10-01",,,,,268.58836405146,3132.89520144396,,,,,,,
"1930-11-01",,,,,271.845911400253,3149.12092631109,,,,,,,
"1930-12-01",,,,,266.715863324099,3127.92618399838,,,,,,,
"1931-01-01",,,,,265.025917830131,3143.54588635226,,,,,,,
"1931-02-01",,,,,262.557435570575,3135.69121155579,,,,,,,
"1931-03-01",,,,,267.093342772001,3131.93106456909,,,,,,,
"1931-04-01",,,,,267.507392548245,3127.2519197018,,,,,,,
"1931-05-01",,,,,268.714073299127,3129.21885786121,,,,,,,
"1931-06-01",,,,,257.971009916616,3117.0230110641,,,,,,,
"1931-07-01",,,,,260.342413342605,3108.17775527094,,,,,,,
"1931-08-01",,,,,254.580624015739,3088.60189258084,,,,,,,
"1931-09-01",,,,,259.156000787052,3065.9910940521,,,,,,,
"1931-10-01",,,,,251.830859792694,3050.27580108976,,,,,,,
"1931-11-01",,,,,250.680692167749,3035.65103854338,,,,,,,
"1931-12-01",,,,,266.460070670981,3011.66334642478,,,,,,,
"1932-01-01",,,,,271.423009402736,3001.09371295385,,,,,,,
"1932-02-01",,,,,267.83719595257,2990.21152585104,,,,,,,
"1932-03-01",,,,,252.47973818235,2952.04844748171,,,,,,,
"1932-04-01",,,,,256.314869893996,2944.95399878415,,,,,,,
"1932-05-01",,,,,256.512236656079,2938.18706048232,,,,,,,
"1932-06-01",,,,,256.912855552707,2936.03760775191,,,,,,,
"1932-07-01",,,,,257.223484108217,2918.86031498665,,,,,,,
"1932-08-01",,,,,256.82675658396,2910.50525103688,,,,,,,
"1932-09-01",,,,,256.130079401559,2909.20522054967,,,,,,,
"1932-10-01",,,,,254.753883247178,2907.77703697813,,,,,,,
"1932-11-01",,,,,252.655188691552,2902.89655873144,,,,,,,
"1932-12-01",,,,,253.259072236477,2904.30907122546,,,,,,,
"1933-01-01",,,,,253.971000678452,2902.62038629931,,,,,,,
"1933-02-01",,,,,253.36108340426,2911.50980693739,,,,,,,
"1933-03-01",,,,,254.601162963439,2920.4966907112,,,,,,,
"1933-04-01",,,,,251.328939288266,2907.41899542818,,,,,,,
"1933-05-01",,,,,250.258471007577,2895.22337254662,,,,,,,
"1933-06-01",,,,,251.941294530463,2890.98997824002,,,,,,,
"1933-07-01",,,,,252.10005040862,2883.66979042249,,,,,,,
"1933-08-01",,,,,250.499579862274,2884.33117182291,,,,,,,
"1933-09-01",,,,,249.580236865946,2866.73443677211,,,,,,,
"1933-10-01",,,,,251.535598836527,2847.79810776573,,,,,,,
"1933-11-01",,,,,255.59647310525,2837.86287360714,,,,,,,
"1933-12-01",,,,,249.668532174632,2814.81148061839,,,,,,,
"1934-01-01",,,,,253.81800342879,2802.64923604463,,,,,,,
"1934-02-01",,,,,257.081415483721,2789.88127284671,,,,,,,
"1934-03-01",,,,,261.840310758028,2787.96725350781,,,,,,,
"1934-04-01",,,,,260.060162625707,2770.67610139754,,,,,,,
"1934-05-01",,,,,260.203948310471,2763.7761143202,,,,,,,
"1934-06-01",,,,,258.920460940737,2747.74484999159,,,,,,,
"1934-07-01",,,,,257.634008782203,2742.61982935001,,,,,,,
"1934-08-01",,,,,260.350664984782,2743.935549576,,,,,,,
"1934-09-01",,,,,257.462483845222,2740.65380446407,,,,,,,
"1934-10-01",,,,,258.176592600013,2738.69661118167,,,,,,,
"1934-11-01",,,,,260.244570023208,2733.87918035239,,,,,,,
"1934-12-01",,,,,261.730510938639,2750.97924726223,,,,,,,
"1935-01-01",,,,,260.710387665488,2756.13740866932,,,,,,,
"1935-02-01",,,,,259.055087093695,2761.55296757555,,,,,,,
"1935-03-01",,,,,261.738606444877,2764.61559194108,,,,,,,
"1935-04-01",,,,,265.477811224328,2785.71540608672,,,,,,,
"1935-05-01",,,,,267.662320582092,2787.8424906948,,,,,,,
"1935-06-01",,,,,272.626276729486,2800.65988238597,,,,,,,
"1935-07-01",,,,,271.552449428708,2804.45708623865,,,,,,,
"1935-08-01",,,,,274.434836170462,2810.87002582914,,,,,,,
"1935-09-01",,,,,278.127230990871,2820.00738620242,,,,,,,
"1935-10-01",,,,,280.031007523096,2821.66022563406,,,,,,,
"1935-11-01",,,,,282.099023015147,2829.90111496322,,,,,,,
"1935-12-01",,,,,285.47323706584,2833.47735177996,,,,,,,
"1936-01-01",,,,,292.230207571341,2823.05340644226,,,,,,,
"1936-02-01",,,,,298.385643284924,2817.93977719779,,,,,,,
"1936-03-01",,,,,299.074958618895,2816.3552349282,,,,,,,
"1936-04-01",,,,,302.235348879399,2822.18833431006,,,,,,,
"1936-05-01",,,,,312.490785394086,2823.45035570568,,,,,,,
"1936-06-01",,,,,311.745241952159,2819.12251829896,,,,,,,
"1936-07-01",,,,,312.204306270386,2784.519568867,,,,,,,
"1936-08-01",,,,,316.939815473028,2781.37725445757,,,,,,,
"1936-09-01",,,,,318.256046260264,2782.10262143991,,,,,,,
"1936-10-01",,,,,338.727473851989,2784.91069025395,,,,,,,
"1936-11-01",,,,,337.569737232496,2783.37750780336,,,,,,,
"1936-12-01",,,,,344.580314768167,2794.06543924415,,,,,,,
"1937-01-01",,,,,344.137290936947,2796.27063819683,,,,,,,
"1937-02-01",,,,,347.901992726394,2808.06330759588,,,,,,,
"1937-03-01",,,,,347.888320376558,2813.40130571163,,,,,,,
"1937-04-01",,,,,342.770226247647,2804.57057074801,,,,,,,
"1937-05-01",,,,,355.363407116158,2824.03100131597,,,,,,,
"1937-06-01",,,,,353.02344491648,2839.06634740015,,,,,,,
"1937-07-01",,,,,362.191021226286,2864.635690793,,,,,,,
"1937-08-01",,,,,368.145707514223,2871.10744121665,,,,,,,
"1937-09-01",,,,,368.642605988313,2890.44768128448,,,,,,,
"1937-10-01",,,,,364.624395279718,2905.04767841139,,,,,,,
"1937-11-01",,,,,366.636352927001,2919.14180588852,,,,,,,
"1937-12-01",,,,,364.57811508429,2929.5581023422,,,,,,,
"1938-01-01",,,,,367.53764548819,2964.80588750844,,,,,,,
"1938-02-01",,,,,370.026598261452,2987.15658883243,,,,,,,
"1938-03-01",,,,,371.334042978031,2999.33388989345,,,,,,,
"1938-04-01",,,,,378.410475594693,3030.03787602341,,,,,,,
"1938-05-01",,,,,372.969027824738,3027.44328966092,,,,,,,
"1938-06-01",,,,,376.372416406746,3044.19355118259,,,,,,,
"1938-07-01",,,,,383.73581988294,3068.3310697205,,,,,,,
"1938-08-01",,,,,385.794156058994,3087.27990383426,,,,,,,
"1938-09-01",,,,,405.337692417542,3116.06521227345,,,,,,,
"1938-10-01",,,,,389.954324992003,3109.92166624367,,,,,,,
"1938-11-01",,,,,387.555871053749,3089.65542364082,,,,,,,
"1938-12-01",,,,,386.664137056769,3092.98555874709,,,,,,,
"1939-01-01",,,,,385.614908135976,3098.4789061291,,,,,,,
"1939-02-01",,,,,389.971446919966,3107.50796960376,,,,,,,
"1939-03-01",,,,,399.036229024794,3112.17336797484,,,,,,,
"1939-04-01",,,,,404.944019635448,3115.99760531275,,,,,,,
"1939-05-01",,,,,401.836398736901,3095.57644053612,,,,,,,
"1939-06-01",,,,,413.304935629647,3120.29410231729,,,,,,,
"1939-07-01",,,,,406.726567116808,3117.72771621408,,,,,,,
"1939-08-01",,,,,424.088478734474,3120.63496662314,,,,,,,
"1939-09-01",,,,,454.269310355056,3105.99048247955,,,,,,,
"1939-10-01",,,,,450.618970141388,3090.45256713701,,,,,,,
"1939-11-01",,,,,462.412202679257,3104.11327183297,,,,,,,
"1939-12-01",,,,,470.929033492945,3115.64799414408,,,,,,,
"1940-01-01",,,,,522.403053350938,3155.7023382758,,,,,,,
"1940-02-01",,,,,536.904424079149,3179.90157823873,,,,,,,
"1940-03-01",,,,,551.425262961935,3234.36456009131,,,,,,,
"1940-04-01",,,,,626.558055033859,3277.88103012577,,,,,,,
"1940-05-01",,,,,710.558998256213,3308.68140071739,,,,,,,
"1940-06-01",,,,,762.00125990752,3333.26677514625,,,,,,,
"1940-07-01",,,,,825.787744183371,3362.80219215392,,,,,,,
"1940-08-01",,,,,887.883810505634,3426.96604692159,,,,,,,
"1940-09-01",,,,,947.724862653303,3508.95198216137,,,,,,,
"1940-10-01",,,,,1013.04166714025,3611.59930074843,,,,,,,
"1940-11-01",,,,,1074.40031833061,3711.22601404592,,,,,,,
"1940-12-01",,,,,1124.43495780728,3823.27135148718,,,,,,,
"1941-01-01",,,,,1165.59755486701,3874.35041162746,,,,,,,
"1941-02-01",,,,,1216.71889677922,3952.86575809957,,,,,,,
"1941-03-01",,,,,1267.18940515725,4025.42116498782,,,,,,,
"1941-04-01",,,,,1318.47497023189,4107.10312844394,,,,,,,
"1941-05-01",,,,,1387.28348341123,4227.2783938716,,,,,,,
"1941-06-01",,,,,1421.28426376228,4296.0504054997,,,,,,,
"1941-07-01",,,,,1475.59239761184,4399.5471329524,,,,,,,
"1941-08-01",,,,,1521.97941027486,4472.5363055827,,,,,,,
"1941-09-01",,,,,1572.31263001111,4567.51179942919,,,,,,,
"1941-10-01",,,,,1633.69952768967,4685.67648051215,,,,,,,
"1941-11-01",,,,,1706.15661133096,4813.55080751202,,,,,,,
"1941-12-01",,,,,1749.59085458871,4872.97294350032,,,,,,,
"1942-01-01",,,,,1827.86028168762,4965.34001610273,,,,,,,
"1942-02-01",,,,,1920.64651779178,5081.18836280078,,,,,,,
"1942-03-01",,,,,1957.39810896485,5164.80353645618,,,,,,,
"1942-04-01",,,,,1968.31044146599,5206.76789055686,,,,,,,
"1942-05-01",,,,,2018.99013943913,5313.82921170277,,,,,,,
"1942-06-01",,,,,2075.2799830611,5435.29395233471,,,,,,,
"1942-07-01",,,,,2115.09396972014,5527.0617132075,,,,,,,
"1942-08-01",,,,,2164.95853024314,5618.16644721964,,,,,,,
"1942-09-01",,,,,2191.90975322423,5697.80223567541,,,,,,,
"1942-10-01",,,,,2254.57549925519,5809.42577981446,,,,,,,
"1942-11-01",,,,,2291.27681713747,5890.23900429976,,,,,,,
"1942-12-01",,,,,2363.4091550608,6030.28409493676,,,,,,,
"1943-01-01",,,,,2365.98287768164,6039.10038566951,,,,,,,
"1943-02-01",,,,,2442.80701895597,6143.62627946984,,,,,,,
"1943-03-01",,,,,2487.69643059534,6255.63275315513,,,,,,,
"1943-04-01",,,,,2546.55483348188,6372.27713287031,,,,,,,
"1943-05-01",,,,,2562.35047177179,6450.22703762451,,,,,,,
"1943-06-01",,,,,2543.8769830642,6452.90116238026,,,,,,,
"1943-07-01",,,,,2623.52735043899,6602.51907829512,,,,,,,
"1943-08-01",,,,,2684.37036062104,6712.8566140905,,,,,,,
"1943-09-01",,,,,2732.16512286664,6827.49873561918,,,,,,,
"1943-10-01",,,,,2754.58798272326,6893.30798910287,,,,,,,
"1943-11-01",,,,,2817.11366650457,7017.59081052839,,,,,,,
"1943-12-01",,,,,2899.8442779328,7176.99420917915,,,,,,,
"1944-01-01",,,,,2931.84887550813,7218.70618033023,,,,,,,
"1944-02-01",,,,,2905.15627367202,7292.69295561708,,,,,,,
"1944-03-01",,,,,2941.66644016219,7401.52950976503,,,,,,,
"1944-04-01",,,,,2954.51079089554,7466.92476758336,,,,,,,
"1944-05-01",,,,,3018.54591552341,7626.9190229486,,,,,,,
"1944-06-01",,,,,3108.57648116007,7787.73222745604,,,,,,,
"1944-07-01",,,,,3119.16477779186,7814.33605136438,,,,,,,
"1944-08-01",,,,,3147.40542122077,7889.6254239673,,,,,,,
"1944-09-01",,,,,3230.0719292159,8075.18164349248,,,,,,,
"1944-10-01",,,,,3259.39214801081,8145.96301687086,,,,,,,
"1944-11-01",,,,,3313.47753198462,8257.27442201618,,,,,,,
"1944-12-01",,,,,3290.53559722569,8241.16341374874,,,,,,,
"1945-01-01",,,,,3446.83394015295,8504.59780748843,,,,,,,
"1945-02-01",,,,,3489.61327096952,8542.19526918667,,,,,,,
"1945-03-01",,,,,3498.23194183386,8599.33167741654,,,,,,,
"1945-04-01",,,,,3537.08858308863,8712.50320672422,,,,,,,
"1945-05-01",,,,,3491.87061772198,8729.72502451892,,,,,,,
"1945-06-01",,,,,3315.43842667488,8629.83788650788,,,,,,,
"1945-07-01",,,,,3144.48266100986,8573.42756133795,,,,,,,
"1945-08-01",,,,,2954.21955063351,8459.78409434952,,,,,,,
"1945-09-01",,,,,2103.88371937009,7300.83816900186,,,,,,,
"1945-10-01",,,,,2200.78823327205,7347.44742656817,,,,,,,
"1945-11-01",,,,,2293.28838778392,7424.14964533638,,,,,,,
"1945-12-01",,,,,2417.26617111217,7617.12783486688,,,,,,,
"1946-01-01",,,,,2400.66540675159,7582.2079795466,,,,,,,
"1946-02-01",,,,,2489.33481615966,7685.53134393708,,,,,,,
"1946-03-01",,,,,2563.42878320889,7778.68429126759,,,,,,,
"1946-04-01",,,,,2647.79090722173,7918.90583172547,,,,,,,
"1946-05-01",,,,,2657.59061251241,7970.35680671685,,,,,,,
"1946-06-01",,,,,2725.56953022467,8104.25925482207,,,,,,,
"1946-07-01",,,,,2795.18599121303,8178.63533037413,,,,,,,
"1946-08-01",,,,,2798.62498198424,8180.49753575772,,,,,,,
"1946-09-01",,,,,2859.4744806255,8312.54639976056,,,,,,,
"1946-10-01",,,,,2875.71419830215,8334.7282392066,,,,,,,
"1946-11-01",,,,,2859.56524248546,8318.48620685644,,,,,,,
"1946-12-01",,,,,2892.85140959205,8329.23903197079,,,,,,,
"1947-01-01",,,,,2900.67061096708,8425.35120490936,,,,,,,
"1947-02-01",,,,,2947.67031309002,8502.88494966311,,,,,,,
"1947-03-01",,,,,3008.66213488483,8623.2295288303,,,,,,,
"1947-04-01",,,,,3018.30777466984,8662.13119777224,,,,,,,
"1947-05-01",,,,,3054.1912499532,8748.43990800096,,,,,,,
"1947-06-01",,,,,3052.4095296021,8759.04366942131,,,,,,,
"1947-07-01",,,,,3100.28474673574,8834.76061563061,,,,,,,
"1947-08-01",,,,,3225.74326125638,9040.1874657483,,,,,,,
"1947-09-01",,,,,3285.64637543605,9176.42491493755,,,,,,,
"1947-10-01",,,,,3257.34938059171,9136.81030656595,,,,,,,
"1947-11-01",,,,,3300.95216630534,9203.22302473564,,,,,,,
"1947-12-01",,,,,3285.24231913141,9198.084314537,,,,,,,
"1948-01-01",,,,,3365.59732707063,9361.26532289,,,,,,,
"1948-02-01",,,,,3429.07524203747,9457.76605800399,,,,,,,
"1948-03-01",,,,,3383.02934885023,9403.17172075424,,,,,,,
"1948-04-01",,,,,3384.82507369409,9439.28283192395,,,,,,,
"1948-05-01",,,,,3405.41837616166,9506.81898728784,,,,,,,
"1948-06-01",,,,,3427.63042882157,9566.56205150793,,,,,,,
"1948-07-01",,,,,3411.19517925782,9563.66277680063,,,,,,,
"1948-08-01",,,,,3366.88797966008,9541.76058605917,,,,,,,
"1948-09-01",,,,,3444.883720987,9666.23763500069,,,,,,,
"1948-10-01",,,,,3393.73377531138,9599.99979421225,,,,,,,
"1948-11-01",,,,,3403.01818048798,9647.02059904057,,,,,,,
"1948-12-01",,,,,3357.84878650125,9623.66738027225,,,,,,,
"1949-01-01",,,,,3346.77956208607,9664.2730320122,,,,,,,
"1949-02-01",,,,,3306.41884694152,9640.62217193986,,,,,,,
"1949-03-01",,,,,3310.22979005163,9668.58453944003,,,,,,,
"1949-04-01",,,,,3271.02335423716,9648.86061644813,,,,,,,
"1949-05-01",,,,,3292.34862720852,9713.66236062809,,,,,,,
"1949-06-01",,,,,3276.95849542024,9713.25615849094,,,,,,,
"1949-07-01",,,,,3278.20731341426,9751.53339778569,,,,,,,
"1949-08-01",,,,,3251.43270021213,9755.58025456544,,,,,,,
"1949-09-01",,,,,3286.22894436914,9828.50044092868,,,,,,,
"1949-10-01",,,,,3293.77806061454,9846.10675527443,,,,,,,
"1949-11-01",,,,,3294.40730393343,9885.09327191193,,,,,,,
"1949-12-01",,,,,3336.87063417189,9955.2967576804,,,,,,,
"1950-01-01",,,,,3339.63654670028,9996.99208683665,,,,,,,
"1950-02-01",,,,,3362.21363928821,10060.0796014173,,,,,,,
"1950-03-01",,,,,3368.99784082857,10085.5412019745,,,,,,,
"1950-04-01",,,,,3362.66094841984,10105.0882625872,,,,,,,
"1950-05-01",,,,,3341.62038105508,10089.0186044137,,,,,,,
"1950-06-01",,,,,3330.35654862012,10111.8908499377,,,,,,,
"1950-07-01",,,,,3308.29955442442,10116.892379332,,,,,,,
"1950-08-01",,,,,3288.67807087668,10101.2099427993,,,,,,,
"1950-09-01",,,,,3283.71362111029,10112.0437387843,,,,,,,
"1950-10-01",,,,,3252.39482121926,10073.5925539166,,,,,,,
"1950-11-01",,,,,3244.1276411082,10079.3209378408,,,,,,,
"1950-12-01",,,,,3250.10200956355,10061.9235144263,,,,,,,
"1951-01-01",,,,,3243.83659724928,10063.1481628777,,,,,,,
"1951-02-01",,,,,3256.75136474768,10084.8312695225,,,,,,,
"1951-03-01",,,,,3252.22194579902,10064.5930537074,,,,,,,
"1951-04-01",,,,,3308.39612382319,10176.676704345,,,,,,,
"1951-05-01",,,,,3362.44468484599,10267.5342381533,,,,,,,
"1951-06-01",,,,,3352.18972434082,10306.4653598678,,,,,,,
"1951-07-01",,,,,3368.24319105914,10343.113238218,,,,,,,
"1951-08-01",,,,,3400.28518527328,10439.3943623847,,,,,,,
"1951-09-01",,,,,3657.83019479856,10916.7458097026,,,,,,,
"1951-10-01",,,,,3680.86613486463,10995.1973658369,,,,,,,
"1951-11-01",,,,,3667.78312395829,11091.2511029423,,,,,,,
"1951-12-01",,,,,3608.49825999146,11073.2988238055,,,,,,,
"1952-01-01",,,,,3665.43384852443,11210.6080159183,,,,,,,
"1952-02-01",,,,,3715.29451973639,11307.2525281019,,,,,,,
"1952-03-01",,,,,3720.56453910497,11364.0810981076,,,,,,,
"1952-04-01",,,,,3735.47408828232,11466.5397538845,,,,,,,
"1952-05-01",,,,,3768.25215030868,11539.2000660365,,,,,,,
"1952-06-01",,,,,3792.36931750524,11600.3355882217,,,,,,,
"1952-07-01",,,,,3864.89878811324,11712.670562079,,,,,,,
"1952-08-01",,,,,3820.75280245324,11710.9877317391,,,,,,,
"1952-09-01",,,,,3789.73124869961,11703.2026989727,,,,,,,
"1952-10-01",,,,,3816.68044180347,11780.8304257898,,,,,,,
"1952-11-01",,,,,3803.66214465199,11819.2747608688,,,,,,,
"1952-12-01",,,,,3791.18080272161,11788.4307768615,,,,,,,
"1953-01-01",,,,,3853.22429585141,11935.7947858683,,,,,,,
"1953-02-01",,,,,3819.20430275899,11923.9668454418,,,,,,,
"1953-03-01",,,,,3831.02241227695,11988.3891345173,,,,,,,
"1953-04-01",,,,,3830.7043987369,12023.4517345722,,,,,,,
"1953-05-01",,,,,3821.64739452574,12048.3892123984,,,,,,,
"1953-06-01",,,,,3849.31832591389,12111.9886021924,,,,,,,
"1953-07-01",,,,,3890.94712528261,12227.7995363088,,,,,,,
"1953-08-01",,,,,3875.20449127843,12260.9389201196,,,,,,,
"1953-09-01",,,,,3908.85582847139,12341.9702147699,,,,,,,
"1953-10-01",,,,,3933.39874463961,12407.6974629084,,,,,,,
"1953-11-01",,,,,3946.41988116516,12476.5110281488,,,,,,,
"1953-12-01",,,,,3902.63767146151,12359.8118970013,,,,,,,
"1954-01-01",,,,,3968.96519273449,12549.8853606478,,,,,,,
"1954-02-01",,,,,3959.97003162474,12559.7018754449,,,,,,,
"1954-03-01",,,,,3998.72028856586,12672.9967606113,,,,,,,
"1954-04-01",,,,,4041.023922243,12768.7184527837,,,,,,,
"1954-05-01",,,,,4073.7274699289,12852.6006543918,,,,,,,
"1954-06-01",,,,,4129.56340086846,12961.867889719,,,,,,,
"1954-07-01",,,,,4113.8524696101,13001.2331508218,,,,,,,
"1954-08-01",,,,,4121.60077801921,13060.7796770931,,,,,,,
"1954-09-01",,,,,4130.09108050252,13116.2149954972,,,,,,,
"1954-10-01",,,,,4112.73891855697,13130.0509083445,,,,,,,
"1954-11-01",,,,,4124.11995901439,13175.6480445092,,,,,,,
"1954-12-01",,,,,4027.28395671542,12973.6138706326,,,,,,,
"1955-01-01",,,,,4051.81019901558,13122.3025980222,,,,,,,
"1955-02-01",,,,,4046.65541329247,13231.0883717413,,,,,,,
"1955-03-01",,,,,4002.75904889081,13215.4038457276,,,,,,,
"1955-04-01",,,,,3930.3083998482,13121.9106059115,,,,,,,
"1955-05-01",,,,,3898.83096009994,13109.8597243307,,,,,,,
"1955-06-01",,,,,3817.66030892275,13064.2917766951,,,,,,,
"1955-07-01",,,,,3782.81587616712,13038.303177575,,,,,,,
"1955-08-01",,,,,3788.5321312358,13103.7599873823,,,,,,,
"1955-09-01",,,,,3828.34742054745,13177.9103418695,,,,,,,
"1955-10-01",,,,,3807.56884685669,13171.3931994766,,,,,,,
"1955-11-01",,,,,3828.10729593004,13244.1001395379,,,,,,,
"1955-12-01",,,,,3927.34986447434,13382.2836133947,,,,,,,
"1956-01-01",,,,,3827.87186416687,13285.9431280261,,,,,,,
"1956-02-01",,,,,3836.86707441251,13317.6721043808,,,,,,,
"1956-03-01",,,,,3885.88479830799,13437.9819819424,,,,,,,
"1956-04-01",,,,,3830.21649782374,13402.3434689987,,,,,,,
"1956-05-01",,,,,3848.75423943436,13459.3966964561,,,,,,,
"1956-06-01",,,,,3800.82065197547,13434.2145356928,,,,,,,
"1956-07-01",,,,,3888.88753436147,13618.818735583,,,,,,,
"1956-08-01",,,,,3863.73545133629,13598.3579667314,,,,,,,
"1956-09-01",,,,,3867.80094530194,13729.3204054297,,,,,,,
"1956-10-01",,,,,3820.79559257288,13733.1475114373,,,,,,,
"1956-11-01",,,,,3904.47765353637,13868.2093301742,,,,,,,
"1956-12-01",,,,,3946.80026049512,14006.6892428716,,,,,,,
"1957-01-01",,,,,4020.85427481837,14136.2689506385,,,,,,,7.14286000614286
"1957-02-01",,,,,4050.19126997913,14190.3992930192,,,,,,,7.14286000614286
"1957-03-01",,,,,4038.83277900829,14175.2993249538,,,,,,,7.14286000614286
"1957-04-01",,,,,4156.54047035582,14401.1529154607,,,,,,,7.14286000614286
"1957-05-01",,,,,4072.78324047392,14317.5046494038,,,,,,,7.14286000614286
"1957-06-01",,,,,4091.45150617728,14373.7215280862,,,,,,,7.14286000614286
"1957-07-01",,,,,4072.01237103028,14383.1951316921,,,,,,,7.14286000614286
"1957-08-01",,,,,4073.77042156077,14452.6807180556,,,,,,,7.14286000614286
"1957-09-01",,,,,3945.05277640748,14280.954414096,,,,,,,7.14286000614286
"1957-10-01",,,,,4042.47965806812,14476.0527328513,,,,,,,7.14286000614286
"1957-11-01",,,,,4009.43342805105,14464.6834302046,,,,,,,7.14286000614286
"1957-12-01",,,,,3997.00360696686,14522.5259143521,,,,,,,7.14286000614286
"1958-01-01",,,,,4084.7219745374,14653.9738245952,,,,,,,7.14286000614286
"1958-02-01",,,,,4074.95099222433,14668.0129457569,,,,,,,7.14286000614286
"1958-03-01",,,,,3935.35097911988,14463.1043086522,,,,,,,7.14286000614286
"1958-04-01",,,,,3968.84994682032,14530.390767759,,,,,,,7.14286000614286
"1958-05-01",,,,,4031.00474197483,14662.1570571027,,,,,,,7.14286000614286
"1958-06-01",,,,,4066.70836059598,14740.4951691606,,,,,,,7.14286000614286
"1958-07-01",,,,,4051.2935414376,14723.5438288274,,,,,,,7.14286000614286
"1958-08-01",,,,,4055.90095149286,14754.1193609685,,,,,,,7.14286000614286
"1958-09-01",,,,,4095.72221859114,14715.3472524634,,,,,,,7.14286000614286
"1958-10-01",,,,,4093.9767107431,14790.6674968949,,,,,,,7.14286000614286
"1958-11-01",,,,,4081.34513025624,14816.0760720955,,,,,,,7.14286000614286
"1958-12-01",,,,,4160.1801663627,14952.0523945452,,,,,,,7.14286000614286
"1959-01-01",,,,,4090.80644151324,14879.3622141582,,,,,,,7.14286000614286
"1959-02-01",,,,,4119.87702182162,14966.2587106594,,,,,,,7.14286000614286
"1959-03-01",,,,,4210.56110671664,15102.8359351463,,,,,,,7.14286000614286
"1959-04-01",,,,,4231.53323297453,15176.2448724453,,,,,,,7.14286000614286
"1959-05-01",,,,,4225.24583728386,15234.8104277984,,,,,,,7.14286000614286
"1959-06-01",,,,,4267.07266265418,15307.0922801141,,,,,,,7.14286000614286
"1959-07-01",,,,,4256.22749074491,15336.1012645635,,,,,,,7.14286000614286
"1959-08-01",,,,,4321.85340106851,15475.9154817089,,,,,,,7.14286000614286
"1959-09-01",,,,,4236.41973799881,15458.8552196749,,,,,,,7.14286000614286
"1959-10-01",,,,,4293.60543143146,15587.6419008213,,,,,,,7.14286000614286
"1959-11-01",,,,,4302.76250071598,15626.3695235576,,,,,,,7.14286000614286
"1959-12-01",,,,,4326.59659843815,15679.8755298595,,,,,,,7.14286000614286
"1960-01-01",,,,,4152.95910856262,15463.4407805354,,,,,,,7.14286000614286
"1960-02-01",,,,,4191.783789232,15551.123663019,,,,,,,7.14286000614286
"1960-03-01",,,,,4139.82183429198,15567.0901675917,,,,,,,7.14286000614286
"1960-04-01",,,,,4154.8594388103,15651.5869384113,,,,,,,7.14286000614286
"1960-05-01",,,,,4125.02630914109,15638.6702817543,,,,,,,7.14286000614286
"1960-06-01",,,,,4169.99374229621,15786.9471741518,,,,,,,7.14286000614286
"1960-07-01",,,,,4173.60434245388,15862.5514813916,,,,,,,7.14286000614286
"1960-08-01",,,,,4200.41358779128,15954.3953689861,,,,,,,7.14286000614286
"1960-09-01",,,,,4239.96489417731,16092.7650276734,,,,,,,7.14286000614286
"1960-10-01",,,,,4247.39973770531,16203.1524569964,,,,,,,7.14286000614286
"1960-11-01",,,,,4357.05407407663,16450.8954878491,,,,,,,7.14286000614286
"1960-12-01",,,,,4292.94924512923,16393.0055330156,,,,,,,7.14286000614286
"1961-01-01",,,,,4287.35656288627,16468.0853015532,,,,,,,7.14286000614286
"1961-02-01",,,,,4281.98033976382,16584.4456509057,,,,,,,7.14286000614286
"1961-03-01",,,,,4278.50270865947,16630.9770918547,,,,,,,7.14286000614286
"1961-04-01",,,,,4297.12569061871,16726.0616323875,,,,,,,7.14286000614286
"1961-05-01",,,,,4300.14355875421,16728.6496866056,,,,,,,7.14286000614286
"1961-06-01",,,,,4310.44863753813,16811.6253935903,,,,,,,7.14286000614286
"1961-07-01",,,,,4320.00208308251,16881.968883843,,,,,,,7.14286000614286
"1961-08-01",,,,,4289.71173037066,16868.5949865853,,,,,,,7.14286000614286
"1961-09-01",,,,,4329.32722356227,16974.1305886638,,,,,,,7.14286000614286
"1961-10-01",,,,,4345.89092394941,16980.9495272431,,,,,,,7.14286000614286
"1961-11-01",,,,,4340.0669406691,17043.2666833222,,,,,,,7.14286000614286
"1961-12-01",,,,,4455.07338851101,17271.9759571172,,,,,,,7.14286000614286
"1962-01-01",,,,,4501.08950741893,17453.9883886282,,,,,,,7.14286000614286
"1962-02-01",,,,,4518.08782470851,17512.1011417078,,,,,,,7.14286000614286
"1962-03-01",,,,,4472.63855066624,17535.0136898731,,,,,,,7.14286000614286
"1962-04-01",,,,,4629.95622588425,17873.6024703418,,,,,,,7.14286000614286
"1962-05-01",,,,,4603.60922189121,17869.7558928562,,,,,,,7.14286000614286
"1962-06-01",,,,,4608.16450672175,17934.3245603348,,,,,,,7.14286000614286
"1962-07-01",,,,,4659.87496065942,18056.3824341957,,,,,,,7.14286000614286
"1962-08-01",,,,,4686.28704467494,18157.0620833303,,,,,,,7.14286000614286
"1962-09-01",,,,,4707.7133099952,18264.0208795458,,,,,,,7.14286000614286
"1962-10-01",,,,,4774.74133836434,18420.5650570734,,,,,,,7.14286000614286
"1962-11-01",,,,,4741.8783176891,18422.2656443255,,,,,,,7.14286000614286
"1962-12-01",,,,,4762.23693590346,18547.3280996454,,,,,,,7.14286000614286
"1963-01-01",,,,,4738.95151651455,18546.8146604651,,,,,,,7.14286000614286
"1963-02-01",,,,,4768.10979633322,18602.7780157977,,,,,,,7.14286000614286
"1963-03-01",,,,,4785.77573635792,18718.8577123963,,,,,,,7.14286000614286
"1963-04-01",,,,,4827.97767203343,18834.9403123987,,,,,,,7.14286000614286
"1963-05-01",,,,,4814.91862920847,18931.1013072459,,,,,,,7.14286000614286
"1963-06-01",,,,,4825.60304888736,19027.7333326632,,,,,,,7.14286000614286
"1963-07-01",,,,,4826.9065717141,19095.5794606828,,,,,,,7.14286000614286
"1963-08-01",,,,,4872.37869020543,19252.4955643414,,,,,,,7.14286000614286
"1963-09-01",,,,,4895.13444619433,19336.561022656,,,,,,,7.14286000614286
"1963-10-01",,,,,4912.76558239984,19448.3714799923,,,,,,,7.14286000614286
"1963-11-01",,,,,4943.35715223581,19617.6570979735,,,,,,,7.14286000614286
"1963-12-01",,,,,4967.99478024764,19722.7135125223,,,,,,,7.14286000614286
"1964-01-01",,,,,5006.26098885867,19864.9240539225,,,,,,,7.14286000614286
"1964-02-01",,,,,5002.24699070626,19892.9493878855,,,,,,,7.14286000614286
"1964-03-01",,,,,5124.37932971776,20230.3930504369,,,,,,,7.14286000614286
"1964-04-01",,,,,5084.10278090517,20350.0131178874,,,,,,,7.14286000614286
"1964-05-01",,,,,5159.15593822066,20525.5023535218,,,,,,,7.14286000614286
"1964-06-01",,,,,5089.39899981385,20506.1318994317,,,,,,,7.14286000614286
"1964-07-01",,,,,5205.4411231196,20714.3375569434,,,,,,,7.14286000614286
"1964-08-01",,,,,5220.3888662555,20775.2250555382,,,,,,,7.14286000614286
"1964-09-01",,,,,5317.98771661096,21008.8996229345,,,,,,,7.14286000614286
"1964-10-01",,,,,5265.46991578495,21160.0842997231,,,,,,,7.14286000614286
"1964-11-01",,,,,5282.88877471458,21314.7230517143,,,,,,,7.14286000614286
"1964-12-01",,,,,5249.85467113529,21249.9825583066,,,,,,,7.14286000614286
"1965-01-01",,,,,5383.2501920909,21595.8041625343,,,,,,,7.14286000614286
"1965-02-01",,,,,5430.38578595906,21763.9938869018,,,,,,,7.14286000614286
"1965-03-01",,,,,5467.73032832653,21939.2548455119,,,,,,,7.14286000614286
"1965-04-01",,,,,5516.04413624454,22041.931743887,,,,,,,7.14286000614286
"1965-05-01",,,,,5513.46091248857,22202.7173894471,,,,,,,7.14286000614286
"1965-06-01",,,,,5586.66911246506,22475.4858823707,,,,,,,7.14286000614286
"1965-07-01",,,,,5671.66404310359,22643.9799460456,,,,,,,7.14286000614286
"1965-08-01",,,,,5701.58291508221,22826.3417108563,,,,,,,7.14286000614286
"1965-09-01",,,,,5674.70385430949,22904.6839070094,,,,,,,7.14286000614286
"1965-10-01",,,,,5638.08038094325,23008.9797582548,,,,,,,7.14286000614286
"1965-11-01",,,,,5763.07640963564,23229.5743534959,,,,,,,7.14286000614286
"1965-12-01",,,,,5808.70143125628,23455.1877359915,,,,,,,7.14286000614286
"1966-01-01",,,,,5851.06017967343,23691.418614937,,,,,,,7.14286000614286
"1966-02-01",,,,,5882.92994991757,23869.1720396357,,,,,,,7.14286000614286
"1966-03-01",,,,,5839.19290848963,23809.460622567,,,,,,,7.14286000614286
"1966-04-01",,,,,5828.37042185925,23932.5379228062,,,,,,,7.14286000614286
"1966-05-01",,,,,5986.01531146651,24240.7104516433,,,,,,,7.14286000614286
"1966-06-01",,,,,5967.3555007188,24284.7792220198,,,,,,,7.14286000614286
"1966-07-01",,,,,5984.58816449663,24494.4519725535,,,,,,,7.14286000614286
"1966-08-01",,,,,6098.65504145453,24805.6495336642,,,,,,,7.14286000614286
"1966-09-01",,,,,6178.13070216907,24939.8639576376,,,,,,,7.14286000614286
"1966-10-01",,,,,6238.62554333859,25084.7590577722,,,,,,,7.14286000614286
"1966-11-01",,,,,6235.91617214734,25219.4199187201,,,,,,,7.14286000614286
"1966-12-01",,,,,6271.57713613385,25417.8572047403,,,,,,,7.14286000614286
"1967-01-01",,,,,6161.78872885513,25435.2509330892,,,,,,,7.14286000614286
"1967-02-01",,,,,6395.64385041959,25862.436732884,,,,,,,7.14286000614286
"1967-03-01",,,,,6401.26887941172,25979.1596677692,,,,,,,7.14286000614286
"1967-04-01",,,,,6283.69825964743,25998.7474171229,,,,,,,7.14286000614286
"1967-05-01",,,,,6393.2640218581,26289.9519159159,,,,,,,7.14286000614286
"1967-06-01",,,,,6487.00989864487,26590.108957548,,,,,,,7.14286000614286
"1967-07-01",,,,,6482.03137604825,26712.5410412232,,,,,,,7.14286000614286
"1967-08-01",,,,,6485.80590570739,26987.6144026264,,,,,,,7.14286000614286
"1967-09-01",,,,,6557.84066390681,27247.7963519854,,,,,,,7.14286000614286
"1967-10-01",,,,,6615.86445321,27478.1618737251,,,,,,,7.14286000614286
"1967-11-01",,,,,6736.50980187954,27857.6605462887,,,,,,,7.14286000614286
"1967-12-01",,,,,6687.93479283938,27695.9410973931,,,,,,,7.14286000614286
"1968-01-01",,,,,6731.17978743117,27770.8503322037,,,,,,,7.14286000614286
"1968-02-01",,,,,6689.18874373596,27856.7610958638,,,,,,,7.14286000614286
"1968-03-01",,,,,6769.44330675956,28140.297463402,,,,,,,7.14286000614286
"1968-04-01",,,,,6913.27019530285,28544.4367689928,,,,,,,7.14286000614286
"1968-05-01",,,,,6945.92404106978,28736.6151545917,,,,,,,7.14286000614286
"1968-06-01",,,,,6879.70841924528,28794.2788260551,,,,,,,7.14286000614286
"1968-07-01",,,,,7058.14173418102,29236.1390714055,,,,,,,7.14286000614286
"1968-08-01",,,,,7155.169225588,29478.2161256726,,,,,,,7.14286000614286
"1968-09-01",,,,,7181.09706761358,29783.9972621117,,,,,,,7.14286000614286
"1968-10-01",,,,,7280.51524302085,30213.9196437749,,,,,,,7.14286000614286
"1968-11-01",,,,,7128.70094826393,30387.7745045943,,,,,,,7.14286000614286
"1968-12-01",,,,,7621.57149896745,30825.7166902351,,,,,,,7.14286000614286
"1969-01-01",,,,,7504.2715364672,31124.616861682,,,,,,,7.14286000614286
"1969-02-01",,,,,7649.21199541947,31441.0683174135,,,,,,,7.14286000614286
"1969-03-01",,,,,7640.55570123699,31614.48606195,,,,,,,7.14286000614286
"1969-04-01",,,,,7730.45104466373,31883.1758549849,,,,,,,7.14286000614286
"1969-05-01",,,,,7667.32405640627,31961.1101519139,,,,,,,7.14286000614286
"1969-06-01",,,,,7797.8342247537,32323.3843772465,,,,,,,7.14286000614286
"1969-07-01",,,,,7821.21985177549,32426.3841497779,,,,,,,7.14286000614286
"1969-08-01",,,,,7936.60402192059,32750.9284717875,,,,,,,7.14286000614286
"1969-09-01",,,,,8348.48974147065,33486.9200654846,,,,,,,7.14286000614286
"1969-10-01",,,,,8128.41463295843,33409.6825280191,,,,,,,7.14286000614286
"1969-11-01",,,,,8071.20382474423,33594.5132229849,,,,,,,7.14286000614286
"1969-12-01",,,,,8282.73516877195,33641.4575152446,,,,,,,7.14286000614286
"1970-01-01",,,,,8304.72887228742,33821.7571281968,,,,,,,7.14286000614286
"1970-02-01",,,,,8380.36100527369,34058.2945928357,,,,,,,7.14286000614286
"1970-03-01",,,,,8561.67238027048,34860.5386049969,,,,,,,7.14286000614286
"1970-04-01",,,,,8585.94788571516,35017.8193189281,,,,,,,7.14286000614286
"1970-05-01",,,,,8822.5593318935,35746.3207669455,,,,,,,7.14286000614286
"1970-06-01",,,,,8956.97453978804,36138.1470119594,,,,,,,7.14286000614286
"1970-07-01",,,,,9038.45083078782,36561.9487265859,,,,,,,7.14286000614286
"1970-08-01",,,,,9045.81259506566,36781.3177401982,,,,,,,7.14286000614286
"1970-09-01",,,,,9220.07346459053,37397.430077462,,,,,,,7.14286000614286
"1970-10-01",,,,,9253.25534834938,37685.716762003,,,,,,,7.14286000614286
"1970-11-01",,,,,9567.46963875582,38394.7174245673,,,,,,,7.14286000614286
"1970-12-01",,,,,9359.88656170721,38515.7795571764,,,,,,,7.14286000614286
"1971-01-01",,,,,9732.44403955387,40094.6142588172,,,,,,,7.14286000614286
"1971-02-01",,,,,9746.71752075226,39518.995926875,,,,,,,7.14286000614286
"1971-03-01",,,,,9869.41494359063,40000.2190053052,,,,,,,7.14286000614286
"1971-04-01",,,,,9988.86225235945,40361.0289413391,,,,,,,7.14286000614286
"1971-05-01",,,,,10077.4985993715,40695.7632463365,,,,,,,7.14286000614286
"1971-06-01",,,,,10234.00317601,41121.9396065485,,,,,,,7.14286000614286
"1971-07-01",,,,,10248.6032593197,41343.2460225718,,,,,,,7.14286000614286
"1971-08-01",,,,,10467.7135927122,41916.9915938938,,,,,,,7.142859999
"1971-09-01",,,,,10236.5457572836,41719.9506297557,,,,,,,6.89940665150403
"1971-10-01",,,,,10519.1258566671,42742.1878733721,,,,,,,6.84978423226589
"1971-11-01",,,,,10825.8751388668,43543.6319317232,,,,,,,6.85965153017284
"1971-12-01",,,,,10402.3440961258,43039.5674016175,,,,,,,6.91914319366957
"1972-01-01",,,,,10745.1175793837,43940.7943897874,,,,,,,6.70555890878465
"1972-02-01",,,,,10840.1509068216,44238.0306956742,,,,,,,6.65380264865618
"1972-03-01",,,,,10971.7533898951,44783.8843128942,,,,,,,6.59587098519859
"1972-04-01",,,,,11158.9974040714,45151.6628462247,,,,,,,6.60022440806549
"1972-05-01",,,,,11151.223270956,45457.6963457349,,,,,,,6.57289338810128
"1972-06-01",,,,,11143.5822557671,45572.7604200334,,,,,,,6.53466640570703
"1972-07-01",,,,,11443.2540282553,46290.8211538216,,,,,,,6.50745103185446
"1972-08-01",,,,,11462.3297140758,46594.1118417558,,,,,,,6.52103032321624
"1972-09-01",,,,,11539.0549656574,46726.788560597,,,,,,,6.57505424462983
"1972-10-01",,,,,11571.5371131177,47047.5627004052,,,,,,,6.60458358144142
"1972-11-01",,,,,11791.3991460982,47670.286869143,,,,,,,6.60327522494739
"1972-12-01",,,,,11951.1218709756,48166.3847802997,,,,,,,6.58457891661188
"1973-01-01",,,,,11860.1655784188,48511.466469532,,,,,,,6.618999999
"1973-02-01",,,,,12105.968392084,49184.4924432103,,,,,,,6.234999999
"1973-03-01",,,,,12112.1423540863,49570.5053741745,,,,,,,5.918999999
"1973-04-01",,,,,12483.8486774316,50502.5760171566,,,,,,,5.922999999
"1973-05-01",,,,,12456.2798447798,50915.2500920646,,,,,,,5.848999999
"1973-06-01",,,,,12434.6494970002,51476.6283962506,,,,,,,5.520999999
"1973-07-01",,,,,12621.8744137089,51927.2904883127,,,,,,,5.285999999
"1973-08-01",,,,,12614.3350754444,52106.0416746338,,,,,,,5.520999999
"1973-09-01",,,,,12861.001832058,52486.6986409979,,,,,,,5.548999999
"1973-10-01",,,,,12642.0770115141,52393.4994410806,,,,,,,5.481999999
"1973-11-01",,,,,12875.8583728649,53198.505129723,,,,,,,5.620999999
"1973-12-01",,,,,13338.012632142,53996.3121157667,,,,,,,5.664999999
"1974-01-01",,,,,13260.4614842215,54466.0638371847,,,,,,,5.978999999
"1974-02-01",,,,,13521.341070082,55187.3238332881,,,,,,,5.785999999
"1974-03-01",,,,,13403.5946863129,55157.9482237304,,,,,,,5.659999999
"1974-04-01",,,,,13476.1504390098,55668.7889276707,,,,,,,5.504999999
"1974-05-01",,,,,13693.3628724661,56100.1476457597,,,,,,,5.334999999
"1974-06-01",,,,,13810.4356690343,56445.0160644467,,,,,,,5.440999999
"1974-07-01",,,,,13932.0799217061,56867.8647909709,,,,,,,5.413999999
"1974-08-01",,,,,14132.0191362962,57554.7848607768,,,,,,,5.489999999
"1974-09-01",,,,,14354.2324603896,58356.6746627857,,,,,,,5.567999999
"1974-10-01",,,,,14803.2207266884,59235.0715996395,,,,,,,5.519999999
"1974-11-01",,,,,14959.9498755248,59677.4312758672,,,,,,,5.450999999
"1974-12-01",,,,,15099.8227160208,59973.4944191149,,,,,,,5.327499999
"1975-01-01",,,,,15340.5493349225,60248.4715328649,,,,,,,5.108399999
"1975-02-01",,,,,16011.744740427,61338.9383563464,,,,,,,5.013099999
"1975-03-01",,,,,15884.577187617,61820.2826265209,,,,,,,4.911199999
"1975-04-01",,,,,16023.9448254153,61738.3957623783,,,,,,,4.989499999
"1975-05-01",,,,,16277.1029239973,62813.0394815372,,,,,,,4.950599999
"1975-06-01",,,,,16817.3865464146,64305.8129757705,,,,,,,4.901699999
"1975-07-01",,,,,16891.6149191046,65003.5066512802,,,,,,,5.188599999
"1975-08-01",,,,,17357.1458571494,66170.7667826928,,,,,,,5.461799999
"1975-09-01",,,,,17580.5591627751,67274.7964749835,,,,,,,5.600099999
"1975-10-01",,,,,17657.0603621435,67674.8463453055,,,,,,,5.526199999
"1975-11-01",,,,,17997.3171590654,68572.8028322987,,,,,,,5.513299999
"1975-12-01",,,,,17996.7569385689,68708.8658137946,,,,,,,5.558799999
"1976-01-01",,,,,18786.2569294113,70187.4773581103,,,,,,,5.556299999
"1976-02-01",,,,,19307.8156423824,70993.2546168025,,,,,,,5.522999999
"1976-03-01",,,,,19136.8774111847,71538.3059830164,,,,,,,5.546699999
"1976-04-01",,,,,19677.0023516032,73009.0120045894,,,,,,,5.494599999
"1976-05-01",,,,,19869.8466045289,74007.126049328,,,,,,,5.489099999
"1976-06-01",,,,,20173.7458513392,74951.653303012,,,,,,,5.548799999
"1976-07-01",,,,,20385.949127258,76048.0101700718,,,,,,,5.584299999
"1976-08-01",,,,,20412.6322825297,76662.7007077979,,,,,,,5.507299999
"1976-09-01",,,,,20558.662229308,77034.2109000568,,,,,,,5.431699999
"1976-10-01",,,,,21090.9061380466,78554.8464008504,,,,,,,5.317399999
"1976-11-01",,,,,21085.062551593,79401.7170029092,,,,,,,5.267999999
"1976-12-01",,,,,21124.3067438883,80719.3679692561,,,,,,,5.210999999
"1977-01-01",,,,,21978.9681027853,82215.7108582783,,,,,,,5.271199999
"1977-02-01",,,,,22053.5678654483,82965.4319624225,,,,,,,5.286899999
"1977-03-01",,,,,23446.6936703333,85606.7965582325,,,,,,,5.251699999
"1977-04-01",,,,,22764.6106103152,85704.9791888594,,,,,,,5.283099999
"1977-05-01",,,,,22698.8055855803,86034.5370123542,,,,,,,5.272599999
"1977-06-01",,,,,23234.0552977694,88109.0239883314,,,,,,,5.286299999
"1977-07-01",,,,,23309.2446035857,89171.9202417703,,,,,,,5.257999999
"1977-08-01",,,,,23675.5752601724,90703.7710612914,,,,,,,5.300799999
"1977-09-01",,,,,23774.8353609105,91606.7941512974,,,,,,,5.485399999
"1977-10-01",,,,,24111.3525872245,93347.5976616716,,,,,,,5.485499999
"1977-11-01",,,,,24054.6276443572,93240.1239757701,,,,,,,5.452699999
"1977-12-01",,,,,24320.3528340002,94580.1023061633,,,,,,,5.247799999
"1978-01-01",,,,,24582.6880327489,95296.4455677544,,,,,,,5.148899999
"1978-02-01",,,,,24357.3470600654,95411.5224804857,,,,,,,5.265499999
"1978-03-01",,,,,24872.2418262476,96985.1214900127,,,,,,,5.323799999
"1978-04-01",,,,,24184.8039971948,97011.2164588638,,,,,,,5.363999999
"1978-05-01",,,,,25170.8495474702,99249.3375592804,,,,,,,5.449199999
"1978-06-01",,,,,24748.2729686481,98866.6414783505,,,,,,,5.403299999
"1978-07-01",,,,,25226.6005658278,100032.287979301,,,,,,,5.394199999
"1978-08-01",,,,,25309.4881383816,101018.668338688,,,,,,,5.255499999
"1978-09-01",,,,,25371.3617864836,101622.434452429,,,,,,,5.213599999
"1978-10-01",,,,,25835.0443265675,103035.994458013,,,,,,,4.930299999
"1978-11-01",,,,,26164.2213852509,104641.635020371,,,,,,,5.062499999
"1978-12-01",,,,,26323.2524228374,105224.90499234,,,,,,,5.096199999
"1979-01-01",20073.6832701948,19.6021637694889,25.3,,26159.2526249381,105940.928387539,,,,9,,,5.064999999
"1979-02-01",21184.1289840364,20.5598521045731,25.4,,26410.4855676917,107257.082684368,,,,8.7,,,5.094699999
"1979-03-01",21813.1877457686,21.0107070046511,25.5,,26487.8279597282,108111.197290932,,,,9.3,,,5.097499999
"1979-04-01",21887.8285739518,20.9428242080362,25.6,,27198.5647323487,110475.775588251,,,,9.4,,,5.141999999
"1979-05-01",22099.2572029089,20.980200426594,25.7,,26885.2215004624,109995.866424958,,,,8.9,,,5.188199999
"1979-06-01",22148.9142231391,21.0310333092689,25.8,,27480.0032282311,112009.463340511,,,,9,,,5.157299999
"1979-07-01",22610.0336186625,21.3483611002433,26,,28118.2166302137,113408.038193657,,,,8.9,,,5.042399999
"1979-08-01",22937.2889364566,21.4643660871573,26,,28217.0078869794,114039.95320543,,,,10.5,,,5.030399999
"1979-09-01",23360.677444881,21.6929680490064,26.1,,29068.7083554237,116136.467134154,,,,13,,,4.983099999
"1979-10-01",23197.6652257873,21.8419003407737,26.3,,28328.9860567646,116956.837067352,,,,15.6,,,4.967699999
"1979-11-01",23846.2765872033,22.1470508112237,26.5,,28868.8792711242,118466.684099231,,,,13.6,,,5.022999999
"1979-12-01",23909.0581870094,22.0459398048757,26.5,,28691.3945459275,119050.196451113,,,,12.7,,,4.977499999
"1980-01-01",25014.9260335534,22.4940259340965,26.9,,28905.0950871432,119833.339417916,,,,11.8,,,4.910899999
"1980-02-01",25941.1317863772,23.0291628582984,27.4,,28876.8609917347,120484.649491542,,,,12.1,,,4.882399999
"1980-03-01",25996.9421800693,23.3044775455114,27.8,,29687.1292400702,121913.366554233,,,,14.2,,,5.046999999
"1980-04-01",25912.2533272753,23.4294218895521,28,,29196.3598268459,122608.457147794,,,,14.4,,,5.058899999
"1980-05-01",26004.3338031688,23.6481159358048,28.3,,30613.9074914224,124993.857135863,,,,12.7,,,4.911899999
"1980-06-01",26523.4128695557,24.0292497244562,28.7,,30503.9955900681,125668.145276325,,,,10.3,,,4.856699999
"1980-07-01",25539.632283099,23.8684411716809,29,,30447.4346138316,126760.703176837,,,,10.2,,,4.818299999
"1980-08-01",26835.8764245662,24.3476535567839,29.2,,31010.0093378293,128984.455036714,,,,11.9,,,4.866899999
"1980-09-01",27148.4912923347,24.7114428777276,29.5,,31311.7495901858,129840.93723568,,,,13,,,4.838499999
"1980-10-01",27817.9337030326,25.1676776731572,29.7,,32052.451152114,131411.819146386,,,,11.7,,,4.895399999
"1980-11-01",27833.2828984306,25.2244767998711,29.9,,31482.8548706537,133228.974819248,,,,12.7,,,5.014999999
"1980-12-01",27710.7833985367,25.0208047057782,30.1,,32714.4881179743,134857.091479092,,,,11.8,,,5.168799999
"1981-01-01",28388.6891990448,25.4023249513365,31,,33148.9154378729,137078.596655074,,,,11.4,,,5.235999999
"1981-02-01",28654.4624953644,25.4557483002883,31.3,,33679.7024338761,137705.062339307,,,,12.8,,,5.417099999
"1981-03-01",29612.8483055906,26.2205918132678,31.9,,32071.2451491148,136696.818081656,,,,12.3,,,5.397199999
"1981-04-01",30128.3172526185,26.8077233225904,32.1,,33540.5710520765,140344.101943745,,,,11.9,,,5.475699999
"1981-05-01",30749.3237521431,27.1717680318032,32.2,,33308.1208380053,140404.541459013,,,,12.7,,,5.667599999
"1981-06-01",30991.3589952384,27.5203168195657,32.6,,34286.0668826266,142290.949773192,,,,13,,,5.907599999
"1981-07-01",31618.3705454607,27.8848005640622,33.1,,34472.0402235269,143524.503396092,,,,12.8,,,6.097999999
"1981-08-01",29768.133986788,27.2475364325888,33.1,,35140.7525117912,145324.328672973,,,,13.7,,,6.183899999
"1981-09-01",31499.4954677513,27.9275216135341,33.4,,35431.1234017035,147413.878168902,,,,13.6,,,5.973599999
"1981-10-01",31149.8355833011,27.9585276747391,33.5,,35557.0158711621,147985.317511698,,,,13.9,,,5.913199999
"1981-11-01",31367.3350263972,28.0016870344479,33.6,,35329.4990747676,148931.931194777,,,,14,,,5.812999999
"1981-12-01",31085.8293903016,27.7697666344976,33.7,,35195.8578115041,149629.94165127,,,,15.4,,,5.791199999
"1982-01-01",32134.5595707567,28.5918134092533,34.8,,36373.2572729981,151750.497275635,,,11.2,13.8,,,5.862599999
"1982-02-01",31951.1863658678,28.4757014869635,35,,36034.8285054173,151350.382390039,,,12.4,14,,,5.967499999
"1982-03-01",32782.2540633756,29.1151668709443,35.6,,36909.6075293144,154789.091686871,,,14.2,15.2,,,6.023899999
"1982-04-01",33217.2847283624,29.3759439301293,35.7,,37026.765624967,155501.270234885,,,28.5,16.9,,,6.081599999
"1982-05-01",32859.8076664643,29.3797089774306,35.8,,37850.4922084869,157927.600650279,,,21.7,17.1,,,5.961999999
"1982-06-01",33426.9076051733,29.7678829511956,36.1,,38021.5396362262,158169.821226559,,,12.5,15.5,,,6.187699999
"1982-07-01",34332.9622862011,30.4583274741505,36.7,,38020.3649084286,159360.271906905,,,20.4,16.5,,,6.351699999
"1982-08-01",34202.3354067047,30.3982278379133,36.7,,38490.4628249574,159700.905499218,,,12.4,14.9,,,6.678299999
"1982-09-01",34347.7023070941,30.6913069729308,37,,39087.3687759854,161315.972552435,,,11.1,14.8,,,6.894799999
"1982-10-01",34360.6720157702,30.9782387687413,37.3,,39221.5262395924,161704.845551637,,,17.9,15.6,,,7.168299999
"1982-11-01",35231.5459572276,31.2196088241982,37.5,,39899.6227294289,162649.765366262,,,13.5,15.4,,,7.244799999
"1982-12-01",35477.782027002,31.0999316328544,37.7,,39696.6974280997,164988.43725193,,,11.6,14.7,,,7.025199999
"1983-01-01",35862.7984139779,31.163039417027,38.3,,39850.9916987974,165135.091337151,,,13.11,13.6,,,7.044499999
"1983-02-01",36302.5882440855,31.1232843727876,38.5,,41579.741966624,168052.660018823,,,11.93,13.7,,,7.112299999
"1983-03-01",36165.6133419366,31.2827981923588,38.9,,40685.0853204041,167612.416777533,,,12.66,14,,,7.172999999
"1983-04-01",37221.0930721041,31.728512540199,39,,41069.2737511177,168488.672104638,,,12.92,13.4,,,7.136599999
"1983-05-01",36699.3287257786,31.6732211615063,39.1,,41654.6152234762,169858.050950833,,,14.77,13.7,,,7.111599999
"1983-06-01",37224.5782021171,31.9226105688901,39.3,,41664.8195367608,171987.8474188,,,11.57,13.2,,,7.260999999
"1983-07-01",38012.6308314883,32.2587864829151,39.6,,42949.6561176542,175956.072882848,,,11.91,13.1,,,7.322999999
"1983-08-01",37680.8806670543,32.0502729503727,39.5,,42898.2091217066,175210.957679092,,,13.16,13,,,7.458999999
"1983-09-01",38292.4885014573,32.5897284149543,39.9,,43532.6996859044,175478.636107022,,,11.54,13.1,,,7.427499999
"1983-10-01",38632.9770060789,32.9790667182797,40.1,,43738.4628446247,177531.007253259,,,12.41,13.2,,,7.320599999
"1983-11-01",38546.6361534727,32.9229831180408,40.2,,44892.9363775711,178927.84452633,,,12.58,13,,,7.464099999
"1983-12-01",39016.3868404483,32.852142004144,40.4,,44653.9397775396,180833.408930087,,,12.74,12.6,,,7.723199999
"1984-01-01",39824.0078070549,32.721284149435,40.7,,44956.5054900893,182554.702090528,,,12.88,13,,,7.866599999
"1984-02-01",39707.7421770229,32.5503869791681,40.9,,45985.6299864966,185131.201643423,,,11.96,13.1,,,7.701499999
"1984-03-01",40656.2500159222,33.1846652520664,41.4,,45875.6937345453,186647.147864929,,,13.47,13.4,,,7.498799999
"1984-04-01",41072.9664645072,33.7123487840211,41.6,,47465.8766638057,190445.551152811,,,13.09,13.3,,,7.590999999
"1984-05-01",41925.4915909557,34.0880814677211,41.6,,47351.7893141972,191437.19757797,,,13.19,12.9,,,7.814199999
"1984-06-01",42235.541944537,34.38227111474,41.8,,48526.671723239,193586.89985855,,,12.04,12.6,,,7.8182
"1984-07-01",42796.7859893898,34.6360466970689,42,,49437.7609329811,196269.016586227,,,12,12.6,,,8.205399999
"1984-08-01",43216.9226332019,34.624198740892,42,,50106.2331342766,197723.505892216,,,12.59,12.6,,,8.298599999
"1984-09-01",43998.2913774084,34.8849935755281,42.3,,52040.6979980723,203692.51727855,,,12.09,13.3,,,8.5944
"1984-10-01",43684.3418618286,34.7289879391559,42.5,,51846.7676108377,204996.699466813,,,12.95,13.2,,,8.8695
"1984-11-01",43683.908849925,34.5185413613274,42.6,,53424.2597561028,208800.103628505,,,13.09,13.1,,,8.704299999
"1984-12-01",43684.7492882463,34.3406979471159,42.8,,56222.9942545193,217576.834061313,,,12.36,13.1,,,8.974999999
"1985-01-01",44560.5042637442,34.4215692159222,43.1,,55231.2636896872,215087.236298159,,,10.96,12.6,12.5,,9.1706
"1985-02-01",44796.8282850938,34.3128280466692,43.2,,56391.8418080744,216115.495719875,,,12.78,12.3,12.74,,9.4487
"1985-03-01",45569.667451162,34.7883394326337,43.7,,58170.0972825625,219987.255030015,,,11.34,12.6,12.81,,9.481
"1985-04-01",45270.6858329431,34.877906841572,43.9,,57225.2906238577,218612.946944426,,,13.33,12.6,12.87,,8.8991
"1985-05-01",45399.1738354119,35.069026638492,44,,59101.8837379484,222126.910224727,,,12.81,12.7,12.87,,8.964099999
"1985-06-01",45528.1403316451,35.4931566606421,44.3,,59467.6267622516,224330.479528238,,,12.77,12.5,12.92,,8.817799999
"1985-07-01",47892.7700236792,36.4668159450535,44.5,,61154.7555595124,228087.874871675,,,11.75,12.6,13.01,,8.451899999
"1985-08-01",48094.9144837027,36.4886887242052,44.3,,61460.9876460023,231408.438729022,,,12.12,12.5,13,,8.2344
"1985-09-01",48889.3154926182,37.1397102248348,44.8,,63043.1863240919,235352.130175963,,,11.9,12.5,12.99,,8.3407
"1985-10-01",49060.2411169858,37.2270160443734,44.9,,64835.9442808381,235449.168903528,,,11.3,12.5,12.97,,7.9084
"1985-11-01",48835.6271128213,36.9303913403509,45,,65020.7566925928,238953.656509094,,,11.81,12.4,13,,7.8
"1985-12-01",48505.1317701928,36.4072493115369,45.2,,66669.0568639128,247762.780508392,,,12.17,12.5,13.26,,7.6501
"1986-01-01",47998.1649076543,35.7317478139302,45.6,,64578.9998861582,243551.61444094,,,13.37,13.07,13.49,,7.55
"1986-02-01",47906.4876173278,35.243916260199,45.8,,65399.3288873358,242468.349907254,,,13.5,13.39,13.48,,7.286
"1986-03-01",48244.3474750179,35.1703454955448,46.1,,64878.4382118524,243252.059270175,,13,13.49,13.24,13.37,,7.1231
"1986-04-01",43424.0842846811,33.8490150762436,46.4,,66918.8416221934,243073.335265879,,13,14.01,13.61,13.05,,7.1548
"1986-05-01",47855.5000791798,34.9338981160947,46.5,,67683.2866595705,245052.902926697,,14,21.78,15.01,13.02,,7.4407
"1986-06-01",49330.4156361393,35.5982081720721,47.3,,69285.1492402333,246452.557269635,,14,14.4,14.26,13.27,,7.6134
"1986-07-01",48926.1354741742,35.4518728696767,47.8,,67882.9253748095,245953.108216411,,14,14.48,14.54,13.35,,7.4714
"1986-08-01",48670.8887563691,35.2683426003853,47.9,,69402.6789188988,247630.939107616,,14,14.33,14.47,13.35,,7.3536
"1986-09-01",47944.9757694567,35.6100849981924,48.6,,68104.8092242109,246171.426658292,,14,14.37,14.36,13.21,,7.3354
"1986-10-01",49923.6840587215,36.5702676304801,48.8,,69987.7970936458,250740.75954063,,14,14.51,14.73,13.12,,7.3486
"1986-11-01",50699.5059834981,36.9212246943483,49,,68781.3286368296,252349.136191843,,14,14.33,15.15,13.25,,7.5315
"1986-12-01",50986.8099577804,36.8727683252761,49.2,,68674.6441103947,253301.883969189,,14.8,17.97,16.87,13.63,,7.5284
"1987-01-01",51055.1948489962,36.8766167178969,49.9,,80640.9833087812,253758.55301008,,14.5,15.75,16.5,13.55,,7.172
"1987-02-01",50362.3046215913,36.6918232838739,50.4,,82559.5392294952,259644.659286697,,13.8,14.6,15.13,13.41,,7.0078
"1987-03-01",51166.5005294126,37.0997732971192,50.9,,84955.039499235,258280.659005749,,13.8,14.2,14.67,13.4,,6.9266
"1987-04-01",52506.3118081592,37.6063290746984,51.1,,87233.1589170146,264362.234967634,,13.8,14.35,14.58,13.38,,6.7706
"1987-05-01",53663.7993883728,38.0473452818522,51.2,,89312.3040772243,259438.479273005,,13.8,14.2,14.58,13.43,,6.6506
"1987-06-01",53078.8888034679,38.2318560959479,51.5,,90439.1742667052,265377.981106031,,13.8,14.27,14.44,13.46,,6.7124
"1987-07-01",53731.3919155728,38.6723439934175,51.6,,92459.276965346,270940.725348782,,13.8,14.13,14.26,13.43,,6.7549
"1987-08-01",51574.8146916838,38.1943852744477,51.7,,90560.6672523775,273751.332861413,,13.8,14.03,14.2,13.27,,6.7915
"1987-09-01",54575.7933927434,39.4336105244013,52.4,,90247.485341964,274140.96296314,,13.8,14.04,13.94,12.77,,6.6442
"1987-10-01",54568.6298131759,39.2502356524589,52.5,,94892.3308222991,285129.575707365,,13.8,13.73,14.04,12.95,,6.6273
"1987-11-01",54263.1505325605,39.03451770611,52.6,,96546.15499779,291394.732465968,,13.8,13.97,14.92,13.27,,6.4161
"1987-12-01",54328.2196542636,39.040311670672,52.8,,98254.5010894489,293473.91542974,,13.8,14.21,15.29,13.34,,6.3754
"1988-01-01",55189.960742461,39.6799464204332,53.5,,100541.216893231,306915.578654882,,13.8,13.85,14.61,13.38,,6.3447
"1988-02-01",55384.710168795,39.8358927207981,53.8,,100010.768490131,305719.104098289,,13.8,13.89,14.25,13.33,,6.4139
"1988-03-01",56007.329088744,40.4740255076219,54.6,,102593.649712287,310193.820359366,,13.8,13.93,14.24,13.25,,6.3364
"1988-04-01",55988.0149904576,40.411874667094,54.7,,102432.866090092,310948.313238063,,13.8,14.02,14.06,13.18,,6.2076
"1988-05-01",54889.4523691926,40.0206841387752,54.8,,100885.203174817,310257.181377536,,13.3,13.56,13.51,13.06,,6.1838
"1988-06-01",54643.5326403498,39.9844092259343,55.1,,103209.540158893,311186.935785476,,12.8,13.14,13.03,12.81,,6.3766
"1988-07-01",54592.0168836896,39.7588624734023,55.1,,106578.597981147,309475.795576141,,12.8,12.98,13.28,12.75,,6.7074
"1988-08-01",54441.6464222672,39.5355869763767,55.1,,108093.86709736,307164.393873631,,12.8,12.57,13.35,12.85,,6.8909
"1988-09-01",56510.3366940432,40.4816604767279,55.8,,108016.295408549,309547.946166064,,12.8,12.81,13.52,12.9,,6.9094
"1988-10-01",55434.6810167491,40.0532299940754,55.8,,113762.75879942,311790.006433617,,12.4,12.74,13.08,12.78,,6.7526
"1988-11-01",55466.7449007836,40.0622638019756,55.8,,117423.166653998,302579.888505639,,12.4,13.12,13.21,12.49,,6.5704
"1988-12-01",55535.5740824673,40.2036820750336,55.8,,119210.225931939,308524.827979484,,12,12.09,11.98,11.97,,6.5101
"1989-01-01",56774.6789506789,41.0923788577533,56.2,,121312.990346017,312112.647459699,,11.5,11.68,11.49,11.33,,6.6628
"1989-02-01",57075.2344573277,41.4535425133708,56.4,,122026.94244962,312155.032140203,,11,11.41,11.29,10.77,,6.7168
"1989-03-01",58764.0865919935,42.3009063753595,56.9,,122876.563680082,313589.634630015,,11,11.39,11.36,10.79,,6.7902
"1989-04-01",59229.3410791638,42.5431427443485,57.2,,125850.317911537,319153.036800539,,11,11.46,11.32,10.78,,6.7899
"1989-05-01",59111.7164830661,42.5139394897993,57.4,,133588.428906277,326052.81405678,,10.5,11.05,10.99,10.59,,7.0503
"1989-06-01",59617.9424377701,42.6905747819773,57.7,,132094.089433534,324329.230648334,,10,10.71,11.02,10.77,,7.1852
"1989-07-01",59403.8853753327,42.4843311411772,57.8,,134196.220271125,326730.19254995,,10,11.19,11.12,10.83,,6.9517
"1989-08-01",58956.4416342154,42.06406724223,57.6,,138383.6926697,333069.947183091,,10,10.61,11.21,10.83,,7.0408
"1989-09-01",59885.6729904519,42.606063133151,58.1,,137124.730738171,330222.591917153,,10,11.15,10.99,10.62,,7.123
"1989-10-01",60184.1465766039,42.7494921656595,58.2,,139529.949458843,333998.313577371,,10,11.18,11.41,10.66,,6.942
"1989-11-01",60016.5764183299,42.6130237929659,58.2,,139275.118369398,336513.291914375,,11,11.39,11.9,10.95,,6.8967
"1989-12-01",59616.2770050662,42.333877400716,58.2,,139133.512409306,335203.269396572,,11,12.42,12.45,10.99,,6.7046
"1990-01-01",59953.0241454991,42.4723614640923,58.6,,137545.595117252,336349.483169744,,11,11.52,11.95,10.72,,6.5405
"1990-02-01",60127.8277751271,42.4255301400097,58.8,,144655.308263923,340281.92616771,,11,11.28,11.55,10.57,,6.4709
"1990-03-01",60557.1480793738,42.8143388893001,59.5,,148184.379210215,343007.53548912,,11,12.62,11.96,10.7,,6.5893
"1990-04-01",59973.6695966168,42.4168520968712,59.5,,148503.376422598,343858.96476537,,11,11.97,12.31,10.94,,6.5506
"1990-05-01",61033.4046591002,42.749806034495,59.6,,149348.089842329,345554.407869264,,11,11.56,11.76,10.8,,6.4444
"1990-06-01",61990.9257442831,43.3144203879499,59.8,,152979.407760036,349970.701382588,,11,11.49,11.46,10.76,,6.4729
"1990-07-01",60099.6399478896,43.2102284594602,59.9,,151253.317225592,350096.91053468,,11,11.35,11.12,10.66,,6.3034
"1990-08-01",63360.5243754342,44.3162377013169,59.8,,152296.711546961,352330.004162378,,10.5,10.21,11.07,10.58,,6.0845
"1990-09-01",64518.8356766762,45.276476667332,60.4,,153275.481273731,353086.732930598,,10.5,10.89,10.82,10.57,,6.0741
"1990-10-01",66381.8607700749,46.2674857985896,60.9,,152685.39155649,351100.816870755,,10.5,11.44,11.35,10.61,,5.9203
"1990-11-01",66607.6175115762,46.1791394705161,60.9,,152626.193435257,350980.589712253,,10.5,11.44,11.46,10.64,,5.805
"1990-12-01",65255.5217183488,45.2610839381343,60.7,,154151.889764656,353482.68880968,,10.5,11.53,11.66,10.61,,5.861
"1991-01-01",65181.7168839235,44.7811484107629,61,,155049.591555254,357060.230090959,,10.5,11.26,11.51,10.57,,5.906
"1991-02-01",65402.7090612191,44.5375479578064,61.2,,156852.04356135,361214.311328902,,10.5,10.95,10.97,10.45,,5.787
"1991-03-01",65294.5740548574,44.5714435698551,61.6,,157234.678386168,363521.424082774,,10.2,10.51,10.71,10.4,,6.2245
"1991-04-01",65255.6547632552,44.6942239891345,61.8,,158959.511663345,362916.853003233,,9.75,10.37,10.41,10.17,,6.6237
"1991-05-01",66535.2927459997,45.0866301340732,61.9,,157980.444608154,361376.772378188,,9.5,10.74,10.11,9.89,,6.67871
"1991-06-01",66061.0524907452,44.9994469918926,62,,156187.530652466,359468.598008953,,9.5,11.63,10.23,9.77,,6.9602
"1991-07-01",65647.5415798888,44.8433992822933,62,,158006.590838807,362898.928632006,,9.5,10.27,10.41,9.75,,6.9778
"1991-08-01",64164.074321256,44.3994111914653,62,,160011.565108474,364531.990703904,,9.5,9.4,10.3,9.71,,6.8187
"1991-09-01",67956.3840988552,45.6768821917854,62.4,,162415.554110826,390437.129554144,,10,10.59,10.54,9.75,,6.6436
"1991-10-01",66282.0371693846,45.2091810904241,62.4,,161209.167635933,384179.761916272,,10,10.63,10.46,9.88,,6.6197
"1991-11-01",66081.169302411,44.9740012568348,62.4,,164377.360483879,389519.101235974,,10,9.77,10.32,9.83,,6.3776
"1991-12-01",66225.7935282044,44.6792058321936,62.4,,166740.039655877,396389.443359763,,10,11,10.8,9.79,,6.1778
"1992-01-01",66749.5978232027,44.3405065127362,62.4,,165931.225391269,396028.490461991,,10,11.29,10.62,9.52,,6.1956
"1992-02-01",66504.2036059828,44.0690425238516,62.6,,174946.671546715,401976.008596971,,10,10.35,10.53,9.32,,6.3503
"1992-03-01",67614.1985708145,44.5022889360453,63.1,,164680.539909906,392839.640057632,,10,10.12,10.36,9.34,,6.5189
"1992-04-01",67713.3479445438,44.5735834171872,63.3,,168165.060412607,397781.022836589,,10,11.08,10.35,9.38,,6.4526
"1992-05-01",67071.6614022763,44.3618796737945,63.4,,169610.826484922,401160.35477775,,10,10.61,10.41,9.37,,6.3219
"1992-06-01",67408.99065318,44.4062987792229,63.5,,166916.729926903,396779.863695203,,10,10.22,10.37,9.46,,6.1639
"1992-07-01",67616.5952541107,44.4043434771375,63.6,,169788.054030554,402686.008071082,,10,10.36,10.52,9.55,,5.8607
"1992-08-01",68062.8008912976,44.3638373924856,63.4,,174789.427286937,407748.013444989,,10,11.08,11.15,9.87,,5.7247
"1992-09-01",68560.6038545917,44.7925814910173,63.7,,167837.936486442,408860.541595621,,11,31.72,15.13,10.24,,5.7964
"1992-10-01",68471.1199532933,45.0309553486503,63.8,,171878.183344992,413302.528526267,,11,15.32,12.5,10.2,,6.03711
"1992-11-01",68380.568338021,45.0571725284537,63.8,,172932.834198951,416919.244329856,,17,10.84,14.63,9.61,,6.468
"1992-12-01",68940.3117086857,45.1156265051523,63.8,,184335.723059627,428979.803042072,,11,22.94,15.42,9.42,,6.6839
"1993-01-01",67486.2115160384,44.6283303459396,64,,177305.449330836,423529.159009086,,10,11.49,10.59,8.93,,6.8773
"1993-02-01",68692.1010710453,44.8772259189306,64.2,,177148.941999219,423730.641161302,,9.25,9.73,9.32,8.39,,6.9799
"1993-03-01",70814.6874129163,45.6590757821367,64.8,,173847.102089944,421468.292793152,,8.75,8.82,8.79,7.67,,7.0042
"1993-04-01",70581.9160114687,45.471195110293,64.9,,179106.439117532,425868.430470884,,7.75,8.87,8.35,7.4,,6.765
"1993-05-01",70553.755345581,45.3961585060072,64.9,,179698.897896376,426066.122843704,,7.5,8.21,7.32,7.12,,6.7941
"1993-06-01",69670.3286429504,45.2886759575189,65,,182687.94695848,428279.003364373,,6,7.4,6.83,6.81,,6.9812
"1993-07-01",71776.5456927727,45.9677232062785,64.9,,181012.03636178,429285.878728326,,6,6.65,6.48,6.65,,7.3077
"1993-08-01",72252.6371678791,46.0494303281598,64.8,,183605.345390744,431102.830631002,,5.5,6.53,5.96,6.16,,7.3648
"1993-09-01",72842.8171393483,46.2841548568,65.1,,185264.340824525,428198.696579742,,5.5,6.29,6.34,6.1,,7.0813
"1993-10-01",73775.3710243654,46.2345944200852,65.1,,185360.649354014,428509.788059238,,5,6.55,6.18,5.9,,7.16417
"1993-11-01",73935.4932049861,45.9822879083855,65.1,,188204.065392003,427238.153576408,,4.75,5.47,5.45,5.75,,7.39014
"1993-12-01",73019.1357706484,45.3784606582605,65,,182780.533690212,425791.625622573,,5,6.42,5.57,5.69,,7.41974
"1994-01-01",72501.6446421416,44.8701170102803,64.9,,186063.116832388,428362.304468698,,5,5.36,5.36,5.56,108.561357944532,7.484
"1994-02-01",72913.5572353604,44.8529052150805,65.1,,187587.364777488,427344.641386724,,4.75,5.15,5.09,5.55,107.930618681013,7.4942
"1994-03-01",72471.7981224981,44.7196915070535,65.4,,191357.051590063,437677.657084186,,4.75,5.37,5.25,6.11,108.923105463315,7.34911
"1994-04-01",72875.7973963091,44.7094642255737,65.5,,191639.481118468,436468.021179838,,4.75,5.47,5.46,6.59,108.505704480104,7.36513
"1994-05-01",73940.7781870022,44.9700216634408,65.5,,194965.469270831,439915.257321829,,4.75,5.54,5.15,7.23,109.117892588814,7.1833
"1994-06-01",76035.4244166886,45.7918073399812,65.7,,201362.317057544,444037.650388594,,4.75,4.98,5.43,8.08,109.971245710045,7.079
"1994-07-01",75377.4295224877,46.015882404622,65.8,,201712.066857494,443182.343998355,,4.75,5.24,5.53,7.7,111.02866153418,6.86707
"1994-08-01",73407.3573968592,45.5985698654323,65.8,,202140.561002206,444464.000465395,,4.75,5.19,5.86,8.15,110.685465170207,6.8623
"1994-09-01",76421.2130806532,46.5030785688777,66.2,,205905.00363993,447859.520309952,,4.75,5.62,6.68,8.9,110.611260550969,6.80361
"1994-10-01",76390.2604705341,46.1186551220901,66.2,,206958.935058688,445152.199012413,,4.75,5.81,6.89,8.71,111.510991559225,6.62169
"1994-11-01",76877.2599845942,46.0117171317631,66.2,,206717.904734954,448671.776478517,,4.75,6.16,7.27,8.63,110.537055931732,6.7264
"1994-12-01",78030.4795448717,46.2115374553009,66.2,,207729.999955296,447175.6915811,,4.75,6.58,6.24,8.02,110.221686299972,6.8552
"1995-01-01",77683.7985806289,46.4587613303781,66.6,,207108.48042772,445873.439143994,,4.75,5.33,5.76,8.16,111.613022910676,6.70144
"1995-02-01",79160.7787339076,46.9439386804267,66.8,,209108.0481696,451155.058705475,,4.75,5.02,5.46,8,112.188108709767,6.5942
"1995-03-01",80959.4226854635,47.5688464694592,67.2,,207055.645228323,452889.401623441,,4.75,4.99,5.39,7.98,114.377144977275,6.26911
"1995-04-01",79964.6222512069,47.1633535975383,67.2,,208699.197130695,459257.312678954,,4.75,5.66,5.36,7.75,113.421760504591,6.18806
"1995-05-01",80109.5218889107,47.0832147472693,67.3,,209870.580969458,460960.033147856,,4.75,6.35,5.67,7.47,112.540580651146,6.286
"1995-06-01",79136.8558598824,46.7771825902124,67.5,,209105.246371286,461845.786413899,,4.75,5.96,5.79,7.55,113.050737408404,6.23638
"1995-07-01",80466.1519302276,46.8089974111781,67.4,,213708.159233777,462567.705725304,,4.75,5.47,5.62,7.57,113.533067433448,6.1731
"1995-08-01",79466.3916777706,46.3376044185518,67.3,,216006.610101284,467552.386414533,,4.75,5.21,5.34,7.41,112.883777015119,6.3377
"1995-09-01",81402.4563920018,46.9975964445876,67.7,,211951.297642074,463589.749487428,,4.75,5.6,5.36,7.08,112.939430479547,6.39912
"1995-10-01",80792.1668023914,46.8251709574461,67.7,,219127.333236452,483393.821648785,,4.75,5.51,5.34,6.96,113.375382617568,6.2376
"1995-11-01",81400.3156716892,46.9225631622272,67.6,,218727.323232114,483438.648909357,,4.75,5.37,5.22,6.7,112.540580651146,6.2471
"1995-12-01",82595.5175259194,47.2708262630802,67.6,,215500.253174422,490284.586157619,,4.75,6.65,5.43,6.46,111.677951952509,6.35207
"1996-01-01",84542.5791191349,47.6195074308837,67.3,,216084.035289655,495867.214961062,,4.75,6.49,5.48,6.39,111.112141730823,6.41596
"1996-02-01",86403.6729249318,48.1381925120158,67.4,,227574.284809721,508387.929064806,,4.75,5.48,5.26,6.79,111.566645023653,6.40505
"1996-03-01",85574.7479559333,48.1102774282454,67.7,,229183.072059792,512954.615607772,,4.5,5.16,4.92,6.85,111.214173082274,6.4261
"1996-04-01",85396.8756319814,48.0775345242387,67.9,,227245.958916717,513628.323228567,,4.5,5.17,4.7,6.71,110.870976718301,6.49958
"1996-05-01",84630.5844233888,47.8277412667975,68,,227108.33958087,512589.899381505,,4.5,5.08,4.76,6.9,110.425749002875,6.57576
"1996-06-01",86747.5399446299,48.2317604449738,68.1,,226233.453726247,512189.656763699,,4.5,4.98,4.93,7.05,110.824598831277,6.53115
"1996-07-01",87948.2243114715,48.4825166647779,68.3,,228331.605087128,514966.622776901,,4.5,4.86,4.99,7.02,111.789258881365,6.3771
"1996-08-01",89324.2559334336,48.9018708963878,68.3,,226748.773312407,511003.188372829,,4.5,4.91,5.02,6.97,111.705778684723,6.4091
"1996-09-01",90504.5197550946,49.7688944838583,68.6,,224915.965905614,512151.095379933,,4.5,4.95,5.09,7.02,111.715054262128,6.45571
"1996-10-01",90561.9354413651,50.690014669662,68.9,,230969.832934909,518056.552037054,,4.5,5.03,5.04,6.75,111.974770429459,6.48439
"1996-11-01",91472.1128860331,50.8881410349413,68.8,,234683.508317573,517478.040890463,,4,4.41,4.39,6.5,112.763194508858,6.3521
"1996-12-01",91564.9516726018,50.368716181046,68.8,,245604.29098095,520901.871366149,,4,4.15,4.14,6.33,112.484927186717,6.4657
"1997-01-01",92096.9015191936,49.7236163801979,69.3,,241695.051215362,516068.086804143,,3.25,3.74,3.52,6.03,115.907615249049,6.44752
"1997-02-01",92355.099455901,49.3339278757976,69.6,,240835.549249571,512109.60655795,,3.25,3.67,3.52,5.65,116.705314905853,6.62356
"1997-03-01",91934.9990249053,49.0834768561371,69.7,,241920.721321573,514050.114736371,,3.25,3.48,3.51,5.94,115.193395788888,6.81778
"1997-04-01",94313.3044946699,49.786995735038,69.7,,243057.694286437,516245.834178685,,3.25,3.51,3.5,6.19,112.382895835266,6.96545
"1997-05-01",95210.8951296216,50.1807046409572,69.8,,243739.673520851,518674.29412766,,3.25,3.54,3.46,6.03,110.286615341805,7.0612
"1997-06-01",95479.8003757086,50.455754606781,70,,250631.304550274,524354.663100468,,3.25,3.5,3.51,5.95,108.672664873388,7.2041
"1997-07-01",96037.0801813594,50.5162709854205,69.9,,250548.451907689,528284.028371743,,3.5,3.76,4,5.95,106.993785363139,7.4315
"1997-08-01",94683.3512046672,50.2144728207026,69.8,,255975.356175723,531688.584287218,,3.5,3.75,4.04,6.06,106.687691308784,7.62864
"1997-09-01",96527.5686139734,50.9814372017527,70.2,,264269.553720725,539936.334071585,,3.5,3.7,3.94,5.89,109.6837028105,7.32129
"1997-10-01",98356.1841914163,51.5597094737564,70.3,,266452.303624158,539164.505810341,,3.5,3.82,3.97,5.75,112.188108709767,7.0753
"1997-11-01",97455.5032391293,51.1930194893708,70.4,,268690.536360338,540759.803324017,,3.5,3.75,3.95,5.72,111.779983303961,7.05437
"1997-12-01",96889.3125694545,50.4427374281558,70.4,,267539.846055622,534661.868445899,,3.5,3.69,3.87,5.5,111.854187923198,7.2501
"1998-01-01",95289.2284605617,49.3284184844138,70.7,,270992.304190125,544486.815763975,,3.5,3.85,3.82,5.33,111.251275391893,7.48753
"1998-02-01",94617.1040696649,48.7890024798361,71,,271137.25017022,548221.104169682,,3.5,3.81,3.84,5.29,110.082552638902,7.55462
"1998-03-01",95743.6674697732,49.0718587833654,71.4,,272622.467512549,548927.434175093,,3.75,4.01,4.08,5.28,109.961970132641,7.57727
"1998-04-01",97046.3030163622,49.469847181649,71.4,,271742.222065802,549921.359039337,,3.75,3.98,4.15,5.33,109.702253965309,7.5262
"1998-05-01",95717.5363061299,49.2755036062793,71.3,,279487.935908589,558726.131672213,,4.25,4.2,4.47,5.5,109.813560894166,7.4441
"1998-06-01",98426.160677508,50.2012436444258,71.5,,277000.486278286,552688.710979977,,4.5,4.65,4.82,5.47,109.581671459048,7.5715
"1998-07-01",97889.5820373574,50.3430616331462,71.5,,277410.012099464,555678.573855715,,5,5.33,5.35,5.4,109.340506446526,7.6228
"1998-08-01",94558.7688892602,49.6422634730838,71.3,,277882.115100218,555208.112189475,,8,6.41,6.74,5.47,108.079027919488,7.7111
"1998-09-01",99748.6490733827,51.2264347476511,71.9,,275967.66886741,555870.263067087,,8,8.23,8.03,5.44,107.485390965588,7.57846
"1998-10-01",98928.2377494255,51.008680848767,71.9,,270563.903718737,553895.781208624,,8,8.32,7.92,5.48,106.446526296262,7.4281
"1998-11-01",98486.2924292574,50.7764849640528,72,,271362.032614686,556468.998806306,,8,8.43,7.96,5.48,108.069752342083,7.45079
"1998-12-01",97232.4698213172,50.208463667274,72.1,,277613.259211119,559382.968012804,,8,8.83,8.24,5.33,105.648826639458,7.5887
"1999-01-01",98475.5744992186,50.158234833236,72.4,,284161.420372961,569107.76610008,,7.5,8.8,7.72,5.01,108.310917354605,7.45236
"1999-02-01",97869.2387516113,49.8243564778226,72.5,,284209.645895803,567722.80135548,,7.5,8.16,7.27,4.75,107.058714404972,7.72
"1999-03-01",98657.1867491701,50.3120245518629,73,,301677.940435213,573708.054350808,,7,7.73,6.88,4.92,108.589184676746,7.81692
"1999-04-01",98919.828916399,50.7269093873361,73.2,,307209.666755953,576435.443320399,,6.5,7.64,6.55,4.69,110.230961877377,7.7742
"1999-05-01",101378.973427746,51.538977227669,73.1,,307895.452446725,575191.714329684,,6.5,7.23,6.66,4.98,110.852425563491,7.7503
"1999-06-01",103822.197655855,52.6178034593065,73.2,,317835.888694096,587847.687822022,,6,6.99,6.48,5.45,110.648362860588,7.8701
"1999-07-01",106514.16921517,53.6641494893575,73,,326453.917886402,597837.129170657,,6,6.63,6.35,5.81,110.082552638902,7.9037
"1999-08-01",108158.189984533,54.2395593254618,72.7,,325405.062012112,599869.672934212,,6,6.56,6.09,5.97,108.886003153696,7.7908
"1999-09-01",110371.640800297,55.4819662158223,73.4,,318528.899771121,596775.360159971,,5.5,6.34,5.97,6.03,109.025136814767,7.8351
"1999-10-01",111336.381334097,56.0065447578214,73.7,,340667.750171991,612587.226032303,,5.5,5.92,6.37,6.27,109.192097208051,7.7421
"1999-11-01",114573.370523719,56.8749817585155,74,,336321.123210436,611034.321993798,,5.5,5.82,6.15,6.02,109.451813375383,7.92348
"1999-12-01",116385.248142185,57.2621859958565,74.1,,340684.001882375,620480.444384465,,5.5,5.92,5.97,6.07,109.479640107597,8.011
"2000-01-01",118174.46258974,57.8095419951871,74.5,,342236.202187842,618034.347002853,,5.5,5.84,5.88,6.36,109.84138762638,8.01291
"2000-02-01",120530.487676705,58.5393047905768,74.8,,347603.023234982,626315.647492698,,5.5,5.92,5.89,6.33,109.266301827289,8.2361
"2000-03-01",122008.049733555,59.1287122070023,74.9,,346824.472925894,632689.63241142,,5.5,5.87,6,6.14,107.837862906966,8.41112
"2000-04-01",120502.254973017,59.4783155597428,75.1,,357951.70686461,642054.227816402,,5.75,6.11,6.23,6.09,106.446526296262,8.60806
"2000-05-01",123827.161967974,60.4907263510442,75.2,,362633.236109785,645685.760695868,,5.75,6.2,6.5,6.25,104.878953714869,9.04707
"2000-06-01",124808.583059009,61.30754700307,75.6,,362823.226952022,653235.428042537,,6.25,6.45,6.72,6.09,106.34449494481,8.67879
"2000-07-01",127019.247910174,61.6905666003754,75.3,,366969.186180095,658026.629774661,,6.25,6.55,6.91,6.22,106.752620350617,8.70243
"2000-08-01",126849.794767712,62.040619930101,75.3,,368497.278518986,665593.891282945,,6.75,6.87,7.12,6.18,106.316668212596,8.95557
"2000-09-01",129849.957322114,63.543283666913,76,,376445.193928303,678795.267241284,,7,7.08,7.33,6.34,106.613486689546,9.20565
"2000-10-01",131925.688679518,64.4170109172778,76,,370150.748485469,671605.546531965,,7,7.39,7.52,6.37,106.325943790001,9.3613
"2000-11-01",131977.076489271,64.7037124229289,76.4,,379193.908675432,682360.32112923,,7,7.32,7.43,6.24,107.374084036731,9.3369
"2000-12-01",131659.234831211,63.8830155405723,76.3,,368053.945074893,683504.904187406,,7,7.62,7.42,6.01,107.1143678694,9.0662
"2001-01-01",130756.629937871,62.9559525810707,76.9,,374775.104194883,691887.072268252,,7,7.37,7.41,5.95,109.154994898432,8.77835
"2001-02-01",129784.885339149,62.5957175651198,77.5,,378297.688689807,700182.35079736,,7,7.31,7.32,5.96,109.590947036453,8.91657
"2001-03-01",131521.484722981,62.8931467483131,77.7,,374515.916410645,701812.821675723,,7,7.34,7.39,6.01,110.379371115852,8.97416
"2001-04-01",133534.57053345,63.8692311091556,78,,373104.263977814,702368.032891207,,7,7.73,7.48,6.22,110.360819961043,9.09422
"2001-05-01",132405.381405165,64.1905377581719,78.4,,382902.867960739,714288.669135932,,7,7.36,7.45,6.48,111.019385956776,9.14382
"2001-06-01",133811.048061385,64.3035829770799,78.4,,362760.685180128,713345.173564052,,7,7.37,7.42,6.59,111.232724237084,9.2987
"2001-07-01",130379.092793119,62.6017662559541,77.4,,355953.216131012,717805.333779309,,7,7.3,7.37,6.65,110.240237454782,9.26356
"2001-08-01",129491.555377289,61.9686932648545,77.3,,353142.567861861,724232.155288695,,7,7.16,7.31,6.45,110.43502458028,8.94691
"2001-09-01",131071.351829593,62.0725126963577,77.7,,370759.968724059,728064.978210678,,7,7.3,7.14,6.4,112.234486596791,8.7805
"2001-10-01",128110.67413725,61.0824283590299,77.7,,369250.794831507,731306.846802892,,7,7.31,6.94,6.1,112.123179667934,8.82863
"2001-11-01",127252.78010453,60.5473674850444,77.7,,372040.608408593,736036.944549269,,7,7.15,6.9,5.86,112.243762174195,8.91923
"2001-12-01",128588.545758221,60.6484613535148,77.9,,381671.104354655,742925.889906588,,6.5,7.11,6.59,6.17,111.687227529914,8.9552
"2002-01-01",128088.831571757,60.4839526428801,78,,388610.229893466,758912.63180391,,6.5,6.7,6.32,6.23,112.141730822744,8.9684
"2002-02-01",128918.428166104,60.6081332276584,78.1,,384222.878937316,755083.141377828,,6.5,6.76,6.57,6.35,113.421760504591,8.9484
"2002-03-01",124001.740262139,59.9841162168468,78.4,,386001.041229125,758776.234522346,,6.5,6.74,6.72,6.63,114.2287357388,8.8118
"2002-04-01",131133.690852822,61.3056873530081,78.5,,381140.196404418,759296.32077533,,6.5,6.83,6.77,6.71,115.638623504313,8.6053
"2002-05-01",130950.346609777,61.5561980732373,78.7,,385070.803818512,762008.516638987,,6.5,6.78,6.9,6.77,118.588257119006,8.192
"2002-06-01",131872.962537401,61.9080671558689,78.7,,398211.336474418,778172.628531674,,6.5,6.85,7.12,6.78,121.825433633244,7.75329
"2002-07-01",131062.417611301,61.982626585883,78.6,,392941.2293343,777019.587454167,,7,7.19,7.25,6.56,123.226045821352,7.4661
"2002-08-01",131006.831151094,61.8339537795869,78.3,,390586.540724238,776214.025899425,,7,7.23,7.26,6.31,121.862535942862,7.5977
"2002-09-01",130385.751237606,62.0371378063685,78.8,,388507.994775494,770197.167767601,,7,7.21,7.15,6.06,123.244596976162,7.50736
"2002-10-01",133211.80637603,62.4497095459874,79.1,,395693.375974394,791214.733867237,,7,7.25,7.12,6.16,123.903162971895,7.482226
"2002-11-01",132406.143773471,62.1612903524508,79.4,,392340.257619694,788508.94297688,,7,7.21,7.09,6.12,125.11826361191,7.31
"2002-12-01",131106.049850499,61.9030875245158,80,,396265.134244392,800460.721134711,,6.5,7.01,6.62,5.93,126.797143122159,7.16277
"2003-01-01",136227.001837023,63.5931385562433,81.9,,398260.126437324,804638.13982115,,6,6.59,5.99,5.68,130.590854280679,6.90904
"2003-02-01",134254.069029404,63.0459888812177,82,,397205.562286975,801907.413867256,,6,6.19,5.69,5.32,127.131063908728,7
"2003-03-01",132882.929133572,62.3826596538821,81.4,,400201.629956817,798243.296567983,,5.5,5.78,5.49,5.25,121.315276875986,7.26168
"2003-04-01",131727.439251016,62.0800986391856,80.8,,399220.38144108,801819.722825335,,5.5,5.78,5.26,5.31,120.554679528801,7.22352
"2003-05-01",132083.440791417,62.1227189364499,80.3,,403845.125153782,806182.811675912,,5,5.35,4.92,4.97,121.278174566367,6.8
"2003-06-01",133592.119957567,62.6003990486037,80.1,,404929.285399401,804283.50388636,,4,5.07,4.04,4.5,116.807346257305,7.00154
"2003-07-01",135788.208925532,63.1187782423928,79.8,,407093.409795464,810280.033923432,,4,4.25,3.45,4.9,114.173082274372,7.29
"2003-08-01",136537.972161618,63.6615827300883,80,,415803.164956971,818535.145514852,,3,3.71,3.14,5.01,114.21018458399,7.41
"2003-09-01",137879.81891285,64.317583547469,80.4,,415460.596221828,806315.578079301,,2.5,3.11,2.81,4.91,114.757443650867,7.31
"2003-10-01",137339.906522892,64.223161608974,80.4,,422712.619622064,818397.496923345,,2.5,3.02,2.86,4.94,115.054262127817,7.04
"2003-11-01",136783.772928346,64.066831156259,80.5,,422704.385380615,815641.514573346,,2.5,2.87,2.89,4.97,115.536592152862,7.00682
"2003-12-01",138998.320548762,64.1245729724741,80.5,,423681.53367226,818813.468646924,,2.25,2.84,2.64,4.78,116.222984880809,6.71
"2004-01-01",141189.391127874,63.9624495375136,80.4,,427771.324264964,821456.796307833,,2,2.52,2.26,4.54,111.984046006864,6.81
"2004-02-01",143074.680658312,64.1444826200445,80.5,,434482.026649683,824360.91900989,,2,2.34,2.01,4.29,109.581671459048,6.94
"2004-03-01",145576.928213814,64.88278972583,80.9,,436747.28446112,831238.982056355,,1.75,2.14,1.84,4.12,111.733605416937,6.97
"2004-04-01",144024.846907545,65.0130493728029,81,,438646.454641648,839987.156792417,,1.75,2.16,1.97,4.67,113.783508023374,6.92
"2004-05-01",145620.424953837,65.7325936006807,81.1,,439181.044937286,843789.550155896,,1.75,2.14,1.99,4.91,115.304702717744,6.83
"2004-06-01",151661.728138618,67.1132170912972,81.1,,446431.723350643,847767.373388368,,1.75,2.19,2.03,4.72,114.247286893609,6.83
"2004-07-01",150412.500293847,67.5236634317322,81,,449200.678107596,849111.791978679,,1.75,2.15,2.02,4.47,111.984046006864,6.91
"2004-08-01",147502.252878506,67.4780759182073,80.8,,448898.248285538,849857.469390045,,1.75,2.14,2.02,4.29,113.375382617568,6.84
"2004-09-01",153952.246827648,69.1274169578822,81.3,,452079.215932492,852496.221233716,,1.75,2.07,1.96,4.23,113.329004730544,6.84
"2004-10-01",156060.889477949,69.7765072160483,81.5,,455253.649151228,857540.157274812,,1.75,2.11,2,4.19,115.443836378815,6.6
"2004-11-01",154787.501970459,69.653627403774,81.5,,466072.613882544,886224.126598958,,1.75,2.07,1.99,4.05,117.475187830442,6.27
"2004-12-01",154258.608551592,69.3703725945794,81.4,,467463.685633434,878626.009356406,,1.75,2.06,1.99,3.94,116.566181244782,6.13
"2005-01-01",155633.990790455,69.0799829018143,81.2,,471909.722752771,881232.977972916,,1.75,2.02,1.96,3.9,116.018922177906,6.26
"2005-02-01",158709.330145256,69.4746200190065,81.3,,478109.916760335,894921.744950211,,1.75,2.01,1.92,3.77,113.653649939709,6.39
"2005-03-01",159562.679064289,70.0578175213386,81.7,,486762.233010112,909495.774669492,,1.75,2.06,2.02,4.02,115.991095445691,6.2
"2005-04-01",164147.332356589,71.309487471294,82.1,,490193.317408155,913837.7150805,,1.75,2.13,2.05,3.87,116.000371023096,6.32
"2005-05-01",164226.714216903,71.9688541246663,82.4,,496304.878484245,919315.639034478,,1.75,2.08,2.08,3.7,117.057786847231,6.37
"2005-06-01",162827.953426507,72.2352795754678,82.4,,499701.715457884,927682.220991596,,1.75,2.11,2.15,3.55,118.439847880531,6.49
"2005-07-01",164841.46530082,72.7677769588923,82.2,,512182.667409394,937537.604627111,,2,2.29,2.22,3.56,118.133753826176,6.58
"2005-08-01",169650.64187338,73.8222030808401,82.3,,517527.193081128,943337.62938358,,2,2.24,2.25,3.62,118.235785177627,6.44
"2005-09-01",173760.892825799,75.1854997271954,82.9,,531868.196207685,958676.234236919,,2,2.31,2.35,3.49,119.784806604211,6.37
"2005-10-01",172811.220586445,75.5202984629774,83,,527237.688443577,958610.258950835,,2,2.42,2.45,3.68,119.107689453668,6.52
"2005-11-01",174733.459554623,76.1014527749863,83,,542922.351490848,976069.517235374,,2.25,2.62,2.54,3.96,119.200445227715,6.64
"2005-12-01",176130.319858932,76.5728579758942,82.9,,546741.839480436,979653.940939117,,2.25,2.63,2.55,3.83,116.473425470736,6.73
"2006-01-01",178896.41924911,77.1191174045458,82.7,4.2,552609.380118056,981831.723187762,,2.25,2.55,2.52,3.65,115.527316575457,6.64
"2006-02-01",182275.587411393,78.3747313077997,83.4,4.2,563255.963735796,990411.338092242,,2.25,2.53,2.57,3.72,115.313978295149,6.75
"2006-03-01",183398.993339497,78.7707726955844,83.6,3.9,572260.82332323,1000272.71207225,,2.5,2.65,2.72,3.84,116.853724144328,6.64
"2006-04-01",184144.793388247,79.4226220213488,84.3,3.9,602237.189871439,1010829.77611131,,2.5,3.01,2.82,4.07,119.701326407569,6.38
"2006-05-01",184994.495733033,79.5206419010178,84.3,3.8,600444.82294773,1020222.35678953,,2.5,2.96,2.94,4.17,120.851498005751,6.11
"2006-06-01",185867.71087872,79.6218374427663,84.2,3.9,615465.287437223,1040613.00023269,,2.75,3.15,3.03,4.26,119.849735646044,6.22
"2006-07-01",185455.320789491,79.5149090690033,83.9,3.4,615870.418497772,1044614.31284776,,2.75,3.09,3.09,4.31,118.291438642055,6.26
"2006-08-01",186197.023308185,79.4912369747254,83.9,3.6,628215.029290575,1055008.88396845,,3,3.21,3.23,4.2,117.298951859753,6.24
"2006-09-01",189242.655902325,80.5063631844472,85.1,3.3,635809.757254051,1069311.64254335,,3,3.32,3.37,4.12,114.905852889342,6.49
"2006-10-01",187775.872790649,79.7803821603394,85.2,2.8,641552.364172247,1073918.265856,,3,3.42,3.48,4.18,112.744643354049,6.66
"2006-11-01",187503.201848385,79.3229160052215,85.1,3,656180.780312736,1092618.17373552,,3.25,3.62,3.62,4.16,114.692514609034,6.4
"2006-12-01",189119.925360965,79.1012246870618,84.7,3,672973.003746191,1112209.08347132,,3.5,3.78,3.8,4.24,115.471663111029,6.17
"2007-01-01",187869.313426912,78.3912119080449,83.7,3,683401.034720735,1123663.25576642,,3.75,3.92,3.98,4.39,112.373620257861,6.37
"2007-02-01",189648.827790753,79.1522437288516,84,2.8,689013.161883124,1141428.74701898,,3.75,4.13,4.2,4.52,115.27687598553,6.19
"2007-03-01",191534.858782335,80.0929935182799,84.5,2.8,704231.535222951,1170026.30720724,,4,4.27,4.43,4.45,115.286151562935,6.14
"2007-04-01",195751.774452603,80.7347804334574,84.5,2.7,703436.632074768,1161080.82050249,,4,4.37,4.54,4.71,115.230498098507,6
"2007-05-01",193077.235237369,80.8133563463233,84.6,2.6,718716.976200951,1192982.13914669,,4.25,4.37,4.6,4.88,114.655412299416,6.02
"2007-06-01",191243.990310028,80.6907509555698,84.5,2.5,725231.886000231,1205239.07666354,,4.5,4.6,4.75,5.19,115.453111956219,6.01
"2007-07-01",194491.046897173,80.817708528399,84.3,2.9,733506.316788673,1221665.60030252,,4.5,4.85,4.89,5.1,117.141267043873,5.79
"2007-08-01",195173.726586345,80.9861513524002,84.2,2.7,737099.442116755,1237341.42940401,,4.75,4.99,5.18,4.91,116.436323161117,5.85
"2007-09-01",199706.226516482,82.2966712320025,84.8,2.4,747192.290953058,1251772.61349754,,5,5.15,5.51,4.81,119.302476579167,5.64
"2007-10-01",202941.275841912,83.273528665431,85,2.8,747940.058161409,1260327.79031919,,5,5.48,5.67,4.91,121.398757072628,5.41
"2007-11-01",208192.811432213,85.5416689496103,86.4,2.6,746294.659207417,1263660.70570468,,5,5.39,5.78,4.76,119.775531026806,5.42
"2007-12-01",210541.912725875,86.8853242047839,87.1,2.6,753491.133574492,1297408.20848744,,5.25,5.54,5.96,4.66,119.599295056117,5.5
"2008-01-01",211248.458944906,86.9911280062387,86.7,2.8,753905.171290339,1299538.56099375,1347651.7001656,5.25,5.58,5.79,4.52,120.146554122994,5.41
"2008-02-01",212741.278213101,88.1878116629181,87.2,2.6,750395.552410707,1307817.53920273,1356148.01113408,5.25,5.7,5.91,4.39,119.859011223449,5.39
"2008-03-01",215553.262841993,89.1004215519333,87.2,2.5,744126.969985942,1301220.39690733,1361810.02589026,5.25,5.77,6.18,4.28,120.703088767276,5.13
"2008-04-01",217984.458726244,90.1257523223683,87.2,2.6,749100.998830515,1316244.63624622,1370250.97757864,5.5,5.97,6.3,4.5,120.860773583156,5.06
"2008-05-01",220219.906782529,90.9374667926587,87.2,2.7,743593.650212937,1310760.00625917,1364176.53280112,5.5,6.14,6.48,4.63,121.333828030795,5.05
"2008-06-01",222192.634491227,91.7407116634265,87.4,3,742728.570785516,1317739.20722086,1369998.31130106,5.75,5.99,6.41,4.94,119.126240608478,5.14
"2008-07-01",225829.870040063,92.7373999026368,87.9,3,736865.356388051,1324136.91181176,1370757.99842608,5.75,6.08,6.46,4.94,119.144791763287,5.1
"2008-08-01",221561.693703628,92.350221710327,88,2.8,748533.238308943,1338370.79118258,1383523.50822145,5.75,6.11,6.53,4.69,118.857248863742,5.33
"2008-09-01",225107.436256309,93.0404511584253,89.3,3.2,729075.193089941,1335265.73134031,1386756.06814385,5.75,6.26,6.82,4.49,117.020684537612,5.68
"2008-10-01",223479.080304073,91.8583138138776,89.6,3.2,719197.48110579,1357458.69958057,1398094.72467133,4.75,6.72,6.92,4.17,110.314442074019,6.46
"2008-11-01",216289.138825095,89.3065800166755,89.1,3.1,719679.634466664,1359634.75238629,1397894.0165161,4.75,5.09,6.18,4.18,107.485390965588,6.92
"2008-12-01",209915.780870832,86.9709148779487,89,3.5,722930.114903934,1365569.33008936,1406121.8383196,3,4.76,4.64,3.77,104.164734254707,7.01
"2009-01-01",200013.264191602,83.9102303608668,88.7,3.2,723780.684584997,1374389.6406491,1409428.17736141,3,3.48,3.7,3.69,106.20536128374,6.96
"2009-02-01",199661.816059154,83.4952043864151,89.4,3.3,727029.411623878,1377435.51800513,1412894.4508907,2.5,3.03,3.48,3.75,111.650125220295,6.87
"2009-03-01",197318.919749243,83.1246197384852,89.4,3.2,724204.544553815,1381529.2207823,1420043.00409443,2,2.69,3.17,3.81,112.225211019386,6.78
"2009-04-01",200825.526689009,84.4573802771494,89.7,3.5,724950.440170673,1384189.49105881,1417731.82978437,2,2.52,2.87,3.9,112.076801780911,6.67
"2009-05-01",201407.345303823,85.3144682849878,89.9,3.5,736092.806097208,1400525.16102111,1432144.9237329,1.5,1.87,2.4,4.12,112.11390409053,6.44
"2009-06-01",205220.128007169,86.6158017193083,90.4,3.6,734070.214612725,1396626.81946978,1428200.71498124,1.25,1.75,2.1,4.23,111.817085613579,6.39
"2009-07-01",204951.886784287,86.4903874907729,89.9,3.3,736041.959541654,1400959.26628384,1427943.30291537,1.25,1.53,1.87,4.05,111.251275391893,6.35
"2009-08-01",204495.652985296,86.4315549431934,89.7,3.6,738445.824707144,1396267.12373243,1419072.19615774,1.25,1.51,1.88,4.17,113.690752249328,6.07
"2009-09-01",207370.460230417,87.3051587156746,90.4,3.4,737446.934370687,1395054.0169363,1417684.63747754,1.25,1.47,1.93,4.17,115.898339671645,5.9
"2009-10-01",204736.936647926,86.654473875943,90.2,3.4,747533.301938886,1402208.42772171,1418137.95584568,1.5,1.54,2.03,4.07,119.413783508023,5.64
"2009-11-01",205934.252919466,86.892764176485,90.5,3.9,737222.097318537,1394008.83646149,1404449.62757319,1.5,1.74,2.05,4.04,118.820146554123,5.64
"2009-12-01",207775.810432607,87.276414653722,90.8,3.6,733263.79535417,1409070.97529479,1422882.14774913,1.75,1.83,2.08,3.98,118.439847880531,5.75
"2010-01-01",210901.844499159,87.6617260367399,90.9,3.8,734211.545318816,1407193.10204387,1420169.60687229,1.75,1.95,2.25,4.08,120.359892403302,5.73
"2010-02-01",215369.635928043,89.0824697395133,92,3.9,737688.132075395,1411946.49856861,1425669.57421251,1.75,1.98,2.27,3.87,120.489750486968,5.92
"2010-03-01",216548.519572797,89.6304768898293,92.5,4.5,730901.128638544,1411712.69169295,1428627.16783561,1.75,1.96,2.3,3.85,120.536128373991,5.92
"2010-04-01",215722.721579974,89.69829854587,92.7,3.8,739386.656114053,1418833.08806493,1433001.87509389,1.75,2.02,2.39,3.84,121.02773397644,5.92
"2010-05-01",214808.34287617,89.4201916847864,92.2,4,732956.649503312,1418894.04293236,1432591.79094439,2,2.09,2.5,3.46,118.783044244504,6.28
"2010-06-01",214170.935543855,89.8972008789179,92.1,4.3,740475.352276163,1435110.12713223,1451886.11899968,2,2.28,2.67,3.36,117.23402281792,6.48
"2010-07-01",214619.843627417,90.4226333932116,91.6,3.7,749448.583756407,1450489.45917435,1465772.01760369,2,2.34,2.69,3.33,116.32501623226,6.28
"2010-08-01",212505.76355963,90.79095484547,91.4,3.8,756136.854593547,1461714.84225859,1473053.56820886,2,2.31,2.65,3.12,116.7980706799,6.15
"2010-09-01",217599.392812953,92.1939827277973,92,4,753175.819337418,1459802.67592933,1475547.19168986,2,2.3,2.64,3.3,117.308227437158,6.06
"2010-10-01",222764.593756893,92.8050139518167,92.1,3.8,764160.930907928,1475237.37326255,1490434.72303847,2,2.26,2.56,3.24,116.34356738707,5.84
"2010-11-01",222817.439108907,93.1157772348735,92.3,3.5,772784.51527419,1493141.53185118,1504538.42870123,2,2.25,2.51,3.28,115.11919116965,5.97
"2010-12-01",227521.9671342,94.47605624439,93.3,4.2,782428.27435228,1501425.43420643,1515501.78870789,2,2.08,2.59,3.61,117.734903997774,5.98
"2011-01-01",225152.835035794,93.7064155889108,92.7,3.2,783251.025614239,1517761.82496422,1532261.49663853,2,2.17,2.59,3.75,117.920415545868,5.85
"2011-02-01",228032.902163119,94.4931737529819,93.1,3.3,785947.585185543,1523822.45472869,1538924.34884009,2,2.22,2.61,3.81,118.272887487246,5.72
"2011-03-01",230382.262801087,95.3539452541054,93.4,3.6,790009.688982641,1525603.6031975,1542073.23555052,2,2.22,2.62,3.77,118.931453482979,5.59300434782609
"2011-04-01",232608.857273814,96.6263604057968,93.9,3.6,798506.857731191,1546088.3715901,1560813.12490119,2,2.24,2.69,3.79,120.452648177349,5.40896666666667
"2011-05-01",231212.545829333,96.8353298785123,93.7,3.6,810101.10496637,1562501.28556639,1574987.26119695,2.25,2.44,2.72,3.48,118.950004637789,5.45331666666667
"2011-06-01",234702.596896853,97.0735046998078,93.4,3.7,785767.60743474,1544775.45825093,1560527.95143581,2.25,2.56,2.85,3.36,119.172618495501,5.44
"2011-07-01",234397.878789272,96.9609840811935,93.1,3.4,805947.209039378,1557774.40877838,1573132.53220007,2.25,2.44,2.94,3.24,119.126240608478,5.46
"2011-08-01",235185.503963097,96.7151817928545,92.6,3.8,798674.067331514,1562984.07239157,1574932.64177974,2.25,2.42,3.1,2.6,118.449123457935,5.43
"2011-09-01",238956.617247631,97.9979330353133,93.4,3.4,818003.949579797,1582617.30278019,1601895.62842545,2.25,2.69,3.08,2.36,119.07058714405,5.61
"2011-10-01",237078.676612382,98.0732240484066,93.3,3.9,827743.854498613,1592607.37475965,1613644.52765548,2.25,2.24,3.08,2.59,118.439847880531,5.66
"2011-11-01",240175.413996176,98.6145049390125,93.3,3.6,819671.211714665,1592907.96656918,1614641.26777629,2.25,2.25,3.16,2.49,117.400983211205,5.75
"2011-12-01",242042.909391442,99.3145941399883,93.4,3.5,824512.805446753,1588854.59979661,1613291.55426527,1.75,1.98,3.02,2.38,116.631110286615,5.88
"2012-01-01",247868.585287726,99.9768416561441,93.2,3.8,834584.836251697,1596113.03595226,1621923.99509709,1.75,1.73,2.7,2.22,116.037473332715,5.95
"2012-02-01",253123.011058206,101.431309213716,94.2,3.7,833673.914539564,1610433.25171127,1636282.55863522,1.75,1.73,2.67,2.4,118.977831370003,5.71
"2012-03-01",251952.403654068,100.99124196236,94.1,2.8,835891.956942386,1620791.58914355,1647244.78560757,1.5,1.61,2.43,2.48,118.662461738243,5.71
"2012-04-01",250017.388430375,100.282275987452,94.2,3.4,828691.100171441,1620141.4249094,1646947.91233931,1.5,1.48,2.32,2.34,117.605045914108,5.75
"2012-05-01",249306.171183172,99.931411582956,94.2,3.6,827285.929161858,1609257.74260519,1635259.69616865,1.5,1.49,2.32,2.05,117.150542621278,5.91
"2012-06-01",247873.440386453,99.4267774034146,93.7,3.3,833668.714926353,1631110.78061842,1656023.74421201,1.5,1.56,2.34,1.94,116.473425470736,6.02
"2012-07-01",246073.283982224,99.4242716055991,93.3,3.4,835212.806969054,1636953.3771286,1661820.94339589,1.5,1.48,2.24,1.73,115.768481587979,6.07
"2012-08-01",246010.063658399,99.1405943504585,92.9,3.4,834488.741274422,1643302.1621412,1662237.79720662,1.5,1.49,2.13,1.92,116.538354512568,5.91
"2012-09-01",245357.652359376,99.9632490590098,93.9,3.3,847941.526113842,1658758.90289249,1681460.25451473,1.5,1.49,1.96,2.07,117.799833039607,5.75
"2012-10-01",248172.889721319,99.9414003610543,94.3,3.9,840556.083307822,1657598.28273985,1682151.78087939,1.5,1.49,1.92,1.98,118.393469993507,5.71
"2012-11-01",247160.071437738,99.810706907974,94.4,3.6,854992.076278039,1679044.66330767,1699569.73122031,1.5,1.49,1.92,2.01,119.385956775809,5.72
"2012-12-01",250167.038840943,100.455193548347,94.7,3.8,821120.545905757,1668612.48638428,1686714.4663853,1.5,1.54,1.87,2.08,120.230034319636,5.6
"2013-01-01",252047.296907779,100.892971681449,94.5,3.7,824023.66801095,1680291.43003274,1698726.80376942,1.5,1.48,1.86,2.31,120.73091549949,5.56
"2013-02-01",253464.482574125,101.71844391356,95.1,4,826167.198515728,1681468.37359995,1699716.74512557,1.5,1.49,1.9005,2.49,120.721639922085,5.56
"2013-03-01",253355.220518096,101.71223476337,95.4,3.9,822840.806080888,1689611.62705866,1709569.57095652,1.5,1.55,1.848947368,2.24,118.263611909841,5.77
"2013-04-01",253828.190073316,101.50117856292,95.9,4,825312.85505149,1692351.53679269,1713517.64156083,1.5,1.5,1.821428571,2.07,118.282163064651,5.79
"2013-05-01",254550.684213914,101.40098930426,96,4,831696.651458366,1714575.18872077,1734526.65680604,1.5,1.5,1.763684211,2.1,118.365643261293,5.82
"2013-06-01",253776.12571277,101.32594259392,95.7,3.8,837291.4473199,1713464.65440918,1732057.25355248,1.5,1.48,1.7335,2.4,116.352842964475,5.87
"2013-07-01",260165.154973912,102.82658705017,96.1,3.6,845538.99583905,1726483.1319863,1746279.39896659,1.5,1.48,1.68826087,2.61,114.775994805677,6.03
"2013-08-01",260162.674912864,103.288163496131,96,4.3,859506.645335905,1754095.63053065,1764760.0213092,1.5,1.48,1.723181818,2.84,114.38642055468,5.96
"2013-09-01",261785.170113224,104.122962653664,96.4,3.9,842940.763500183,1732551.89621382,1749514.04884839,1.5,1.5,1.713809524,3.12,113.764956868565,5.97
"2013-10-01",261388.551745087,104.432486982305,96.6,3.7,849116.953520746,1741173.13241525,1758338.43912326,1.5,1.48,1.685217391,2.95,112.531305073741,5.96
"2013-11-01",263498.97847604,104.420093654305,96.7,4,852202.449529428,1757412.14922418,1774948.7579903,1.5,1.49,1.663333333,2.86,111.557369446248,6.08
"2013-12-01",262311.469778873,103.759260102124,96.6,4.4,877461.195908762,1792661.85468188,1805765.17912351,1.5,1.55,1.72,2.94,109.396159910954,6.13
"2014-01-01",260784.235951686,102.888386756026,96.6,4.1,878496.100835428,1792513.57310863,1806596.33833404,1.5,1.48,1.69,2.95,109.739356274928,6.17
"2014-02-01",261564.972271037,102.955628904709,97.1,3.2,871788.246908365,1798899.1043079,1812779.62124672,1.5,1.49,1.73,2.85,110.537055931732,6.12
"2014-03-01",263261.791777277,103.047326266567,97.3,3.8,865206.870294168,1805098.8001828,1819777.50178021,1.5,1.48,1.77,2.94,111.974770429459,6
"2014-04-01",265376.917578099,103.667470160601,97.7,3.6,876197.068800935,1816459.76964273,1831917.95151537,1.5,1.49,1.83,2.88,112.726092199239,5.97
"2014-05-01",263336.494580175,103.634888830187,97.8,3.4,888307.561353214,1825670.18774985,1841863.28601297,1.5,1.49,1.88,2.73,113.644374362304,5.93
"2014-06-01",264687.587841726,103.178221857545,97.5,3.5,896525.054622446,1846488.69796522,1859741.64234821,1.5,1.49,1.79,2.61,111.882014655412,6.05
"2014-07-01",264914.067600502,103.684740472065,98.3,4.1,886823.70674752,1836802.38935535,1851043.21571196,1.5,1.49,1.7,2.43,110.611260550969,6.2
"2014-08-01",262736.532896998,102.764300825536,97.9,3.6,893179.182458144,1872278.41120244,1878117.24915384,1.5,1.49,1.79,2.36,111.371857898154,6.2
"2014-09-01",265463.3995025,103.079542229561,98.5,4.1,887458.459991996,1858484.21629348,1870558.09843454,1.5,1.5,1.68,2.4,111.705778684723,6.34
"2014-10-01",265366.761749598,102.688634475654,98.6,4,887263.35753539,1859101.69984305,1870593.18767835,1.5,1.49,1.61,2.21,109.590947036453,6.56
"2014-11-01",262748.622215036,101.939014826379,98.6,4,905108.052786295,1885048.66768783,1895753.32798483,1.5,1.49,1.66,2.05,107.559595584825,6.81
"2014-12-01",261533.616035366,101.134178335642,98.6,3.9,915325.481164006,1910270.91552223,1923363.20750252,1.25,1.35,1.51,1.77,102.003524719414,7.27
"2015-01-01",258254.701031082,100.08713648693,98.6,4.3,926501.780332733,1917744.76018058,1925926.76874476,1.25,1.24,1.35,1.45,101.242927372229,7.69
"2015-02-01",259750.879343475,99.9722783422405,98.9,4.7,917816.492784395,1909518.08387286,1919322.10555405,1.25,1.24,1.37,1.39,103.691679807068,7.59
"2015-03-01",261422.419625443,100.214350192629,99.2,4.5,928908.817830186,1936970.87737656,1947514.30090705,1.25,1.28,1.5,1.54,101.177998330396,7.98
"2015-04-01",260074.443114704,100.721112771414,99.6,4.5,1709967.03237187,1857222.98493486,1869649.96988988,1.25,1.24,1.53,1.44,102.291067618959,7.89
"2015-05-01",263641.755970933,101.161854016313,99.8,4.4,1723992.58301045,1884691.9608133,1900215.37598619,1.25,1.25,1.48,1.65,104.814024673036,7.55
"2015-06-01",266499.800914363,101.505718847502,100.1,4.8,1702280.71774201,1886433.76622352,1895785.74762694,1,1.15,1.36,1.77,101.623226045821,7.81
"2015-07-01",264085.15227526,101.085055442649,100.1,5.2,1734451.27232721,1897062.36889106,1907087.60486597,1,0.98,1.29,1.7,99.3228828494574,8.13
"2015-08-01",263303.900890824,100.311254467751,99.9,4.2,1736724.42800861,1892474.15376777,1896889.54611745,1,0.99,1.15,1.49,97.9315462387534,8.24
"2015-09-01",264360.946833916,100.311464876737,100.6,4.8,1747982.34780124,1898563.27030105,1907910.28622072,0.75,0.94,1.14,1.6,97.6718300714219,8.3
"2015-10-01",259565.574618413,99.3894897305155,101,5,1753166.24351349,1911604.45342413,1921208.59975466,0.75,0.74,1.11,1.57,97.8573416195158,8.27
"2015-11-01",256623.899950707,98.4675074172954,101.3,4.5,1761275.90040839,1911186.50294624,1920584.12200628,0.75,0.74,1.2,1.63,97.0318152304981,8.62
"2015-12-01",252599.52543088,96.772777408024,100.9,5.2,1780391.94167749,1926778.41918065,1930955.7842162,0.75,0.81,1.15,1.55,95.3436601428439,8.7
"2016-01-01",252145.285222153,96.2966709544264,101.5,5,1786879.6445647,1922682.98074136,1929365.81801157,0.75,0.74,1.19,1.45,96.0115017159818,8.83
"2016-02-01",252673.702945953,96.34260822295,102.1,5.6,1795811.48028698,1941507.4587117,1948709.43349181,0.75,0.74,1.07,1.39,97.337909284853,8.62
"2016-03-01",253873.011831894,96.6909216857428,102.5,4.8,1784497.9294333,1941097.2812915,1949410.02225303,0.5,0.67,1.02,1.33,97.9222706613487,8.49
"2016-04-01",256311.73828815,97.5740219497857,102.9,5,1796853.11199056,1956262.95483182,1967190.6668513,0.5,0.49,1.01,1.3,99.5825990167888,8.22
"2016-05-01",257903.864923805,98.1424193831684,103.2,5.1,1785828.75781051,1946165.81181849,1960918.57845399,0.5,0.49,0.99,1.4,100.213338280308,8.24
"2016-06-01",257531.396788045,98.6900776026856,103.8,4.7,1787743.90343733,1973487.0794518,1982257.87892544,0.5,0.49,1.03,1.17,100.231889435117,8.31
"2016-07-01",261913.976192552,99.5496316984364,104.5,4.9,1807042.10083617,1982216.26698076,1991740.45711213,0.5,0.49,1.07,0.96,100.658565995733,8.46
"2016-08-01",257950.497962821,98.6381388453128,103.9,5.1,1822722.31880343,1999720.61732514,2004970.93982291,0.5,0.5,1.09,1.07,100.946108895279,8.3
"2016-09-01",256523.525844627,98.8932509711237,104.2,4.8,1850953.86810666,2018415.64766373,2027812.12761736,0.5,0.57,1.17,1.23,102.300343196364,8.2
"2016-10-01",265495.631934243,100.260891503997,104.7,4.8,1851357.36524371,2025722.77650044,2033091.50889932,0.5,0.49,1.12,1.34,104.953158334106,8.16
"2016-11-01",267341.081050985,100.879032470915,104.9,4.9,1858240.7623819,2032715.04328222,2040561.76589881,0.5,0.5,1.16,1.58,104.294592338373,8.41
"2016-12-01",266612.287014773,100.726406237903,104.4,4.2,1861066.97403355,2029509.46005941,2033722.78380221,0.5,0.51,1.19,1.76,103.33920786569,8.56
"2017-01-01",270072.465572058,101.353555070292,104.3,4.1,1872090.21961959,2044374.02648378,2052086.89297557,0.5,0.49,1.04,1.69,103.710230961877,8.48
"2017-02-01",273564.282955926,102.12964127062,104.7,4.5,1880068.10786555,2065616.68391747,2073339.27504067,0.5,0.49,1.06,1.74,104.823300250441,8.33
"2017-03-01",275571.251472016,102.37294946612,105,4.7,1881567.89999582,2080549.96673163,2089322.00391001,0.5,0.49,0.99,1.77,102.448752434839,8.51
"2017-04-01",275526.975557747,102.050039606432,105.2,4.6,1887441.31580554,2089605.72515321,2102844.35650476,0.5,0.49,0.99,1.61,101.057415824135,8.58
"2017-05-01",274940.835680965,101.75836637986,105.4,4.7,1875049.59221426,2076555.29168972,2094293.53525618,0.5,0.49,0.92,1.59,100.185511548094,8.52
"2017-06-01",276083.188761288,101.849981226373,105.8,4.6,1881327.36556196,2102312.2624402,2112382.8076313,0.5,0.49,0.84,1.53,100.037102309619,8.46
"2017-07-01",276804.59037053,101.881462192937,106.1,4.2,1898989.45467078,2114619.25944027,2125572.56334052,0.5,0.5,0.83,1.69,102.105556070865,8.17
"2017-08-01",275612.448579002,101.13232036349,105.3,4.2,1898027.96000349,2113218.64720358,2121646.99563739,0.5,0.49,0.8,1.62,102.745570911789,7.89
"2017-09-01",279402.961050468,102.499213601735,105.9,4.3,1925234.2150642,2132744.94613918,2142496.18033447,0.5,0.51,0.82,1.59,102.875428995455,7.83
"2017-10-01",280638.362711055,103.627112787799,106,3.9,1948030.45270207,2151823.8721112,2160501.11220256,0.5,0.49,0.81,1.66,102.003524719414,7.99
"2017-11-01",282823.744936977,104.521662299382,106.1,4.1,1957042.66586912,2155139.79643729,2164536.79959739,0.5,0.49,0.78,1.59,100.018551154809,8.19
"2017-12-01",284175.892351968,104.958016396508,106.1,4.5,1969366.85009012,2157017.7068416,2163632.36084196,0.5,0.49,0.82,1.57,97.5697987199703,8.31
"2018-01-01",285260.47008366,104.971351799601,106,4,2044877.00961248,2182902.49717699,2190372.06101594,0.5,0.49,0.86,1.74,99.8886930711437,7.91
"2018-02-01",289300.768753151,106.33927712183,107,4,2033026.27206389,2178465.96214157,2185805.45415203,0.5,0.49,1.03,1.98,100.510156757258,7.83
"2018-03-01",291296.76116319,106.964259503539,107.3,4.2,2043869.47524604,2193888.57904321,2201795.37977833,0.5,0.49,1.19,1.99,101.697430665059,7.77
"2018-04-01",293275.671861457,107.768483020726,107.7,4.2,2075608.06085276,2219026.65493094,2230101.18491443,0.5,0.5,1.13,1.93,101.530470271774,7.84
"2018-05-01",294337.271832953,108.297250251091,107.8,3.6,2070697.41368477,2223179.11894986,2236654.89152607,0.5,0.49,1.02,1.89,101.113069288563,8.1
"2018-06-01",301793.05630559,109.875055424714,108.5,4.3,2077415.67354939,2238594.05839575,2246346.80688689,0.5,0.5,1,1.82,102.587886095909,8.11
"2018-07-01",305154.230475267,111.3998276284,109.3,4.1,2079048.95309179,2235227.3442201,2243096.1739754,0.5,0.5,1.05,1.76,103.886466932567,8.13
"2018-08-01",306341.334555627,111.297280082942,108.9,3.9,2086732.6104899,2245782.54722336,2252992.30118505,0.5,0.49,1.05,1.77,102.374547815602,8.33
"2018-09-01",307293.434969107,111.916111075809,109.5,4.4,2094763.40443735,2249638.72267822,2256663.09339941,0.75,0.59,1.12,1.9,102.968184769502,8.25
"2018-10-01",306688.390040824,111.348681122863,109.3,3.9,2093450.70865042,2248705.45965199,2253335.68881363,0.75,0.74,1.18,2,103.524719413784,8.25
"2018-11-01",305864.665605791,111.458085947484,109.8,3.9,2110622.74617021,2262119.0894611,2267987.08712351,0.75,0.75,1.24,1.94,102.161209535294,8.47
"2018-12-01",304313.944353385,110.993230307115,109.8,3.7,2126873.5322786,2276221.1887818,2281875.48861023,0.75,0.91,1.29,1.83,100.13913366107,8.6
"2019-01-01",300991.431266179,109.896691491132,109.3,3.9,2118985.73339908,2277036.46509166,2280783.62132409,0.75,0.74,1.29,1.735,100.361747518783,8.55
"2019-02-01",301224.686127398,110.296959141346,110.2,4.3,2123295.37514974,2291004.67366963,2296465.40185098,0.75,0.75,1.3,1.656,100.806975234208,8.58
"2019-03-01",300188.882606423,109.804700244588,110.4,3.6,2124845.89090329,2291860.17057988,2297713.52500956,1,0.85,1.37,1.673,100.640014840924,8.6
"2019-04-01",301012.721440039,109.513946312358,110.8,3.2,2119233.04934761,2284376.97196794,2293092.40945991,1,1,1.43,1.728,101.437714497727,8.57
"2019-05-01",299175.029165284,108.397526264931,110.5,3.5,2130355.84276688,2307446.97010715,2318494.35505252,1,1,1.53,1.672,100.064929041833,8.74
"2019-06-01",297991.249394678,107.745908873635,110.6,3.9,2142640.73843267,2318060.29662512,2322402.03473204,1.25,1.18,1.55,1.442,100.5936369539,8.63
"2019-07-01",299936.889833788,108.012573855795,111.4,3.9,2153344.87746577,2333213.4675872,2338325.28574545,1.25,1.25,1.66,1.441,101.827288748725,8.61
"2019-08-01",295643.632956934,106.66224784376,110.6,4.2,2190219.30858158,2375065.68174607,2379186.95932663,1.25,1.25,1.67,1.147,98.4417029960115,8.96
"2019-09-01",297674.477209278,107.36069609933,111.1,3.6,2167561.64833271,2348191.68332997,2354257.8274458,1.5,1.35,1.81,1.215,98.6735924311288,9.02
"2019-10-01",301736.338318937,108.262112638545,111.3,4.3,2180388.82115305,2363312.12225907,2365946.34897376,1.5,1.5,1.87,1.262,96.7257211761432,9.15
"2019-11-01",305527.811671442,109.153566308754,111.6,4,2187624.63142561,2367842.23863223,2371546.64683251,1.5,1.5,1.88,1.448,96.5958630924775,9.15
"2019-12-01",306110.850009621,109.164480808672,111.3,4.1,2194259.3694068,2375128.00291241,2379090.40779345,1.5,1.53,1.88,1.466,96.7720990631667,9.04
"2020-01-01",305787.325454906,109.329585841485,111.3,4,2193712.47217259,2375152.08582567,2376246.33178308,1.5,1.49,1.81,1.382,97.7831370002783,8.95
"2020-02-01",301833.461690504,108.525261257118,111.2,3.6,2210119.09245947,2400045.71160336,2401568.16890979,1.5,1.49,1.76,1.345,95.1952509043688,9.29
"2020-03-01",291600.212854591,106.731920216887,111.2,3.5,2301625.83033391,2492858.15031476,2495680.48679821,0.25,0.98,1.08,0.95,87.1069474074761,10.22
"2020-04-01",276150.808260646,104.280597126748,111.7,4.1,2354873.47666594,2532469.77477012,2539335.08082906,0.25,0.24,0.51,0.718,87.2739078007606,10.44
"2020-05-01",267688.921052482,102.585872390494,111.9,4.9,2375469.99428887,2557454.44192606,2565056.41281592,0,0.05,0.28,0.485,89.8710694740748,10.09
"2020-06-01",267994.270686872,102.223440129579,112.1,5,2358139.83891148,2530854.00033958,2533102.40723354,0,0,0.37,0.656,92.5702624988405,9.53
"2020-07-01",279445.623557015,103.961013954757,112.9,5.9,2400615.30455856,2576682.33574581,2580439.16198477,0,0,0.28,0.611,94.100732770615,9.3
"2020-08-01",284626.515396283,104.311047652602,112.5,5.2,2412422.51517525,2594240.53202564,2595981.51747691,0,-0.01,0.23,0.686,95.2880066784157,8.95
"2020-09-01",290439.861046703,105.723724823513,112.9,5.3,2439424.23086016,2612930.68839032,2614995.5989763,0,0,0.28,0.648,93.7389852518319,9.14
"2020-10-01",290707.157438702,106.896394193501,113.2,5.5,2479369.2828707,2651967.13591082,2650773.34294287,0,0,0.45,0.666,92.4682311473889,9.28
"2020-11-01",292926.04298591,106.963951319697,112.4,5.2,2487636.45524641,2654073.13279055,2655616.52910757,0,0,0.37,0.78,92.8949077080048,9.08
"2020-12-01",300249.799575388,108.41254426532,112.9,4.7,2501769.51315886,2664221.70281958,2668737.10946258,0,0,0.5,0.898,94.7778499211576,8.72
"2021-01-01",308583.898798511,110.368672057757,114.1,5,2514639.48137324,2681044.733915,2680442.77449254,0,0,0.49,0.986,97.3008069752342,8.52
"2021-02-01",315046.193428556,112.657868727911,114.9,5.3,2576749.06169492,2749707.19424646,2749689.06126247,0,0,0.46,1.243,98.0706798998238,8.5
"2021-03-01",318774.907772933,114.572887621712,114.6,4.3,2556825.90054266,2728900.26372605,2728990.80889713,0,0,0.39,1.482,98.6735924311288,8.53
"2021-04-01",324554.021485161,118.258714324492,115,5.1,2594588.97705487,2761802.16862043,2767076.07181278,0,0,0.3,1.448,99.9628976903812,8.37
"2021-05-01",329747.562328056,120.386775958635,114.9,5.5,2604468.23851739,2782563.38805849,2789681.09913678,0,0,0.24,1.486,99.2857805398386,8.3
"2021-06-01",339389.416186783,122.142406485443,115.3,4.5,2639580.75553359,2816827.14141537,2818390.47218309,0,0,0.2,1.477,98.515907615249,8.42
"2021-07-01",350435.502524503,123.489647685216,116.3,5,2667154.1452884,2849916.86735569,2855325.1876722,0,0,0.32,1.225,96.7349967535479,8.78
"2021-08-01",363437.96352275,125.95296705615,116.3,4,2676475.57715496,2862634.78013385,2869758.60827607,0,0,0.43,1.212,95.9094703645302,8.85
"2021-09-01",386608.533952745,132.095475326962,117.5,3.7,2700893.07598562,2877285.00239141,2882631.75142915,0.25,0.06,0.59,1.391,98.7014191633429,8.65
"2021-10-01",399339.987261227,138.595980297847,117.2,3.6,2702906.16317646,2886775.59903931,2888614.39689079,0.25,0.25,0.75,1.666,100.890455430851,8.46
"2021-11-01",416490.496638914,145.636641382673,118.1,3.9,2741852.05113779,2922126.37386193,2926145.56574221,0.25,0.25,0.84,1.613,99.2579538076245,8.73
"2021-12-01",434642.516099859,151.482348031208,118.9,3.2,2764993.24463557,2944990.23070575,2951302.95753104,0.5,0.36,0.97,1.524,97.9964752805862,8.97
"2022-01-01",440377.308658438,154.081123831019,117.8,3.2,2789610.277382,2972663.14673942,2974009.13289748,0.5,0.5,1.13,1.837,97.7460346906595,8.84
"2022-02-01",450885.481242549,157.455774794567,119.1,3.5,2779870.66598182,2969696.70799861,2970892.4621898,0.5,0.5,1.19,2.099,97.7645858454689,8.87
"2022-03-01",454170.210099014,158.068977345618,119.8,3,2805169.23514461,3000184.55464968,3001402.72329028,0.75,0.55,1.35,2.314,99.666079213431,8.84
"2022-04-01",453803.175748675,157.522999891561,121.2,2.6,2812731.63995183,3006518.294663,3011604.95087957,0.75,0.75,1.29,2.737,100.31536963176,8.9
"2022-05-01",466466.160229406,160.480232418353,121.5,3.8,2815921.8661692,3024164.01887127,3030383.11440982,0.75,0.75,1.26,2.812,94.796401075967,9.59
"2022-06-01",493573.66402192,169.317156780365,122.6,3.1,2867859.86630093,3062723.97827952,3064472.42228402,1.25,0.87,1.71,3.068,93.6833317874038,9.76
"2022-07-01",540888.64014207,183.23336368041,124.2,2.8,2871806.39464502,3077112.49473365,3082854.82051115,1.25,1.25,2.29,2.885,94.7778499211576,10
"2022-08-01",550803.817332318,184.87906896051,123.9,3.5,2868251.73163873,3089369.89709016,3091154.1768228,1.75,1.45,2.66,2.986,97.217326778592,9.71
"2022-09-01",535522.542525614,179.316801821839,125.6,3.4,2922610.58572155,3146012.30087985,3148228.74287194,2.25,1.89,3.01,3.361,94.9911882014655,10.27
"2022-10-01",478509.638088408,162.62942137118,126,3.1,2863701.52120333,3094680.90435116,3096601.40212587,2.25,2.25,3.42,3.564,93.0618681012893,10.58
"2022-11-01",442586.45026595,151.40966783189,125.8,3.2,2852792.88760672,3103472.72476312,3107891.08265827,2.5,2.47,3.61,3.276,93.887394490307,10.14
"2022-12-01",429390.911645643,147.102699442275,125.9,3.5,2854676.46717903,3110449.87881709,3116597.23684378,2.75,2.62,3.35,3.026,93.4421667748817,9.87
"2023-01-01",438131.80588472,149.556967199416,126.1,3.5,2875266.15182375,3147148.04860438,3151190.10746893,2.75,2.75,3.36,2.95,91.3273351266116,9.95
"2023-02-01",440825.833068973,150.239006881686,126.6,3.9,2849987.76216271,3133223.35082648,3135114.3025903,2.75,2.75,3.34,3.175,89.1475744365087,10.22
"2023-03-01",438508.361046306,149.400975283625,127.6,3.6,2852095.42319064,3152855.73990643,3157216.62335067,3,2.82,3.79,3.101,87.0141916334292,10.54
"2023-04-01",430119.53409694,146.90279603127,129,3.5,2822738.45433408,3122619.39324095,3128029.04548047,3,3,3.85,3.123,86.6709952694555,10.51
"2023-05-01",420391.674523916,144.728053562263,129.6,3.2,2815459.4241427,3132092.35105054,3139199.44942892,3.25,3.21,4.05,3.241,85.2703830813468,10.78
"2023-06-01",416165.791379146,144.138180097227,130.4,3.5,2713785.34007384,3002993.88924909,3006143.5313044,3.75,3.4,4.51,3.509,86.1793896670068,10.81
"2023-07-01",417460.610628145,144.612353752146,130.9,3.7,2741990.28871822,3059798.29460632,3067386.41957528,3.75,3.75,4.83,3.69,89.7875892774325,10.26
"2023-08-01",413688.472932822,143.13277524256,129.9,3.6,2727353.12776955,3062059.78949042,3068823.00484329,4,3.86,4.87,3.875,88.4055282441332,10.46
"2023-09-01",409465.916439032,142.465902046619,129.8,3.5,2732828.33551231,3097668.49022668,3102507.74143728,4.25,4.07,4.87,3.897,87.4965216584732,10.72
"2023-10-01",422905.304458925,143.674320118777,131.1,3.7,2726700.80999482,3108818.86188495,3114369.3643314,4.25,4.25,4.87,4.045,86.5689639180039,11.01
"2023-11-01",427980.558653421,144.079086687473,131.8,3.8,2724267.60399123,3108764.49487604,3118976.52812421,4.25,4.25,4.84,3.72,86.1330117799833,10.92
"2023-12-01",428244.136887656,143.773681420823,131.9,3.6,2715699.59547195,3122097.98480586,3131917.26592797,4.5,4.37,4.88,3.301,87.7191355161859,10.58
"2024-01-01",427904.666269804,143.53024171767,132,4.5,2681555.00618375,3095940.48729066,3110574.86772708,4.5,4.5,4.86,3.51,89.2403302105556,10.41
"2024-02-01",424274.17044223,143.578559693501,132.3,3.5,2680141.45013888,3104232.31177344,3109718.13015584,4.5,4.5,4.86,3.738,88.3777015119191,10.55
"2024-03-01",429450.163287965,144.073956960572,132.6,4,2687128.68172111,3111541.98838924,3117119.25051316,4.5,4.5,4.88,3.622,87.5614507003061,10.59
"2024-04-01",437591.277731072,145.699888846254,133.7,4.3,2702337.53771008,3128635.28433457,3136071.61707978,4.5,4.5,4.87,3.774,86.9492625915963,10.89
"2024-05-01",439256.356861113,145.485188218165,133.5,4.1,2734567.28999842,3176793.56502193,3184876.33608153,4.5,4.5,4.86,3.71,87.413041461831,10.72
"2024-06-01",444949.365407815,145.704838803985,133.8,4.1,2733764.30636202,3173865.55817281,3178383.06325551,4.5,4.5,4.88,3.571,88.6281421018458,10.61
"2024-07-01",438920.038386416,145.783400743963,134.5,3.8,2734445.71360132,3173983.52258174,3182535.85370315,4.5,4.5,4.91,3.57,87.0976718300714,10.8
"2024-08-01",430415.509837431,143.900721999395,133.3,4,2770724.62750247,3219842.96607484,3221961.98423409,,4.5,4.88,3.32,,
"2024-09-01",421536.451776152,143.908630075596,133.7,4,2731118.19958963,3176313.74365805,3178833.5336363,,4.5,4.88,3.328,,
"2024-10-01",,,134.5,4,2779471.18606616,3234782.21177874,3238542.60783281,,4.5,4.85,3.571,,
"2024-11-01",,,134.9,3.7,2799218.36720622,3246108.88364396,3254668.21445189,,4.5,4.84,3.747,,
"2024-12-01",,,134.8,4.2,2795459.77505707,3228121.01278941,3240134.06406893,,4.5,4.83,3.639,,
"2025-01-01",,,135.1,3.7,2815397.76151953,3252485.60527075,3258209.43034098,,4.5,4.68,3.909,,
"2025-02-01",,,137,3.8,2844321.62371111,3291701.01235142,3298107.09760864,,4.5,4.61,3.893,,
