"date","gdp_nom","gdp_defl","cpi","ur","m1","m2","policy","ffer_1d","tb_3m","gov_10y","compx","ndx","reer"
"1934-01-01",,,,,,,,,0.72,,,,
"1934-02-01",,,,,,,,,0.62,,,,
"1934-03-01",,,,,,,,,0.24,,,,
"1934-04-01",,,,,,,,,0.15,,,,
"1934-05-01",,,,,,,,,0.16,,,,
"1934-06-01",,,,,,,,,0.15,,,,
"1934-07-01",,,,,,,,,0.15,,,,
"1934-08-01",,,,,,,,,0.19,,,,
"1934-09-01",,,,,,,,,0.21,,,,
"1934-10-01",,,,,,,,,0.27,,,,
"1934-11-01",,,,,,,,,0.25,,,,
"1934-12-01",,,,,,,,,0.23,,,,
"1935-01-01",,,,,,,,,0.2,,,,
"1935-02-01",,,,,,,,,0.19,,,,
"1935-03-01",,,,,,,,,0.15,,,,
"1935-04-01",,,,,,,,,0.15,,,,
"1935-05-01",,,,,,,,,0.15,,,,
"1935-06-01",,,,,,,,,0.15,,,,
"1935-07-01",,,,,,,,,0.15,,,,
"1935-08-01",,,,,,,,,0.16,,,,
"1935-09-01",,,,,,,,,0.2,,,,
"1935-10-01",,,,,,,,,0.2,,,,
"1935-11-01",,,,,,,,,0.16,,,,
"1935-12-01",,,,,,,,,0.15,,,,
"1936-01-01",,,,,,,,,0.2,,,,
"1936-02-01",,,,,,,,,0.2,,,,
"1936-03-01",,,,,,,,,0.2,,,,
"1936-04-01",,,,,,,,,0.2,,,,
"1936-05-01",,,,,,,,,0.2,,,,
"1936-06-01",,,,,,,,,0.2,,,,
"1936-07-01",,,,,,,,,0.15,,,,
"1936-08-01",,,,,,,,,0.2,,,,
"1936-09-01",,,,,,,,,0.16,,,,
"1936-10-01",,,,,,,,,0.13,,,,
"1936-11-01",,,,,,,,,0.11,,,,
"1936-12-01",,,,,,,,,0.12,,,,
"1937-01-01",,,,,,,,,0.17,,,,
"1937-02-01",,,,,,,,,0.15,,,,
"1937-03-01",,,,,,,,,0.38,,,,
"1937-04-01",,,,,,,,,0.56,,,,
"1937-05-01",,,,,,,,,0.41,,,,
"1937-06-01",,,,,,,,,0.36,,,,
"1937-07-01",,,,,,,,,0.28,,,,
"1937-08-01",,,,,,,,,0.29,,,,
"1937-09-01",,,,,,,,,0.31,,,,
"1937-10-01",,,,,,,,,0.2,,,,
"1937-11-01",,,,,,,,,0.09,,,,
"1937-12-01",,,,,,,,,0.11,,,,
"1938-01-01",,,,,,,,,0.1,,,,
"1938-02-01",,,,,,,,,0.08,,,,
"1938-03-01",,,,,,,,,0.08,,,,
"1938-04-01",,,,,,,,,0.09,,,,
"1938-05-01",,,,,,,,,0.05,,,,
"1938-06-01",,,,,,,,,0.05,,,,
"1938-07-01",,,,,,,,,0.07,,,,
"1938-08-01",,,,,,,,,0.06,,,,
"1938-09-01",,,,,,,,,0.08,,,,
"1938-10-01",,,,,,,,,0.05,,,,
"1938-11-01",,,,,,,,,0.04,,,,
"1938-12-01",,,,,,,,,0.03,,,,
"1939-01-01",,,,,,,,,0.03,,,,
"1939-02-01",,,,,,,,,0.03,,,,
"1939-03-01",,,,,,,,,0.03,,,,
"1939-04-01",,,,,,,,,0.03,,,,
"1939-05-01",,,,,,,,,0.03,,,,
"1939-06-01",,,,,,,,,0.03,,,,
"1939-07-01",,,,,,,,,0.04,,,,
"1939-08-01",,,,,,,,,0.05,,,,
"1939-09-01",,,,,,,,,0.14,,,,
"1939-10-01",,,,,,,,,0.05,,,,
"1939-11-01",,,,,,,,,0.05,,,,
"1939-12-01",,,,,,,,,0.04,,,,
"1940-01-01",,,,,,,,,0.01,,,,
"1940-02-01",,,,,,,,,0.02,,,,
"1940-03-01",,,,,,,,,0.02,,,,
"1940-04-01",,,,,,,,,0.02,,,,
"1940-05-01",,,,,,,,,0.06,,,,
"1940-06-01",,,,,,,,,0.1,,,,
"1940-07-01",,,,,,,,,0.05,,,,
"1940-08-01",,,,,,,,,0.04,,,,
"1940-09-01",,,,,,,,,0.05,,,,
"1940-10-01",,,,,,,,,0.02,,,,
"1940-11-01",,,,,,,,,0.02,,,,
"1940-12-01",,,,,,,,,0.02,,,,
"1941-01-01",,,,,,,,,0.02,,,,
"1941-02-01",,,,,,,,,0.04,,,,
"1941-03-01",,,,,,,,,0.11,,,,
"1941-04-01",,,,,,,,,0.1,,,,
"1941-05-01",,,,,,,,,0.11,,,,
"1941-06-01",,,,,,,,,0.12,,,,
"1941-07-01",,,,,,,,,0.12,,,,
"1941-08-01",,,,,,,,,0.13,,,,
"1941-09-01",,,,,,,,,0.1,,,,
"1941-10-01",,,,,,,,,0.09,,,,
"1941-11-01",,,,,,,,,0.28,,,,
"1941-12-01",,,,,,,,,0.33,,,,
"1942-01-01",,,,,,,,,0.27,,,,
"1942-02-01",,,,,,,,,0.25,,,,
"1942-03-01",,,,,,,,,0.25,,,,
"1942-04-01",,,,,,,,,0.32,,,,
"1942-05-01",,,,,,,,,0.37,,,,
"1942-06-01",,,,,,,,,0.37,,,,
"1942-07-01",,,,,,,,,0.38,,,,
"1942-08-01",,,,,,,,,0.38,,,,
"1942-09-01",,,,,,,,,0.38,,,,
"1942-10-01",,,,,,,,,0.38,,,,
"1942-11-01",,,,,,,,,0.38,,,,
"1942-12-01",,,,,,,,,0.38,,,,
"1943-01-01",,,,,,,,,0.38,,,,
"1943-02-01",,,,,,,,,0.38,,,,
"1943-03-01",,,,,,,,,0.38,,,,
"1943-04-01",,,,,,,,,0.38,,,,
"1943-05-01",,,,,,,,,0.38,,,,
"1943-06-01",,,,,,,,,0.38,,,,
"1943-07-01",,,,,,,,,0.38,,,,
"1943-08-01",,,,,,,,,0.38,,,,
"1943-09-01",,,,,,,,,0.38,,,,
"1943-10-01",,,,,,,,,0.38,,,,
"1943-11-01",,,,,,,,,0.38,,,,
"1943-12-01",,,,,,,,,0.38,,,,
"1944-01-01",,,,,,,,,0.38,,,,
"1944-02-01",,,,,,,,,0.38,,,,
"1944-03-01",,,,,,,,,0.38,,,,
"1944-04-01",,,,,,,,,0.38,,,,
"1944-05-01",,,,,,,,,0.38,,,,
"1944-06-01",,,,,,,,,0.38,,,,
"1944-07-01",,,,,,,,,0.38,,,,
"1944-08-01",,,,,,,,,0.38,,,,
"1944-09-01",,,,,,,,,0.38,,,,
"1944-10-01",,,,,,,,,0.38,,,,
"1944-11-01",,,,,,,,,0.38,,,,
"1944-12-01",,,,,,,,,0.38,,,,
"1945-01-01",,,,,,,,,0.38,,,,
"1945-02-01",,,,,,,,,0.38,,,,
"1945-03-01",,,,,,,,,0.38,,,,
"1945-04-01",,,,,,,,,0.38,,,,
"1945-05-01",,,,,,,,,0.38,,,,
"1945-06-01",,,,,,,,,0.38,,,,
"1945-07-01",,,,,,,,,0.38,,,,
"1945-08-01",,,,,,,,,0.38,,,,
"1945-09-01",,,,,,,,,0.38,,,,
"1945-10-01",,,,,,,,,0.38,,,,
"1945-11-01",,,,,,,,,0.38,,,,
"1945-12-01",,,,,,,,,0.38,,,,
"1946-01-01",,,,,,,,,0.38,,,,
"1946-02-01",,,,,,,,,0.38,,,,
"1946-03-01",,,,,,,,,0.38,,,,
"1946-04-01",,,,,,,,,0.38,,,,
"1946-05-01",,,,,,,,,0.38,,,,
"1946-06-01",,,,,,,,,0.38,,,,
"1946-07-01",,,,,,,,,0.38,,,,
"1946-08-01",,,,,,,,,0.38,,,,
"1946-09-01",,,,,,,,,0.38,,,,
"1946-10-01",,,,,,,,,0.38,,,,
"1946-11-01",,,,,,,,,0.38,,,,
"1946-12-01",,,,,,,,,0.38,,,,
"1947-01-01",20177.429421032,11.4139263503095,9.06322421669882,,,,,,0.38,,,,
"1947-02-01",20160.9681864057,11.3999337662235,9.12229551047619,,,,,,0.38,,,,
"1947-03-01",20452.6023925582,11.5301159240245,9.28263187930047,,,,,,0.38,,,,
"1947-04-01",20428.3409674477,11.5968779514127,9.28263187930047,,,,,,0.38,,,,
"1947-05-01",20489.0214233709,11.5909300048832,9.26153498866569,,,,,,0.38,,,,
"1947-06-01",20574.637609174,11.644815159775,9.31638690431611,,,,,,0.38,,,,
"1947-07-01",20545.3846990689,11.7009386130144,9.37967757622043,,,,,,0.66,,,,
"1947-08-01",20719.0157249786,11.7621730402071,9.45140700437866,,,,,,0.75,,,,
"1947-09-01",21131.8495759441,11.95346042697,9.63705964196467,,,,,,0.8,,,,
"1947-10-01",21339.1161517552,12.0227496710331,9.66659528885335,,,,,,0.85,,,,
"1947-11-01",21649.4167888905,12.0741486083927,9.72988596075767,,,,,,0.92,,,,
"1947-12-01",21947.7170593489,12.1928622870918,9.87756419520109,,,,,,0.95,,,,
"1948-01-01",22210.7023486435,12.2375246444506,9.99148740462887,3.4,,,,,0.97,,,,
"1948-02-01",22243.1743493625,12.1970596848046,9.98726802650191,3.8,,,,,1,,,,
"1948-03-01",21981.6233019868,12.143159172345,9.91553859834368,4,,,,,1,,,,
"1948-04-01",22303.6985880072,12.2607965859665,10.0505586984062,3.9,,,,,1,,,,
"1948-05-01",22752.3785269838,12.3008250907303,10.1307268828184,3.5,,,,,1,,,,
"1948-06-01",23085.6728850025,12.3446902670111,10.1897981765957,3.6,,,,,1,,,,
"1948-07-01",23266.4110932666,12.4787402949755,10.2952826297696,3.6,,,,,1,,,,
"1948-08-01",23289.2381221761,12.5387116051157,10.3079407641505,3.9,,,,,1.06,,,,
"1948-09-01",23243.3507845527,12.572061470094,10.2784051172618,3.8,,,,,1.09,,,,
"1948-10-01",23520.7102306952,12.5743154584767,10.257308226627,3.7,,,,,1.12,,,,
"1948-11-01",23347.7328721214,12.5729691730929,10.1940175547227,3.8,,,,,1.14,,,,
"1948-12-01",23223.0568971739,12.5565536755343,10.1476043953262,4,,,,,1.16,,,,
"1949-01-01",23107.2568817609,12.5469050122132,10.1307268828184,4.3,,,,,1.17,,,,
"1949-02-01",22945.9845396357,12.4876601113979,10.0885331015488,4.7,,,,,1.17,,,,
"1949-03-01",22705.2585785979,12.4681876794002,10.0885331015488,5,,,,,1.17,,,,
"1949-04-01",22678.5651510378,12.389333946662,10.0927524796758,5.3,,,,,1.17,,,,
"1949-05-01",22540.5078388852,12.368410175737,10.0885331015488,6.1,,,,,1.17,,,,
"1949-06-01",22618.6770100716,12.3692657044955,10.0927524796758,6.2,,,,,1.17,,,,
"1949-07-01",22553.774844479,12.3243825096328,9.99992616088278,6.7,,,,,1.02,,,,
"1949-08-01",22752.6610490425,12.31756228645,9.99992616088278,6.8,,,,,1.04,,,,
"1949-09-01",22915.8141064704,12.3135326798558,10.0210230515176,6.6,,,,,1.07,,,,
"1949-10-01",22200.9145563875,12.3661441764288,9.98726802650191,7.9,,,,,1.05,,,,
"1949-11-01",22593.9514182388,12.3198397496661,9.99992616088278,6.4,,,,,1.08,,,,
"1949-12-01",22861.88402537,12.2744035560969,9.96195175774018,6.6,,,,,1.1,,,,
"1950-01-01",23200.8426508861,12.2504692717384,9.91975797647064,6.5,,,,,1.07,,,,
"1950-02-01",23324.4576959811,12.3361465039544,9.96195175774018,6.4,,,,,1.12,,,,
"1950-03-01",23681.6996531264,12.3142183355997,9.97460989212105,6.3,,,,,1.12,,,,
"1950-04-01",23896.1404048036,12.2764899460944,9.978829270248,5.8,,,,,1.15,,,,
"1950-05-01",24132.5720737147,12.3391006468313,10.0294618077715,5.5,,,,,1.16,,,,
"1950-06-01",24567.0375214772,12.410130046643,10.075874967168,5.4,,,,,1.15,,,,
"1950-07-01",25212.1950038083,12.5336359408111,10.1560431515801,5,,,,,1.16,,,,
"1950-08-01",25884.735975808,12.5869851940971,10.2108950672305,4.5,,,,,1.2,,,,
"1950-09-01",25941.319020379,12.7089858704574,10.2699663610079,4.4,,,,,1.3,,,,
"1950-10-01",26329.579857504,12.7550443505378,10.3374764110392,4.2,,,,,1.31,,,,
"1950-11-01",26475.6564939068,12.8219065083248,10.3796701923087,4.2,,,,,1.36,,,,
"1950-12-01",27181.0136485838,12.9613996855179,10.540006561133,4.3,,,,,1.34,,,,
"1951-01-01",27582.879011224,13.1717435857004,10.7087816862112,3.7,,,,,1.34,,,,
"1951-02-01",28112.8392029025,13.3688752554191,10.8986537019241,3.4,,,,,1.36,,,,
"1951-03-01",28304.281785868,13.3902623082266,10.9197505925589,3.4,,,,,1.4,,,,
"1951-04-01",28446.351982015,13.3943761752683,10.9366281050667,3.1,,,,,1.47,,,,
"1951-05-01",28670.1754442787,13.4170361030227,10.9661637519554,3,,,,,1.55,,,,
"1951-06-01",28905.9725737005,13.3857613970657,10.9408474831937,3.2,,,,,1.45,,,,
"1951-07-01",29101.658182131,13.3954974767076,10.9324087269398,3.1,,,,,1.56,,,,
"1951-08-01",29183.4106054295,13.3887670667437,10.911311836305,3.1,,,,,1.62,,,,
"1951-09-01",29561.1812124333,13.4361548522175,10.9830412644632,3.3,,,,,1.63,,,,
"1951-10-01",29523.7267101615,13.505150987333,11.0378931801136,3.5,,,,,1.54,,,,
"1951-11-01",29698.447607217,13.5593766723088,11.1054032301449,3.5,,,,,1.56,,,,
"1951-12-01",29822.3256826145,13.6156504863969,11.1686939020492,3.1,,,,,1.73,,,,
"1952-01-01",29889.395205892,13.5924672687606,11.1602551457953,3.2,,,,,1.57,,,,
"1952-02-01",29960.9255786695,13.5551943800404,11.1433776332875,3.1,,,,,1.54,,,,
"1952-03-01",30104.6792154342,13.5152472087819,11.1349388770336,2.9,,,,,1.59,,,,
"1952-04-01",30184.233931644,13.5270822095208,11.1644745239223,2.9,,,,,1.57,,,,
"1952-05-01",30106.403866564,13.5518806681113,11.1686939020492,3,,,,,1.67,,,,
"1952-06-01",29966.8622017845,13.6338044855813,11.194010170811,3,,,,,1.7,,,,
"1952-07-01",29663.8004227308,13.8104246362006,11.2573008427153,3.2,,,,,1.81,,,,
"1952-08-01",30857.6080667628,13.7044707474427,11.2615202208423,3.4,,,,,1.83,,,,
"1952-09-01",31403.8415105037,13.6577826639852,11.2362039520805,3.1,,,,,1.71,,,,
"1952-10-01",31440.6079679365,13.7424757094628,11.2615202208423,3,,,,,1.74,,,,
"1952-11-01",31793.7977904848,13.7497531903118,11.2615202208423,2.8,,,,,1.85,,,,
"1952-12-01",31968.5942415732,13.7870570299362,11.2699589770962,2.7,,,,,2.09,,,,
"1953-01-01",32131.4527332023,13.7753067956761,11.2404233302075,2.9,,,,,1.96,,,,
"1953-02-01",32305.9349688062,13.7562052568166,11.2193264395727,2.6,,,,,1.97,,,,
"1953-03-01",32557.612297983,13.7575822353413,11.2362039520805,2.6,,,,,2.01,,,,
"1953-04-01",32655.7344774058,13.7740827779846,11.2615202208423,2.7,,,,,2.19,2.83,,,
"1953-05-01",32714.026251769,13.7706612457556,11.2657395989692,2.5,,,,,2.16,3.05,,,
"1953-06-01",32567.4892708145,13.8257626356634,11.2952752458579,2.5,,,,,2.11,3.11,,,
"1953-07-01",32749.0115364882,13.8124256050655,11.3037140021118,2.6,,,,,2.04,2.93,,,
"1953-08-01",32678.3279083283,13.8436580384155,11.3290302708735,2.7,,,,,2.04,2.95,,,
"1953-09-01",32365.4105551767,13.8874621487951,11.3459077833813,2.9,,,,,1.79,2.87,,,
"1953-10-01",32520.0231526913,13.8700755921756,11.3712240521431,3.1,,,,,1.38,2.66,,,
"1953-11-01",32134.9719389887,13.8529200271558,11.3290302708735,3.5,,,,,1.44,2.68,,,
"1953-12-01",31837.5049083123,13.8978939896949,11.3374690271274,4.5,,,,,1.6,2.59,,,
"1954-01-01",31965.7051057868,13.9220819019461,11.3670046740161,4.9,,,,,1.18,2.48,,,
"1954-02-01",32237.6567890563,13.9187670900586,11.3881015646509,5.2,,,,,0.97,2.47,,,
"1954-03-01",32132.8881051613,13.9117254044414,11.3627852958892,5.7,,,,,1.03,2.37,,,
"1954-04-01",31945.128484748,13.913211655504,11.3332496490005,5.9,,,,,0.97,2.29,,,
"1954-05-01",32201.208076752,13.9345284974714,11.3627852958892,5.9,,,,,0.76,2.37,,,
"1954-06-01",32383.9134384955,13.9429922722299,11.3670046740161,5.6,,,,,0.64,2.38,,,
"1954-07-01",32498.2434582007,13.9221119838538,11.3332496490005,5.8,,,0.25,0.8,0.72,2.3,,,
"1954-08-01",32579.7452318677,13.9511518849233,11.3290302708735,6,,,1.44,1.22,0.92,2.36,,,
"1954-09-01",32671.011309924,13.9725078147508,11.3121527583657,6.1,,,1.44,1.07,1.01,2.38,,,
"1954-10-01",32920.4390896,13.9548662507391,11.2741783552231,5.7,,,1.13,0.85,0.98,2.43,,,
"1954-11-01",33368.7667391182,13.9900161739847,11.2994946239848,5.3,,,1.38,0.83,0.93,2.48,,,
"1954-12-01",33644.2941712732,14.014435595321,11.2952752458579,5,,,1.44,1.28,1.15,2.51,,,
"1955-01-01",34122.9656372923,14.0181979836528,11.2952752458579,4.9,,,1.44,1.39,1.22,2.61,,,
"1955-02-01",34373.0844233715,14.0742779627043,11.3163721364927,4.7,,,1.44,1.29,1.17,2.65,,,
"1955-03-01",34772.1999393338,14.0630864483572,11.3037140021118,4.6,,,1.44,1.35,1.28,2.68,,,
"1955-04-01",34889.7650324327,14.1008936522541,11.3037140021118,4.7,,,1.69,1.43,1.59,2.75,,,
"1955-05-01",35219.7873661408,14.103200158256,11.2952752458579,4.3,,,1.69,1.43,1.45,2.76,,,
"1955-06-01",35273.4476014235,14.1259695227795,11.2699589770962,4.2,,,1.69,1.64,1.41,2.78,,,
"1955-07-01",35733.892670478,14.1549855950442,11.2910558677309,4,,,1.75,1.68,1.6,2.9,,,
"1955-08-01",35764.235135636,14.1920226613052,11.2741783552231,4.2,,,2,1.96,1.9,2.97,,,
"1955-09-01",36057.1221938758,14.2798265777784,11.3290302708735,4.1,,,2.19,2.18,2.07,2.97,,,
"1955-10-01",36352.2700553767,14.278926518487,11.3163721364927,4.3,,,2.25,2.24,2.23,2.88,,,
"1955-11-01",36419.4328420373,14.3615642942864,11.3416884052544,4.2,,,2.44,2.35,2.24,2.89,,,
"1955-12-01",36501.2971025837,14.4089368105134,11.3374690271274,4.2,,,2.5,2.48,2.54,2.96,,,
"1956-01-01",36671.6315425645,14.431442729645,11.3205915146196,4,,,2.5,2.45,2.41,2.9,,,
"1956-02-01",36552.639295888,14.5136154868955,11.3332496490005,3.9,,,2.5,2.5,2.32,2.84,,,
"1956-03-01",36712.229161546,14.5345702509524,11.3459077833813,4.2,,,2.5,2.5,2.25,2.96,,,
"1956-04-01",37127.9788225955,14.5032774945191,11.3627852958892,4,,,2.75,2.62,2.6,3.18,,,
"1956-05-01",37162.481114632,14.5722130660837,11.4049790771587,4.3,,,2.75,2.75,2.61,3.07,,,
"1956-06-01",37212.0400627678,14.6622196267649,11.4556116146822,4.3,,,2.75,2.71,2.49,3,,,
"1956-07-01",36695.9244260377,14.8619272288289,11.5146829084595,4.4,,,2.69,2.75,2.31,3.11,,,
"1956-08-01",37789.3389208152,14.7359779581853,11.5231216647134,4.1,,,3,2.73,2.6,3.33,,,
"1956-09-01",38312.4866531448,14.6918112013684,11.5399991772213,3.9,,,3,2.95,2.84,3.38,,,
"1956-10-01",38434.8087573858,14.7519039481587,11.6075092272525,3.9,,,3,2.96,2.9,3.34,,,
"1956-11-01",38062.7951287615,14.8316522985912,11.6075092272525,4.3,,,3,2.88,2.99,3.49,,,
"1956-12-01",38618.146113849,14.8798733149734,11.658141764776,4.2,,,3,2.94,3.21,3.59,,,
"1957-01-01",38726.5092595188,14.9847733656191,11.6750192772838,4.2,,,3,2.84,3.11,3.46,,,
"1957-02-01",39283.9499059375,15.0314695745658,11.7298711929342,3.9,,,3,3,3.1,3.34,,,
"1957-03-01",39434.2908345365,15.0572602661143,11.755187461696,3.7,,,2.94,2.96,3.08,3.41,,,
"1957-04-01",39222.0587320085,15.0987032650931,11.7847231085846,3.9,,,3,3,3.07,3.48,,,
"1957-05-01",39269.633914012,15.1245798435974,11.8142587554733,4.1,,,3,3,3.06,3.6,,,
"1957-06-01",39514.5573539742,15.1655846349976,11.8606719148698,4.3,,,3,3,3.29,3.8,,,
"1957-07-01",39815.5999561418,15.2041968459117,11.8944269398855,4.2,,,2.88,2.99,3.16,3.93,,,
"1957-08-01",40030.618451483,15.2289279842498,11.9324013430281,4.1,,,3.5,3.24,3.37,3.93,,,
"1957-09-01",40026.2815923672,15.2261880563508,11.9492788555359,4.4,,,3.5,3.47,3.53,3.92,,,
"1957-10-01",39883.3595234185,15.1898723674362,11.9492788555359,4.5,,,3.5,3.5,3.58,3.97,,,
"1957-11-01",39547.7012664213,15.2367490240632,11.9872532586785,5.1,,,3,3.28,3.31,3.72,,,
"1957-12-01",39284.9392101538,15.2657085499379,12.0125695274402,5.2,,,3,2.98,3.04,3.21,,,
"1958-01-01",39130.0171843635,15.3468102393587,12.0842989555984,5.8,,,1.5,2.72,2.44,3.09,,,
"1958-02-01",38829.0567987915,15.3935558293208,12.1096152243602,6.4,,,0.5,1.67,1.53,3.05,,,
"1958-03-01",38925.9260168418,15.4459833697746,12.1813446525184,6.7,,,0.5,1.2,1.3,2.98,,,
"1958-04-01",38853.619602448,15.4728214038547,12.2108802994071,7.4,,,0.25,1.26,1.13,2.88,,,
"1958-05-01",39247.4946468415,15.4420283114826,12.2108802994071,7.4,,,0.13,0.63,0.91,2.92,,,
"1958-06-01",39893.3857507075,15.4060930164998,12.1982221650262,7.3,,,0.5,0.93,0.83,2.97,,,
"1958-07-01",40107.9401663438,15.4793730062704,12.1897834087723,7.5,,,0.38,0.68,0.91,3.2,,,
"1958-08-01",40592.5466361392,15.5382486813517,12.2108802994071,7.4,,,1.75,1.53,1.69,3.54,,,
"1958-09-01",40759.763197512,15.5843308678216,12.1982221650262,7.1,,,1.5,1.76,2.44,3.76,,,
"1958-10-01",41083.8372646615,15.6103174965216,12.1982221650262,6.7,,,2,1.8,2.63,3.8,,,
"1958-11-01",41915.471767971,15.575596454612,12.215099677534,6.2,,,2.5,2.27,2.67,3.74,,,
"1958-12-01",41889.440967365,15.6373696935982,12.2235384337879,6.2,,,2.38,2.42,2.77,3.86,,,
"1959-01-01",42242.299907316,15.6462789603377,12.2404159462958,6,274900,286600,2.5,2.48,2.82,4.02,,,
"1959-02-01",42609.152878644,15.6341789779352,12.2361965681688,5.9,276000,287700,2.5,2.43,2.7,3.96,,,
"1959-03-01",42731.0472140378,15.6522152249749,12.2235384337879,5.6,277300,289200,3,2.8,2.8,3.99,,,
"1959-04-01",43035.334377257,15.6744248128993,12.2277578119149,5.2,278100,290100,3,2.96,2.95,4.12,,,
"1959-05-01",43574.7620544107,15.6709848153426,12.2530740806766,5.1,280200,292200,3.25,2.9,2.84,4.31,,,
"1959-06-01",44053.1535683268,15.6614382029294,12.2826097275653,5,281900,294100,3,3.39,3.21,4.34,,,
"1959-07-01",44061.6887059178,15.6772948780036,12.2994872400731,5.1,283100,295200,3.5,3.47,3.2,4.4,,,
"1959-08-01",43490.1951775387,15.7592235014525,12.312145374454,5.2,284200,296400,3.5,3.5,3.38,4.43,,,
"1959-09-01",43706.6161165393,15.7522491837134,12.3416810213427,5.5,284300,296700,3,3.76,4.04,4.68,,,
"1959-10-01",43494.7368486623,15.8131194627189,12.3838748026122,5.7,284200,296500,4,3.98,4.05,4.53,,,
"1959-11-01",43492.8210751202,15.8388328881954,12.3838748026122,5.8,285400,297100,4,4,4.15,4.53,,,
"1959-12-01",45162.4420762168,15.7244980017068,12.4091910713739,5.3,286300,297800,4,3.99,4.49,4.69,,,
"1960-01-01",45606.8996523985,15.7602705304905,12.3923135588661,5.2,286700,298200,4,3.99,4.35,4.72,,,
"1960-02-01",45177.5009839985,15.8883379157629,12.4091910713739,4.8,287000,298400,4,3.97,3.96,4.49,,,
"1960-03-01",44877.5993635975,15.9164813182557,12.4091910713739,5.4,287800,299300,4,3.84,3.31,4.25,,,
"1960-04-01",44934.339752082,15.9037994939482,12.4640429870244,5.2,288300,300100,4,3.92,3.23,4.28,,,
"1960-05-01",45182.6220687177,15.8636136122336,12.4767011214052,5.1,289100,300900,3.5,3.85,3.29,4.35,,,
"1960-06-01",45153.0381792013,15.9149142490429,12.493578633913,5.4,290300,302300,3.5,3.32,2.46,4.15,,,
"1960-07-01",45388.1366391505,15.928618909682,12.4682623651513,5.5,291700,304100,3.25,3.23,2.3,3.9,,,
"1960-08-01",45649.1844929075,15.9528402175372,12.493578633913,5.6,294100,306900,3,2.98,2.3,3.8,,,
"1960-09-01",45363.678867939,15.9649965851558,12.493578633913,5.5,295500,308400,3,2.6,2.48,3.8,,,
"1960-10-01",45348.2706991155,15.9666975645527,12.5526499276904,6.1,296400,309500,2.75,2.47,2.3,3.89,,,
"1960-11-01",44999.7072556675,15.9866355502911,12.5653080620713,6.1,298300,310900,0.25,2.44,2.37,3.93,,,
"1960-12-01",44701.272045209,16.0353226717994,12.5779661964521,6.6,299800,312400,3,1.98,2.25,3.84,,,
"1961-01-01",45236.5864988085,16.0103777320571,12.590624330833,6.6,301400,314100,2.25,1.45,2.24,3.84,,,
"1961-02-01",45423.717588571,16.0260443650634,12.590624330833,6.9,303500,316500,2,2.54,2.42,3.78,,,
"1961-03-01",45594.1959126185,16.0551222180171,12.590624330833,6.9,305200,318300,2,2.02,2.39,3.74,,,
"1961-04-01",45938.1642522702,16.0567940032717,12.5779661964521,7,306400,319900,0.5,1.49,2.29,3.78,,,
"1961-05-01",46289.3830927685,16.0775290337352,12.590624330833,7.1,308200,322200,1,1.98,2.29,3.71,,,
"1961-06-01",46658.7026549622,16.067748366408,12.590624330833,6.9,309900,324300,0.5,1.73,2.33,3.88,,,
"1961-07-01",47134.6585440653,16.0759585125361,12.6243793558486,7,310800,325600,2.5,1.17,2.24,3.92,,,
"1961-08-01",47424.3334355883,16.0864949657984,12.6328181121025,6.6,312600,327600,1.75,2,2.39,4.04,,,
"1961-09-01",47357.0080203485,16.1633302904529,12.6496956246104,6.7,314200,329500,1.5,1.88,2.28,3.98,,,
"1961-10-01",47874.5921265822,16.1561623549535,12.6496956246104,6.5,315600,331100,2,2.26,2.3,3.92,,,
"1961-11-01",48405.5836459682,16.1500666238166,12.6496956246104,6.1,318500,333400,1.75,2.61,2.48,3.94,,,
"1961-12-01",48872.824227446,16.170580357614,12.6623537589912,6,320700,335500,2.5,2.33,2.6,4.06,,,
"1962-01-01",48865.5051715212,16.251955542915,12.6750118933721,5.8,321800,337500,1.5,2.15,2.72,4.08,,,
"1962-02-01",49665.3127553975,16.2316788524723,12.7045475402608,5.5,323700,340100,2.75,2.37,2.73,4.04,,,
"1962-03-01",49972.4320730775,16.2432341097667,12.7298638090225,5.6,325700,343100,2.75,2.85,2.72,3.93,,,
"1962-04-01",50036.5746836198,16.2499069179157,12.7467413215303,5.6,327400,345500,2.5,2.78,2.73,3.84,,,
"1962-05-01",50044.2715513715,16.2728842591372,12.7593994559112,5.5,329200,347500,2.75,2.36,2.69,3.87,,,
"1962-06-01",50010.6537650072,16.2835154603934,12.7467413215303,5.5,330700,349300,2.75,2.68,2.73,3.91,,,
"1962-07-01",50509.9588828382,16.2668003882591,12.7509606996573,5.4,332000,350800,2.75,2.71,2.92,4.01,,,
"1962-08-01",50684.2500974155,16.3013513214598,12.776276968419,5.7,333600,352800,3,2.93,2.82,3.98,,,
"1962-09-01",51062.5410197475,16.3405944795543,12.8353482621964,5.6,335100,354900,2.75,2.9,2.78,3.98,,,
"1962-10-01",50945.846660452,16.3269028636598,12.8184707496886,5.4,337000,357200,3,2.9,2.74,3.93,,,
"1962-11-01",51053.5550038965,16.3266474482921,12.8184707496886,5.7,340000,359800,2.88,2.94,2.83,3.92,,,
"1962-12-01",51070.5983356493,16.3552423823513,12.8184707496886,5.5,342600,362700,3,2.93,2.87,3.86,,,
"1963-01-01",51488.951353401,16.3871139380615,12.8437870184503,5.7,344600,365200,3,2.92,2.91,3.83,,,
"1963-02-01",51914.2600545085,16.3994657896124,12.8606645309581,5.9,347000,367900,3,3,2.92,3.92,,,
"1963-03-01",52014.7885920885,16.4362669557758,12.873322665339,5.7,349300,370700,3,2.98,2.89,3.93,,,
"1963-04-01",52033.3460527525,16.4423579721615,12.8606645309581,5.7,351300,373300,3,2.9,2.9,3.97,,,
"1963-05-01",52483.2077704412,16.4250517627579,12.873322665339,5.9,353700,376100,3,3,2.93,3.93,,,
"1963-06-01",52921.446176802,16.4419048988944,12.9155164466085,5.6,355600,378400,3,2.99,2.99,3.99,,,
"1963-07-01",53310.993232377,16.4486538978751,12.9492714716242,5.6,357800,381100,3.5,3.02,3.18,4.02,,,
"1963-08-01",53706.470358917,16.4664287650195,12.9745877403859,5.4,359700,383600,3.5,3.49,3.32,4,,,
"1963-09-01",54093.5364087015,16.4588751878449,12.961929606005,5.5,361500,386000,3.5,3.48,3.38,4.08,,,
"1963-10-01",54242.2068016417,16.5314873871005,12.9745877403859,5.5,362900,388300,3.5,3.5,3.45,4.11,,,
"1963-11-01",54494.2880670953,16.5824904266361,12.9872458747667,5.7,366200,391500,3.5,3.48,3.52,4.12,,,
"1963-12-01",54748.0051312638,16.6608627421392,13.0294396560363,5.5,367700,393200,3.25,3.38,3.52,4.13,,,
"1964-01-01",55557.269532632,16.6455185820632,13.054755924798,5.6,369300,395200,3.5,3.48,3.52,4.17,,,
"1964-02-01",55954.7086630055,16.6205081331911,13.0420977904172,5.4,371500,397600,3.5,3.48,3.53,4.15,,,
"1964-03-01",55943.5218043628,16.6650984011805,13.054755924798,5.4,373400,399800,3.5,3.43,3.54,4.22,,,
"1964-04-01",56346.524566806,16.6463278081414,13.058975302925,5.3,375100,401700,3.5,3.47,3.47,4.23,,,
"1964-05-01",56533.7744298387,16.678752371706,13.0716334373058,5.1,377400,404200,3.5,3.5,3.48,4.2,,,
"1964-06-01",56788.201003351,16.7206695343831,13.0842915716867,5.2,379700,407100,3.5,3.5,3.48,4.17,,,
"1964-07-01",57354.8253993605,16.7344843570713,13.0885109498137,4.9,382300,410100,3.5,3.42,3.46,4.19,,,
"1964-08-01",57768.1230116935,16.7472807227133,13.1011690841945,5,385200,413400,3.5,3.5,3.5,4.19,,,
"1964-09-01",57884.8015889457,16.763818589948,13.1138272185754,5.1,388100,416900,2.75,3.45,3.53,4.2,,,
"1964-10-01",57094.7384639253,16.8563485911061,13.1307047310832,5.1,390000,419100,3.5,3.36,3.57,4.19,,,
"1964-11-01",58354.0932506677,16.7936725742249,13.1686791342258,4.8,393200,422000,4,3.52,3.64,4.15,,,
"1964-12-01",58880.918285406,16.8243535067623,13.1855566467336,5,395500,424700,4,3.85,3.84,4.18,,,
"1965-01-01",59468.1593463765,16.882726622427,13.1982147811145,4.9,397600,427500,4,3.9,3.81,4.19,,,
"1965-02-01",59727.8119526887,16.924619143267,13.1982147811145,5.1,399700,430400,4,3.98,3.93,4.21,,,
"1965-03-01",60251.5287009328,16.9202497517693,13.2108729154953,4.7,402200,433200,4,4.05,3.93,4.21,,,
"1965-04-01",60349.2310854273,16.9481830450497,13.240408562384,4.8,404100,435400,4.13,4.09,3.93,4.2,,,
"1965-05-01",60787.4199410653,16.9798731707625,13.2826023436536,4.6,405400,437100,4.13,4.1,3.89,4.21,,,
"1965-06-01",61411.098973503,17.0316957567089,13.337454259304,4.6,407900,440100,4.13,4.05,3.8,4.21,,,
"1965-07-01",62028.9646530277,17.0207088513086,13.3247961249231,4.4,410000,442900,4.13,4.09,3.84,4.2,,,
"1965-08-01",62418.641041038,17.0360937031984,13.3121379905423,4.4,412500,445800,4,4.12,3.84,4.25,,,
"1965-09-01",62883.1443059267,17.1010333888536,13.3416736374309,4.3,415600,449500,4.13,4.02,3.92,4.29,,,
"1965-10-01",63656.108072597,17.1162586903451,13.3543317718118,4.2,418300,452600,4.13,4.08,4.03,4.35,,,
"1965-11-01",64205.0843482253,17.1839369107209,13.3965255530814,4.1,421500,455700,4.13,4.1,4.09,4.45,,,
"1965-12-01",65103.0575791717,17.2089654624069,13.4387193343509,4,424700,459200,4.63,4.32,4.38,4.62,,,
"1966-01-01",65729.0027363605,17.2156949634282,13.4513774687318,4,426700,462000,4.5,4.42,4.59,4.61,,,
"1966-02-01",66293.4270866325,17.3050140109021,13.5357650312709,3.8,427900,464600,4.63,4.6,4.65,4.83,,,
"1966-03-01",66911.0701770032,17.3203282196623,13.5779588125404,3.8,428600,467200,4.75,4.66,4.59,4.87,,,
"1966-04-01",66765.4989451583,17.3936466420743,13.62015259381,3.8,427800,469300,4.63,4.67,4.62,4.75,,,
"1966-05-01",67131.3622161548,17.4186275585362,13.6496882406986,3.9,426400,470100,4.75,4.9,4.64,4.78,,,
"1966-06-01",67348.388838687,17.4531292885114,13.6623463750795,3.8,426300,471200,5.5,5.17,4.5,4.81,,,
"1966-07-01",67821.218561467,17.5013993848812,13.6918820219682,3.8,424600,470900,5.75,5.3,4.8,5.02,,,
"1966-08-01",68215.1106278245,17.6190908241021,13.7762695845073,3.8,424000,472600,4.5,5.53,4.96,5.22,,,
"1966-09-01",68873.1708107028,17.649446118465,13.8184633657768,3.7,425100,475400,5.75,5.4,5.37,5.18,,,
"1966-10-01",69376.501567445,17.6865874628742,13.8606571470464,3.7,423400,475700,5.75,5.53,5.35,5.01,,,
"1966-11-01",69212.374933668,17.7556658392171,13.8733152814272,3.6,424000,477300,5.75,5.76,5.32,5.16,,,
"1966-12-01",69736.6234988865,17.7713265939422,13.8901927939351,3.8,425100,480200,5,5.4,4.96,4.84,,,
"1967-01-01",70477.4992260165,17.7408844233027,13.8817540376812,3.9,424600,481600,4,4.94,4.72,4.58,,,
"1967-02-01",70357.2551503862,17.8354813843548,13.9239478189507,3.8,425900,485100,4.75,5,4.56,4.63,,,
"1967-03-01",70207.7456235945,17.8584722498134,13.9239478189507,3.8,428700,489700,4.5,4.53,4.26,4.54,,,
"1967-04-01",70831.2670200305,17.8417462152586,13.9661416002203,3.8,429300,492100,4,4.05,3.84,4.59,,,
"1967-05-01",70450.6162353115,17.8869967842241,13.9661416002203,3.8,432400,497200,4.13,3.94,3.6,4.85,,,
"1967-06-01",70963.8667446568,17.9774523524396,14.0505291627593,3.9,435300,502000,3.5,3.98,3.54,5.02,,,
"1967-07-01",71329.2194192187,18.0492935357714,14.0927229440289,3.8,437600,506300,3.75,3.79,4.21,5.16,,,
"1967-08-01",72568.488064614,18.0327855340817,14.1349167252984,3.8,440500,510800,4,3.9,4.27,5.28,,,
"1967-09-01",72410.5425161645,18.138879624651,14.177110506568,3.8,442700,514700,3.75,3.99,4.42,5.3,,,
"1967-10-01",72506.9778546735,18.2147913494037,14.2193042878375,4,444200,518200,4.13,3.88,4.56,5.48,,,
"1967-11-01",73451.9182455648,18.2853999170216,14.3036918503766,3.9,445800,521200,4.5,4.13,4.73,5.75,,,
"1967-12-01",74400.853899759,18.3219077018781,14.3458856316462,3.8,447000,524800,4.5,4.51,4.97,5.7,,,
"1968-01-01",75025.338554104,18.4074663157236,14.3880794129157,3.7,447500,527400,4.75,4.61,5,5.53,,,
"1968-02-01",75822.666601888,18.4741061634579,14.4302731941853,3.8,448200,530400,4.75,4.71,4.98,5.56,,,
"1968-03-01",76498.7448440093,18.5486542179815,14.4724669754548,3.7,449800,533200,5.25,5.05,5.17,5.74,,,
"1968-04-01",76981.3645114158,18.6377055514438,14.5146607567244,3.5,450900,535700,6.25,5.76,5.38,5.64,,,
"1968-05-01",77974.027300763,18.6528550332925,14.5568545379939,3.5,452500,538900,6.13,6.12,5.66,5.87,,,
"1968-06-01",78630.6081878197,18.725395450778,14.641242100533,3.7,454300,542600,5.5,6.07,5.52,5.72,,,
"1968-07-01",78914.093442007,18.8038836200017,14.7256296630721,3.7,455100,545600,6,6.03,5.31,5.5,,,
"1968-08-01",79234.464132348,18.8479971948782,14.7678234443417,3.5,457100,549400,5.75,6.03,5.09,5.42,,,
"1968-09-01",79557.6924256412,18.9145711846393,14.8100172256112,3.4,459200,553600,5.5,5.78,5.19,5.46,,,
"1968-10-01",79877.6534644535,19.0581448349371,14.8944047881503,3.4,460700,557600,6,5.91,5.35,5.58,,,
"1968-11-01",80785.7725979315,19.0937950911706,14.9365985694198,3.4,463400,562400,6,5.82,5.45,5.7,,,
"1968-12-01",81344.0739376132,19.2122199595199,15.0209861319589,3.4,466300,566800,4,6.02,5.96,6.03,,,
"1969-01-01",82000.619607931,19.2660622555326,15.0631799132285,3.4,467400,569300,6.38,6.3,6.14,6.04,,,
"1969-02-01",82645.263035247,19.3009382659795,15.105373694498,3.4,467500,571900,7,6.61,6.12,6.19,,,
"1969-03-01",83688.3673568168,19.3899031318101,15.2319550383067,3.4,468900,574400,6.25,6.79,6.02,6.3,,,
"1969-04-01",83780.933555662,19.4863455960125,15.3163426008458,3.4,468600,575700,8,7.41,6.11,6.17,,,
"1969-05-01",83724.6494486258,19.5686302104708,15.3585363821153,3.4,468100,576500,9.38,8.67,6.04,6.32,,,
"1969-06-01",84749.4169957055,19.6395509208443,15.4429239446544,3.5,469200,578500,7.5,8.9,6.44,6.57,,,
"1969-07-01",85515.2777279917,19.7592776170041,15.5273115071935,3.5,467700,579500,8.75,8.61,7,6.72,,,
"1969-08-01",85850.6981253198,19.8306173160568,15.5695052884631,3.5,466100,580100,9.75,9.19,6.98,6.69,,,
"1969-09-01",86123.0241466855,19.930074214233,15.6538928510022,3.7,466700,582100,8.5,9.15,7.09,7.16,,,
"1969-10-01",86365.7779063248,20.0010091501943,15.7382804135412,3.7,466400,583400,9,9,7,7.1,,,
"1969-11-01",86255.154905605,20.1136052769145,15.8226679760803,3.5,466900,585400,9.25,8.85,7.24,7.14,,,
"1969-12-01",86915.817188065,20.1731847283076,15.9070555386194,3.5,467600,587900,5,8.97,7.82,7.65,,,
"1970-01-01",86814.4426135387,20.3088384460346,15.9914431011585,3.9,468900,589600,9.38,8.98,7.87,7.79,,,
"1970-02-01",87692.8792857253,20.3686080735042,16.0758306636976,4.2,462900,586300,8.5,8.98,7.13,7.24,,,
"1970-03-01",88292.678100735,20.458412879341,16.1602182262367,4.4,460200,587300,7.5,7.76,6.63,7.07,,,
"1970-04-01",88566.3060973923,20.5817545560296,16.2446057887758,4.6,458100,588400,8.5,8.1,6.51,7.39,,,
"1970-05-01",88894.7769856418,20.6490746597311,16.2867995700454,4.8,457300,591500,7.88,7.95,6.84,7.91,,,
"1970-06-01",89382.6669169613,20.7585352384188,16.3711871325845,4.9,458000,595200,5.75,7.61,6.68,7.84,,,
"1970-07-01",90219.9775763302,20.7874637065059,16.413380913854,5,459500,599100,6.75,7.21,6.45,7.46,,,
"1970-08-01",90615.7816244315,20.8177496794163,16.4555746951236,5.1,462800,604900,6.5,6.62,6.41,7.53,,,
"1970-09-01",90678.9907992375,20.8934464578107,16.5399622576627,5.4,466900,611200,5,6.29,6.12,7.39,,,
"1970-10-01",89690.507139384,21.0200786988605,16.6243498202017,5.5,469900,616400,6.13,6.2,5.91,7.33,,,
"1970-11-01",89963.7020712328,21.1378449717938,16.7087373827408,5.9,472500,621100,5.5,5.6,5.28,6.84,,,
"1970-12-01",92497.7907893787,21.1646392299634,16.7931249452799,6.1,475400,626500,3,4.9,4.87,6.39,,,
"1971-01-01",94158.910954066,21.3030212481395,16.8353187265495,5.9,479100,632900,4,4.14,4.44,6.24,,,
"1971-02-01",94635.4852506528,21.4263359608787,16.8353187265495,5.9,483500,641000,3.38,3.72,3.7,6.11,100.963333333333,,
"1971-03-01",94994.6037952773,21.5564738327503,16.877512507819,6,488300,649900,4.5,3.71,3.38,5.7,104.470434782609,,
"1971-04-01",95471.3969559048,21.6197235477781,16.9197062890886,5.9,492600,658400,4.25,4.16,3.86,5.83,109.555238095238,,
"1971-05-01",96302.9880497593,21.7120647670895,17.0040938516277,5.9,497700,666700,4.88,4.63,4.14,6.39,109.5705,,
"1971-06-01",97293.3649943307,21.7962567228008,17.0884814141668,5.9,501700,673000,4.75,4.91,4.75,6.52,108.567727272727,,
"1971-07-01",97821.1777325715,21.8696716719305,17.1306751954363,6,505700,679600,5.5,5.31,5.4,6.73,109.303333333333,,
"1971-08-01",97746.6175324568,21.9710432605829,17.1728689767059,6.1,509000,685500,5.75,5.57,4.94,6.58,106.513181818182,,
"1971-09-01",98850.9547349708,21.9528488775649,17.2150627579754,6,512500,692500,5.38,5.55,4.69,6.14,109.52380952381,,
"1971-10-01",98942.9919858743,21.9963411342403,17.257256539245,5.8,515400,698400,5.13,5.2,4.46,5.93,108.41,,
"1971-11-01",98958.846376573,22.1116648218733,17.2994503205145,6,518000,704600,4.25,4.91,4.22,5.81,103.585238095238,,
"1971-12-01",99672.4116375513,22.2352339502656,17.3416441017841,6,520500,710300,3,4.14,4.01,5.93,109.808181818182,,
"1972-01-01",101484.72206732,22.3321261029516,17.3838378830536,5.8,524800,717700,3.13,3.51,3.38,5.95,116.543333333333,,
"1972-02-01",102677.168535118,22.4906371470283,17.4682254455927,5.7,529400,725700,3.25,3.3,3.2,6.08,122.6645,,
"1972-03-01",103490.359397559,22.5284809334437,17.4682254455927,5.8,533800,733500,4,3.83,3.73,6.07,127.548181818182,,
"1972-04-01",104939.579831421,22.5253093872198,17.5104192268622,5.7,536700,738400,4.31,4.17,3.71,6.19,131.8145,,
"1972-05-01",105501.866345035,22.593351608563,17.5526130081318,5.7,538600,743300,4.75,4.27,3.69,6.13,130.496363636364,,
"1972-06-01",106150.803823539,22.6524871186302,17.5948067894013,5.7,541500,749700,4.5,4.46,3.91,6.11,130.979090909091,,
"1972-07-01",106396.960091096,22.7425883102373,17.6370005706709,5.6,546500,759500,4.5,4.55,3.98,6.11,129.1825,,
"1972-08-01",107686.709248218,22.7698012934899,17.6791943519404,5.6,552100,768700,5.13,4.81,4.02,6.21,130.618695652174,,
"1972-09-01",108557.830660684,22.9072156362693,17.7635819144795,5.5,557500,778300,4.88,4.87,4.66,6.55,128.284,,
"1972-10-01",109534.336919125,23.0033162775831,17.8057756957491,5.6,561600,786900,4.88,5.05,4.74,6.48,128.395,,
"1972-11-01",110769.354304761,23.118050136834,17.8901632582882,5.3,565600,793900,5.19,5.06,4.78,6.28,132.6745,,
"1972-12-01",111922.30877611,23.1702207195355,17.9323570395577,5.2,570600,802300,5.5,5.33,5.07,6.36,133.312105263158,,
"1973-01-01",113074.361145583,23.262596354939,18.0167446020968,4.9,574200,810300,6.5,5.94,5.41,6.46,133.529047619048,,
"1973-02-01",115112.230124847,23.3251462308459,18.1433259459055,5,575300,814100,7.5,6.58,5.6,6.64,124.496842105263,,
"1973-03-01",116185.908729569,23.5019443627133,18.3121010709837,4.9,575200,815300,7.38,7.09,6.09,6.71,119.582727272727,,
"1973-04-01",116963.281830283,23.631752405128,18.4386824147923,5,576500,819700,7.63,7.12,6.26,6.67,112.95,,
"1973-05-01",118006.267200467,23.6902559947483,18.5230699773314,4.9,580000,826800,8.13,7.84,6.36,6.85,106.370909090909,,
"1973-06-01",118502.200969249,23.8463149495368,18.64965132114,4.9,583300,833300,8.88,8.49,7.19,6.9,101.752857142857,,
"1973-07-01",118367.418894118,23.8902426030455,18.64965132114,4.8,584900,836500,11.22,10.4,8.01,7.13,104.68619047619,,
"1973-08-01",119514.059572682,24.2857138841862,18.9872015712964,4.8,583600,838800,11.22,10.5,8.67,7.4,104.389565217391,,
"1973-09-01",120578.021533197,24.3794423292918,19.0715891338355,4.8,582900,839300,10.82,10.78,8.29,7.09,107.642631578947,,
"1973-10-01",122262.686068354,24.5507930876809,19.2403642589137,4.6,584500,842600,10.61,10.01,7.22,6.79,112.357391304348,,
"1973-11-01",123255.637555898,24.6537894100631,19.3669456027223,4.8,586800,848900,10.34,10.03,7.83,6.73,101.291904761905,,
"1973-12-01",123553.926375748,24.7954190967914,19.5357207278005,4.9,589700,855500,9.83,9.95,7.45,6.74,90.7925,,
"1974-01-01",123494.206308836,24.94972966399,19.7466896341483,5.1,591400,859700,9.31,9.65,7.77,6.99,94.2090909090909,,
"1974-02-01",124073.061160057,25.1237601252666,19.957658540496,5.2,593100,864200,8.87,8.97,7.12,6.96,92.2036842105263,,
"1974-03-01",125234.982531103,25.3227389488953,20.1686274468437,5.1,595500,870100,9.95,9.35,7.96,7.21,94.9652380952381,,
"1974-04-01",126005.274638453,25.509436747298,20.2952087906524,5.1,596700,872900,11,10.51,8.33,7.51,89.5890476190476,,
"1974-05-01",127999.775499009,25.7105570389973,20.5061776970001,5.1,597300,874600,11.64,11.31,8.23,7.58,83.3972727272727,,
"1974-06-01",128508.949862535,25.9563507477437,20.6749528220783,5.4,598900,877800,13.31,11.93,7.9,7.54,81.0015,,
"1974-07-01",128942.047129374,26.1488764177436,20.801534165887,5.5,601000,881400,12.06,12.92,7.55,7.81,72.435,,
"1974-08-01",129322.807554662,26.5092722955228,21.0546968535042,5.5,602100,884100,11.6,12.01,8.96,8.04,66.5822727272727,,
"1974-09-01",131741.645315964,26.782290618776,21.3500533223911,5.9,603700,887900,11.11,11.34,8.06,8.04,58.642,,
"1974-10-01",133964.822723363,26.9164472198579,21.5188284474693,6,606500,893300,9.66,10.06,7.46,7.9,60.5752173913043,,
"1974-11-01",133386.079793763,27.279824704864,21.729797353817,6.6,609900,898600,9.47,9.45,7.47,7.68,63.9425,,
"1974-12-01",132568.847482871,27.5918487891486,21.8985724788952,7.2,612800,902100,3.87,8.53,7.15,7.43,59.1619047619048,,
"1975-01-01",134307.48996803,27.7005924082656,22.0673476039734,8.1,614900,906300,6.76,7.13,6.26,7.5,64.4572727272727,,
"1975-02-01",134495.384939512,27.8989542364702,22.193928947782,8.1,618900,914100,6.07,6.24,5.5,7.39,72.0831578947368,,
"1975-03-01",135226.125092455,28.0362372388917,22.2783165103211,8.6,624800,925000,5.39,5.54,5.49,7.73,75.057,,
"1975-04-01",136753.63179947,28.1466942997653,22.3627040728602,8.8,629700,935100,7.03,5.49,5.61,8.23,76.975,,
"1975-05-01",137272.169172077,28.2692573393205,22.4048978541298,9,638000,947900,5.23,5.22,5.23,8.06,81.847619047619,,
"1975-06-01",138937.449028449,28.460864026753,22.573672979208,8.8,648000,963000,5.97,5.55,5.34,7.86,84.6414285714286,,
"1975-07-01",140873.179154942,28.6791755899687,22.7846418855557,8.6,654400,975100,6.23,6.1,6.13,8.06,85.62,,
"1975-08-01",142228.932551372,28.7756385122172,22.8690294480948,8.4,658300,983100,6.13,6.14,6.44,8.4,78.407619047619,,
"1975-09-01",144352.888293685,28.9205668624365,23.037804573173,8.4,663400,991500,6.22,6.24,6.42,8.43,75.9147619047619,,
"1975-10-01",145438.208825626,29.0811237067057,23.1643859169816,8.4,666000,997800,5.65,5.82,5.96,8.14,77.2582608695652,,
"1975-11-01",146436.383042313,29.3133478935508,23.3331610420598,8.3,671500,1006900,5.29,5.22,5.48,8.05,78.0405263157895,,
"1975-12-01",148583.158132059,29.4259204142983,23.4597423858685,8.2,676000,1016200,5.37,5.2,5.44,8,75.9081818181818,,
"1976-01-01",150559.609579168,29.5104381645728,23.5441299484076,7.9,682800,1026600,4.84,4.87,4.87,7.74,83.3771428571429,,
"1976-02-01",152005.601973168,29.5666838559802,23.5863237296771,7.7,693500,1040300,4.89,4.77,4.88,7.79,89.3021052631579,,
"1976-03-01",152556.538447662,29.6715666965271,23.6285175109466,7.6,701300,1050000,5.07,4.84,5,7.73,90.2413043478261,,
"1976-04-01",153464.264669125,29.741043300959,23.6707112922162,7.7,708500,1060800,5.1,4.82,4.86,7.56,90.1414285714286,,
"1976-05-01",154524.6574633,29.8793449706993,23.7972926360248,7.4,714200,1072100,5.67,5.29,5.2,7.9,89.291,,
"1976-06-01",155094.077867575,30.0237334472244,23.9238739798335,7.6,716200,1077600,5.71,5.48,5.41,7.86,88.7668181818182,,
"1976-07-01",156054.643738903,30.1152822153842,24.0504553236421,7.8,720700,1086300,5.32,5.31,5.23,7.83,91.447619047619,,
"1976-08-01",157304.483244598,30.2433152045498,24.1770366674508,7.8,727500,1098700,5.31,5.29,5.14,7.77,90.8709090909091,,
"1976-09-01",158280.373016495,30.4445005892194,24.3036180112594,7.6,733200,1110800,5.31,5.25,5.08,7.59,91.4057142857143,,
"1976-10-01",158975.951526928,30.7198957647281,24.430199355068,7.7,741800,1125000,5.02,5.02,4.92,7.41,89.5,,
"1976-11-01",161309.480507261,30.7962774970356,24.5145869176071,7.8,750700,1138200,4.69,4.95,4.75,7.29,89.5315,,
"1976-12-01",163282.817965811,30.9141510824357,24.6411682614158,7.8,759400,1152000,4.17,4.65,4.35,6.87,94.5518181818182,,
"1977-01-01",163043.724432551,31.1418992660453,24.7677496052244,7.5,767400,1165200,4.65,4.61,4.62,7.21,96.8980952380952,,
"1977-02-01",166104.355242738,31.3268527403102,25.0209122928417,7.6,774800,1177600,4.73,4.68,4.67,7.39,96.09,,
"1977-03-01",168013.920324711,31.4447214039238,25.1474936366504,7.4,780200,1188500,4.72,4.69,4.6,7.46,95.7013043478261,,
"1977-04-01",169637.515764649,31.6488328072827,25.3162687617286,7.2,786000,1199600,5.12,4.73,4.54,7.37,95.0045,,
"1977-05-01",171091.809320209,31.7478148838242,25.4006563242676,7,789800,1209000,5.47,5.35,4.96,7.46,96.9447619047619,,
"1977-06-01",173247.924915135,31.8454333074542,25.5272376680763,7.2,793300,1217800,5.64,5.39,5.02,7.28,97.8654545454545,,
"1977-07-01",175064.491169859,31.9547735029001,25.6538190118849,6.9,797800,1226700,5.86,5.42,5.19,7.33,101.348947368421,,
"1977-08-01",176559.208903915,32.1340164137964,25.7804003556936,7,804200,1237000,6.03,5.9,5.49,7.4,100.579565217391,,
"1977-09-01",177994.549926223,32.3138482253472,25.8647879182327,6.8,809300,1246200,6.46,6.14,5.81,7.34,100.413333333333,,
"1977-10-01",179030.407758566,32.621179993668,25.9913692620413,6.8,813600,1254000,6.6,6.47,6.16,7.52,99.2471428571429,,
"1977-11-01",180409.1469234,32.8721153312284,26.1601443871195,6.8,819200,1262400,6.56,6.51,6.1,7.58,100.691904761905,,
"1977-12-01",181627.945318032,32.9918922151942,26.2867257309281,6.4,823100,1270300,6.53,6.56,6.07,7.69,103.710476190476,,
"1978-01-01",180857.028095627,33.2017374789331,26.4555008560063,6.4,829000,1279700,6.79,6.7,6.44,7.96,100.780476190476,,
"1978-02-01",182794.795044856,33.2979636132121,26.582082199815,6.3,831700,1285500,6.83,6.78,6.45,8.03,102.444736842105,,
"1978-03-01",187038.176859516,33.4149670136153,26.7508573248932,6.3,834500,1292200,6.97,6.79,6.29,8.04,104.01,,
"1978-04-01",191782.285041256,33.6637319873067,26.9618262312409,6.1,838500,1300400,7.25,6.89,6.29,8.15,110.7685,,
"1978-05-01",194372.665952221,33.989544192732,27.2149889188582,6,844600,1310500,7.43,7.36,6.41,8.35,119.077272727273,,
"1978-06-01",196753.29900652,34.1720027855343,27.4259578252059,5.9,845400,1318500,8.01,7.6,6.73,8.46,122.011818181818,,
"1978-07-01",197812.73073445,34.3295522926122,27.6369267315537,6.2,841800,1324100,8,7.81,7.01,8.64,122.119,,
"1978-08-01",199481.382142878,34.4671284577018,27.8057018566319,5.9,844000,1333500,8.4,8.04,7.08,8.41,132.54,,
"1978-09-01",201469.137122672,34.7582165736235,28.0588645442491,6,847300,1345000,8.9,8.45,7.85,8.42,135.2345,,
"1978-10-01",204383.963186369,35.0634306283533,28.3120272318664,5.8,846700,1352300,9.35,8.96,7.99,8.64,127.677727272727,,
"1978-11-01",206627.86933639,35.2350799865871,28.4808023569446,5.9,844200,1359100,9.94,9.76,8.64,8.81,114.122380952381,,
"1978-12-01",208225.417477241,35.3765948123752,28.6495774820228,6,839200,1366000,10.84,10.03,9.08,9.01,117.2485,,
"1979-01-01",208332.130866602,35.6380746398844,28.9027401696401,5.9,831200,1371600,10.57,10.07,9.35,9.1,123.718181818182,,
"1979-02-01",210576.477381183,35.8573349915221,29.1980966385269,5.9,826600,1377800,10.24,10.06,9.32,9.1,124.548947368421,,
"1979-03-01",212743.891752213,36.1048745032572,29.4934531074138,5.8,825700,1387800,10.07,10.09,9.48,9.12,128.080454545455,,
"1979-04-01",212593.416812991,36.4991376720568,29.7888095763006,5.8,827300,1402100,10.43,10.01,9.46,9.18,133.4455,,
"1979-05-01",216358.726753166,36.72531149656,30.126359826457,5.6,825400,1410200,10.31,10.24,9.61,9.25,131.348636363636,,
"1979-06-01",218859.606433841,37.0089492118945,30.4639100766134,5.7,829600,1423000,10.54,10.29,9.06,8.91,135.639523809524,,
"1979-07-01",221252.847878733,37.2880303368854,30.8014603267697,5.7,833500,1434800,10.81,10.47,9.24,8.95,138.580476190476,,
"1979-08-01",222076.864633867,37.5690706760177,31.0968167956566,6,835900,1446600,11.29,10.94,9.52,9.03,146.685652173913,,
"1979-09-01",223561.537487397,37.7908754199176,31.3921732645434,5.9,831800,1454100,12.16,11.43,10.26,9.33,149.203684210526,,
"1979-10-01",226051.023251303,37.9894664389681,31.7297235146998,6,822500,1460400,14.82,13.77,11.7,10.3,140.52652173913,,
"1979-11-01",226834.488351606,38.2455505548002,32.0672737648562,5.9,809900,1465900,13.96,13.18,11.79,10.65,138.782857142857,,
"1979-12-01",228085.238397092,38.5046417632417,32.4470177962821,6,805600,1473700,14.77,13.78,12.04,10.39,148.7485,,
"1980-01-01",230485.910265913,38.7870454768694,32.9111493902471,6.3,803000,1482700,13.4,13.82,12,10.8,155.140909090909,,
"1980-02-01",232454.781716702,39.035368549751,33.3330872029426,6.3,800700,1494600,16.33,14.13,12.86,12.41,161.644,,
"1980-03-01",234519.808017385,39.3250111708157,33.7972187969076,6.3,788500,1499800,19.85,17.19,15.2,12.75,141.100476190476,,
"1980-04-01",233589.926210651,39.5859559821098,34.134769047064,6.9,770200,1502200,14.64,17.61,13.2,11.47,136.286666666667,,
"1980-05-01",232217.545077317,39.979357870515,34.4723192972204,7.5,767000,1512300,11.06,10.98,8.58,10.18,145.684761904762,,
"1980-06-01",233530.528712032,40.3775450345329,34.8098695473768,7.6,779900,1529200,10.44,9.47,7.07,9.78,155.429047619048,,
"1980-07-01",234781.210372517,40.5535765955473,34.8520633286463,7.8,796800,1545500,9.93,9.03,8.06,10.25,166.925909090909,,
"1980-08-01",237610.936595611,40.8810895481363,35.1052260162636,7.7,813800,1561500,10.74,9.61,9.13,11.1,177.729047619048,,
"1980-09-01",241728.603031871,41.176886554561,35.4005824851504,7.5,823800,1574000,13.19,10.87,10.27,11.51,189.485714285714,,
"1980-10-01",243855.441843437,41.5803500837854,35.7381327353068,7.5,828700,1584800,13.77,12.81,11.62,11.75,195.757826086957,,
"1980-11-01",248898.876246881,41.9370442142208,36.1178767667327,7.5,825300,1595800,18.56,15.85,13.73,12.68,200.685555555556,,
"1980-12-01",253634.931909678,42.284831454447,36.4554270168891,7.2,808800,1599800,22,18.9,15.49,12.84,198.398636363636,,
"1981-01-01",257632.03269055,42.6886679262823,36.7929772670455,7.5,793600,1606900,17.25,19.08,15.02,12.57,198.817619047619,,
"1981-02-01",260433.629092933,43.0873641519089,37.1305275172019,7.4,789800,1618700,15.53,15.93,14.79,13.19,194.852105263158,,
"1981-03-01",262985.838216517,43.3449895558474,37.3836902048192,7.4,791000,1636600,14.63,14.7,13.36,13.12,203.593181818182,,
"1981-04-01",261647.506561235,43.6576129213239,37.5946591111669,7.2,799900,1659200,18.92,15.72,13.69,13.68,215.12,,
"1981-05-01",263215.720338228,43.8810426559936,37.8478217987842,7.5,791700,1664200,17.56,18.52,16.3,14.1,216.5435,,
"1981-06-01",265769.773100535,44.1427983358126,38.1853720489406,7.5,786100,1670300,18.64,19.1,14.73,13.47,220.040454545455,,
"1981-07-01",269717.559792837,44.4288431813049,38.607309861636,7.2,786900,1681900,17.46,19.04,14.95,14.28,209.720909090909,,
"1981-08-01",271680.883888262,44.6785857821144,38.9026663305229,7.4,780900,1694300,16.83,17.82,15.51,14.94,206.62619047619,,
"1981-09-01",273753.8063189,45.0521135396064,39.2824103619488,7.6,775100,1706000,16.58,15.87,14.7,15.32,185.372380952381,,
"1981-10-01",274156.688419343,45.2294302493446,39.4089917057574,7.9,772000,1721800,14.44,15.08,13.54,15.15,190.201363636364,,
"1981-11-01",273549.606442805,45.5017211912231,39.5777668308356,8.3,774400,1736100,12.44,13.31,10.86,13.39,199.229,,
"1981-12-01",272498.205137853,45.7517842160669,39.7043481746443,8.5,780600,1755500,13.13,12.37,10.85,13.72,197.149545454545,,
"1982-01-01",268952.408013857,46.1135624976613,39.8309295184529,8.6,789200,1770400,14.21,13.22,12.28,14.59,187.6785,,
"1982-02-01",274849.561420645,46.0885640089138,39.9575108622616,8.9,787200,1774500,13.74,14.78,13.48,14.43,182.628421052632,,
"1982-03-01",274773.530565495,46.1546883632812,39.9575108622616,9,786900,1786500,16.8,14.68,12.68,13.86,173.283913043478,,
"1982-04-01",275455.178070295,46.3327436867744,40.0840922060702,9.3,791400,1803900,15.28,14.94,12.7,13.87,181.844285714286,,
"1982-05-01",277440.63930518,46.70865886521,40.4638362374961,9.4,790700,1815400,13.38,14.45,12.09,13.62,184.607,,
"1982-06-01",280097.18262452,47.1129719864405,40.9279678314612,9.6,791000,1826000,14.58,14.15,12.47,14.3,172.075,,
"1982-07-01",280485.899019825,47.2731952786924,41.1389367378089,9.8,790000,1831500,11.41,12.59,11.35,13.95,169.625238095238,,
"1982-08-01",279883.817178097,47.4106134893851,41.223324300348,9.8,795600,1845200,10.63,10.12,8.68,13.06,167.382727272727,,
"1982-09-01",281210.783802075,47.4590791274408,41.223324300348,10.1,803500,1858400,12.17,10.31,7.92,12.34,185.092857142857,,
"1982-10-01",282924.741494713,47.770500708432,41.3920994254262,10.4,819800,1869700,9.41,9.71,7.71,10.91,203.861904761905,,
"1982-11-01",284206.966958452,47.8718442568597,41.3499056441566,10.8,834200,1883700,8.93,9.2,8.07,10.55,226.970476190476,,
"1982-12-01",283508.541546835,47.973237895922,41.223324300348,10.8,874900,1905900,11.2,8.95,7.94,10.54,233.030454545455,,
"1983-01-01",288798.482584387,48.0863445050259,41.3077118628871,10.4,998700,1959400,8.56,8.68,7.86,10.46,241.478095238095,,
"1983-02-01",288450.44359811,48.3024549478146,41.3499056441566,10.4,1086200,1996800,8.53,8.51,8.11,10.72,256.058421052632,,
"1983-03-01",291104.3238175,48.3103935216324,41.3920994254262,10.3,1129800,2015200,10.81,8.77,8.35,10.51,266.452173913043,,
"1983-04-01",296047.392759235,48.439990359894,41.687455894313,10.2,1154000,2028600,8.84,8.8,8.21,10.4,279.528,,
"1983-05-01",298522.354211635,48.5906010830015,41.8562310193912,10.1,1178100,2043100,8.94,8.63,8.19,10.38,302.438095238095,,
"1983-06-01",300142.253029125,48.7425270375078,41.9406185819303,10.1,1191100,2053500,10.06,8.98,8.79,10.85,319.349090909091,,
"1983-07-01",303894.29836903,48.9718723561777,42.1093937070085,9.4,1196600,2064800,9.52,9.37,9.08,11.38,316.094,,
"1983-08-01",307098.029019768,49.1333436310176,42.2359750508171,9.5,1198100,2074000,9.59,9.56,9.34,11.85,296.873913043478,,
"1983-09-01",311302.422611207,49.2158615083754,42.3625563946258,9.2,1200100,2083200,10.59,9.45,9,11.65,300.37,,
"1983-10-01",314553.959936923,49.3462364302104,42.531331519704,8.8,1203600,2099200,9.43,9.48,8.64,11.54,286.722857142857,,
"1983-11-01",316335.908455802,49.4779646460077,42.6579128635126,8.5,1203900,2112300,9.34,9.34,8.76,11.69,278.666666666667,,
"1983-12-01",317786.631607275,49.6158659514237,42.7844942073213,8.3,1206300,2123500,9.92,9.47,9,11.83,278.655714285714,,
"1984-01-01",323478.660701513,49.7842107823958,43.0798506762081,8,1210600,2138200,9.35,9.56,8.9,11.67,282.004285714286,,
"1984-02-01",325593.401138485,50.0094277432412,43.2908195825558,7.8,1218300,2158200,9.45,9.59,9.09,11.84,254.3865,,
"1984-03-01",327941.438160008,50.1487843188806,43.4174009263645,7.8,1228100,2175200,10.24,9.91,9.52,12.32,251.25,,
"1984-04-01",331548.232409765,50.3112472348473,43.5861760514427,7.7,1237100,2191700,10.9,10.29,9.69,12.63,245.207,,
"1984-05-01",334328.876208385,50.4027867701707,43.6705636139817,7.4,1238600,2204100,10.81,10.32,9.83,13.41,245.243181818182,,
"1984-06-01",336523.14138185,50.5117333441295,43.7549511765208,7.2,1238300,2215100,10.85,11.06,9.87,13.56,238.51619047619,,
"1984-07-01",338866.855857105,50.7091264850246,43.923726301599,7.5,1234000,2223500,11.83,11.23,10.12,13.36,232.40380952381,,
"1984-08-01",340665.628864745,50.8537976174727,44.0503076454077,7.5,1227300,2230400,11.64,11.64,10.47,12.72,250.346086956522,,
"1984-09-01",341530.01527815,51.0083156377393,44.1768889892163,7.3,1228600,2244400,11.23,11.3,10.37,12.52,252.004736842105,,
"1984-10-01",343434.78837637,51.1513139602837,44.3456641142945,7.4,1230700,2258900,9.99,9.99,9.74,12.16,247.153913043478,,
"1984-11-01",345926.583286358,51.2163540517446,44.4300516768336,7.2,1241900,2281400,8.92,9.43,8.61,11.57,246.398095238095,,
"1984-12-01",347776.378337262,51.3434501268653,44.5144392393727,7.3,1256300,2306400,8.74,8.38,8.06,11.5,241.912,,
"1985-01-01",349470.162556183,51.5152178185445,44.5988268019118,7.3,1277200,2332400,8.73,8.35,7.76,11.38,260.798636363636,,
"1985-02-01",352840.33276404,51.7667447516517,44.8519894895291,7.2,1299700,2354100,8.74,8.5,8.27,11.51,285.521052631579,,
"1985-03-01",355231.504679775,51.9481306266188,45.0629583958768,7.2,1311000,2366200,8.58,8.58,8.52,11.86,280.796666666667,,
"1985-04-01",355494.422038538,52.001573454584,45.1473459584159,7.3,1318800,2375400,8.58,8.27,7.95,11.43,280.894761904762,,
"1985-05-01",357717.946668448,52.0472303281199,45.231733520955,7.2,1330900,2389500,7.64,7.97,7.48,10.85,287.460454545455,,
"1985-06-01",360509.381293015,52.1814647998436,45.3583148647637,7.4,1350200,2412600,7.95,7.53,6.95,10.16,290.4375,,
"1985-07-01",362703.106757717,52.3459443764356,45.4427024273027,7.4,1369200,2429500,8.61,7.88,7.08,10.31,302.042727272727,,
"1985-08-01",365927.441520695,52.4025845470468,45.5270899898418,7.1,1387800,2444000,7.8,7.9,7.14,10.33,298.247272727273,,
"1985-09-01",368062.70172159,52.4241508257224,45.6114775523809,7.1,1402000,2456400,8.84,7.92,7.1,10.37,287.933157894737,,
"1985-10-01",367531.672399298,52.5593450585256,45.7802526774591,7.1,1414300,2468000,8.08,7.99,7.16,10.24,285.358260869565,,
"1985-11-01",369603.32054417,52.6945431199694,45.9912215838069,7,1424800,2477800,8.54,8.05,7.24,9.78,304.3525,,
"1985-12-01",373888.507056537,52.7965672233191,46.2021904901546,7,1435100,2492100,7.75,8.27,7.1,9.26,320.232380952381,,
"1986-01-01",377030.430845467,52.9253455870743,46.3709656152328,6.7,1438600,2502100,7.75,8.14,7.07,9.19,328.520909090909,131.037727272727,
"1986-02-01",375797.667065615,52.9798100571981,46.2865780526937,7.2,1444900,2512900,7.75,7.86,7.06,8.7,348.786315789474,138.626315789474,
"1986-03-01",374145.402088925,52.9326772211071,46.0334153650764,7.2,1457600,2533100,7.25,7.48,6.56,7.78,368.2315,145.3305,
"1986-04-01",376079.405941635,52.9414142441111,45.8646402399982,7.1,1476100,2557800,6.75,6.99,6.06,7.3,382.541363636364,154.239545454545,
"1986-05-01",379462.957747452,53.1404749847529,45.9912215838069,7.2,1502500,2584800,6.8125,6.85,6.15,7.71,388.487142857143,157.818571428571,
"1986-06-01",380792.63631091,53.3564328458573,46.1599967088851,7.2,1523800,2605000,6.875,6.92,6.21,7.8,398.595238095238,160.7,
"1986-07-01",383383.41632205,53.2842915473284,46.2021904901546,7,1545500,2626600,6.375,6.56,5.83,7.3,385.885454545455,150.924545454545,
"1986-08-01",383393.452010195,53.3257706311821,46.2443842714242,6.9,1568100,2646500,5.875,6.17,5.53,7.17,375.617142857143,147.533333333333,
"1986-09-01",385140.381667755,53.4838565180199,46.4131593965023,7,1591300,2667800,5.875,5.89,5.21,7.45,358.293333333333,141.002857142857,
"1986-10-01",386386.419062605,53.5888270327819,46.4975469590414,7,1614500,2687400,5.875,5.85,5.18,7.43,355.032608695652,140.809565217391,
"1986-11-01",387439.760193713,53.6589461573616,46.5819345215805,6.9,1636600,2701300,5.875,6.04,5.35,7.25,358.078947368421,144.215263157895,
"1986-12-01",390580.570743678,53.7181262761282,46.7507096466587,6.6,1665600,2728000,5.875,6.91,5.53,7.11,354.921363636364,145.193636363636,
"1987-01-01",390334.146392557,53.9423390376147,47.003872334276,6.6,1682300,2743900,6,6.43,5.43,7.08,384.227142857143,160.762857142857,
"1987-02-01",394631.080232117,53.9538288259205,47.1726474593542,6.6,1689900,2747500,6,6.1,5.59,7.25,411.712631578947,177.255789473684,
"1987-03-01",395573.773375325,54.0980513519334,47.3414225844324,6.6,1698300,2753700,6,6.13,5.59,7.25,432.204545454545,185.722272727273,
"1987-04-01",398468.42527971,54.2575607082472,47.5523914907801,6.3,1714100,2767700,6.5,6.37,5.64,8.02,422.771428571429,184.872857142857,
"1987-05-01",400484.103522325,54.3428430360313,47.6789728345888,6.3,1718500,2772900,6.75,6.85,5.66,8.61,416.634,186.9885,
"1987-06-01",402587.471197962,54.5167690359428,47.8899417409365,6.2,1712900,2774600,6.75,6.73,5.67,8.4,423.695909090909,189.447272727273,
"1987-07-01",404320.664337515,54.6007801960459,48.0165230847452,6.1,1709000,2779000,6.625,6.58,5.69,8.45,429.006818181818,192.395,
"1987-08-01",407349.32824898,54.7790527358248,48.2274919910929,6,1707800,2788200,6.75,6.73,6.04,8.76,448.384761904762,205.971904761905,
"1987-09-01",409468.757413502,54.9723883392794,48.3962671161711,5.9,1708000,2799500,7.3125,7.22,6.4,9.42,442.798571428571,203.522380952381,
"1987-10-01",414774.806750328,55.0611306887758,48.5228484599797,6,1709200,2814800,7.3125,7.29,6.13,9.52,385.053636363636,175.855,
"1987-11-01",417533.728836922,55.2528823750442,48.6916235850579,5.8,1694600,2818900,6.8125,6.69,5.69,8.86,318.753,145.696,
"1987-12-01",419689.964412745,55.3474211421749,48.776011147597,5.7,1687600,2826400,6.8125,6.77,5.77,8.99,314.538181818182,146.550454545455,
"1988-01-01",420391.42044612,55.5606830210319,48.9447862726752,5.7,1692700,2847400,6.625,6.83,5.81,8.67,339.279,158.3235,
"1988-02-01",422793.909579655,55.635405924623,49.0291738352143,5.7,1695700,2870400,6.5,6.58,5.66,8.21,353.578,164.385,
"1988-03-01",425157.669974227,55.7651970420302,49.1557551790229,5.7,1703000,2890700,6.75,6.58,5.7,8.37,375.543043478261,177.183043478261,
"1988-04-01",430565.634645823,56.0067384712386,49.4511116479098,5.4,1713100,2910700,6.75,6.87,5.91,8.72,377.2355,175.5615,
"1988-05-01",431845.79099791,56.1794994528326,49.5776929917184,5.6,1721400,2926000,7.25,7.09,6.26,9.09,371.880952380952,173.002380952381,
"1988-06-01",435097.574356265,56.399176980707,49.7886618980662,5.4,1730900,2938400,7.4375,7.51,6.46,8.92,385.981818181818,183.901818181818,
"1988-07-01",437149.614900422,56.6587043059054,49.9996308044139,5.4,1733400,2947200,7.6875,7.75,6.73,9.06,391.4015,185.6105,
"1988-08-01",441085.049431433,56.8488022588456,50.2105997107616,5.6,1729600,2952000,8.125,8.01,7.06,9.26,379.60652173913,174.494347826087,
"1988-09-01",442474.08566815,57.0924002606987,50.4215686171094,5.4,1722100,2956900,8.125,8.19,7.24,8.98,382.156666666667,175.527142857143,
"1988-10-01",446414.425497092,57.2011923534357,50.5903437421876,5.4,1716700,2965300,8.125,8.3,7.35,8.8,385.008571428571,176.248571428571,
"1988-11-01",449725.516554103,57.3551662442222,50.7591188672657,5.3,1716800,2980200,8.375,8.35,7.76,8.96,372.891428571429,169.346666666667,
"1988-12-01",453737.307948805,57.5177230727314,50.9278939923439,5.3,1713000,2988200,8.6875,8.76,8.07,9.11,375.782857142857,173.529047619048,
"1989-01-01",457517.67234547,57.7612599734914,51.1388628986917,5.4,1701900,2991700,9,9.12,8.27,9.09,389.320952380952,179.627142857143,
"1989-02-01",458280.964445965,57.9726073136328,51.3076380237699,5.2,1688100,2992200,9.75,9.36,8.53,9.17,404.082105263158,187.476842105263,
"1989-03-01",462014.613208567,58.135297026867,51.5608007113871,5,1677100,2999700,9.75,9.85,8.82,9.36,403.995909090909,184.176818181818,
"1989-04-01",465556.11796287,58.38234544283,51.9405447428131,5.2,1660300,3006000,9.75,9.84,8.65,9.18,417.13,193.503,
"1989-05-01",467027.414435813,58.6021623854729,52.1937074304304,5.2,1641200,3011600,9.8125,9.81,8.43,8.86,435.993181818182,207.726363636364,
"1989-06-01",470532.217601318,58.7365441088069,52.3624825555085,5.3,1635400,3027900,9.5625,9.53,8.15,8.28,447.582727272727,213.983636363636,
"1989-07-01",471303.895978913,59.001412702051,52.5312576805867,5.2,1641400,3052400,9.0625,9.24,7.88,8.02,446.6965,210.524,
"1989-08-01",476309.979364172,58.9261662883332,52.5312576805867,5.2,1647200,3074400,9.0625,8.99,7.9,8.11,461.827826086957,217.336956521739,
"1989-09-01",476227.37465692,59.0788547661332,52.6578390243954,5.3,1653900,3092500,9.0625,9.02,7.75,8.19,469.2785,223.4335,
"1989-10-01",476418.687531375,59.3236966697945,52.9110017120127,5.3,1665600,3114100,8.75,8.84,7.64,8.01,469.680909090909,228.318636363636,
"1989-11-01",478554.93111454,59.4533250425029,53.1219706183604,5.4,1675100,3133300,8.5,8.55,7.69,7.87,454.697142857143,221.848571428571,
"1989-12-01",481835.63135408,59.4895402310189,53.2907457434386,5.4,1686600,3152500,8.25,8.45,7.63,7.84,449.0145,219.6255,
"1990-01-01",484313.263608513,59.9040239820673,53.7970711186732,5.4,1696100,3166800,8.25,8.23,7.64,8.21,439.350454545455,212.401818181818,
"1990-02-01",489803.710987515,60.0073291955119,54.0080400250209,5.3,1702800,3179200,8.25,8.24,7.74,8.47,424.524210526316,206.174210526316,
"1990-03-01",494058.275403978,60.2758193297647,54.2612027126382,5.2,1709900,3190100,8.25,8.28,7.9,8.59,436.090454545455,213.725,
"1990-04-01",494720.583406028,60.5757662322844,54.3877840564468,5.4,1717400,3201600,8.25,8.26,7.77,8.79,428.993,211.235,
"1990-05-01",496226.861109495,60.6913933708906,54.4721716189859,5.4,1716800,3200600,8.25,8.18,7.74,8.76,442.598181818182,224.045,
"1990-06-01",499059.55548447,60.9399660937519,54.8097218691423,5.2,1723500,3213700,8.25,8.29,7.73,8.48,462.30619047619,237.512857142857,
"1990-07-01",498551.542258237,61.0556201188444,55.0628845567596,5.5,1727900,3224500,8,8.15,7.62,8.47,455.824285714286,235.100952380952,
"1990-08-01",501845.04323893,61.2846867086905,55.5270161507246,5.7,1736500,3242000,8,8.13,7.45,8.75,396.322608695652,199.943913043478,
"1990-09-01",503382.414502837,61.4284071848254,55.9067601821505,5.9,1742700,3254600,8,8.2,7.36,8.89,368.566315789474,186.855263157895,
"1990-10-01",502629.107179128,61.5886962729856,56.2865042135765,5.9,1742800,3259300,7.75,8.11,7.17,8.72,338.01347826087,174.608695652174,
"1990-11-01",498965.962744155,61.6674709239039,56.4130855573851,6.2,1745300,3262600,7.5,7.81,7.06,8.39,347.694285714286,184.730476190476,
"1990-12-01",499588.180076713,61.8829784590894,56.6240544637329,6.3,1747600,3271800,7,7.31,6.74,8.08,370.2125,198.8035,
"1991-01-01",503093.94896196,62.1734277007998,56.8350233700806,6.4,1754700,3287700,6.75,6.91,6.22,8.09,376.672272727273,207.526818181818,
"1991-02-01",503069.470882187,62.3358981942584,56.8772171513501,6.6,1767200,3304500,6.25,6.25,5.94,7.85,442.586842105263,246.387368421053,
"1991-03-01",502631.080155857,62.4425747381616,56.8772171513501,6.8,1784100,3321900,6,6.12,5.91,8.11,469.101,257.729,
"1991-04-01",505511.34258388,62.5961411138348,57.0037984951588,6.7,1800500,3332400,5.75,5.91,5.65,8.04,496.319090909091,274.098181818182,
"1991-05-01",511153.744135185,62.7776360633537,57.2147674015065,6.9,1820000,3343000,5.75,5.78,5.46,8.07,490.933636363636,267.231818181818,
"1991-06-01",515050.413280933,62.9468676670295,57.3835425265847,6.9,1839400,3351900,5.75,5.9,5.57,8.28,490.375,264.883,
"1991-07-01",515528.372831713,63.0930586840475,57.4679300891238,6.8,1855300,3356100,5.75,5.82,5.58,8.27,489.368636363636,262.580909090909,
"1991-08-01",515984.369643917,63.30073701764,57.636705214202,6.9,1866900,3355000,5.5,5.66,5.33,7.9,513.250909090909,280.987272727273,
"1991-09-01",519971.50752438,63.4001404864727,57.8054803392802,6.9,1877300,3354900,5.25,5.45,5.22,7.65,520.5595,282.9855,
"1991-10-01",520023.34120353,63.4603991329916,57.8898679018193,7,1897700,3360100,5,5.21,4.99,7.53,528.923913043478,286.841739130435,
"1991-11-01",522329.389016183,63.66310923708,58.1430305894366,7,1918500,3365500,4.75,4.81,4.56,7.42,536.5835,290.1165,
"1991-12-01",523782.26978028,63.7973117580336,58.3118057145148,7.3,1941500,3372200,4,4.43,4.07,7.09,544.100952380952,302.38,
"1992-01-01",525089.618480655,63.8018751494855,58.3539994957843,7.3,1975000,3381200,4,4.03,3.8,7.03,615.734090909091,343.374545454545,
"1992-02-01",530377.60090831,63.8362040241272,58.480580839593,7.4,2012400,3400000,4,4.06,3.84,7.34,632.048421052632,345.255789473684,
"1992-03-01",535308.280611043,63.9910987030449,58.6915497459407,7.4,2040100,3403900,4,3.98,4.04,7.54,619.599090909091,336.833181818182,
"1992-04-01",537745.145720245,64.1244123652834,58.8181310897493,7.4,2058300,3399700,3.75,3.73,3.75,7.48,582.790476190476,312.445714285714,
"1992-05-01",539221.788576177,64.253513080462,58.944712433558,7.6,2076600,3398600,3.75,3.82,3.63,7.39,581.473,309.42,
"1992-06-01",540723.81570357,64.4045426977309,59.1134875586362,7.8,2087800,3393400,3.75,3.76,3.66,7.26,566.658636363636,302.895,
"1992-07-01",546548.53485916,64.4467833195839,59.2822626837144,7.7,2104700,3393900,3.25,3.25,3.21,6.84,568.716818181818,304.625454545455,
"1992-08-01",545999.0102953,64.591419284583,59.408844027523,7.6,2124500,3398800,3.25,3.3,3.13,6.59,568.997142857143,300.978571428571,
"1992-09-01",549112.70484554,64.686638848539,59.5354253713316,7.6,2152500,3410300,3,3.22,2.91,6.42,580.680952380952,313.321904761905,
"1992-10-01",554772.739684217,64.8926958882454,59.7885880589489,7.3,2178600,3423800,3,3.1,2.86,6.59,585.011818181818,316.480454545455,
"1992-11-01",557595.37790349,65.040667952445,59.9573631840271,7.4,2198200,3426500,3,3.09,3.13,6.87,630.8635,342.644,
"1992-12-01",557832.632412285,65.1250247665377,60.0417507465662,7.4,2212100,3424700,3,2.92,3.22,6.77,661.280454545455,355.961363636364,
"1993-01-01",559178.43680112,65.3041142655897,60.252719652914,7.3,2217800,3419100,3,3.02,3,6.6,691.1345,372.512,
"1993-02-01",561361.92377376,65.3852142364433,60.3793009967226,7.1,2222800,3414500,3,3.03,2.93,6.26,681.717894736842,358.933684210526,
"1993-03-01",561824.389425128,65.4622793506735,60.4636885592617,7,2226500,3411700,3,3.07,2.95,5.98,684.490869565217,356.224347826087,
"1993-04-01",566049.336439442,65.6153651542234,60.6746574656094,7.1,2236400,3411300,3,2.96,2.87,5.97,665.329523809524,341.085238095238,
"1993-05-01",566942.282914125,65.8169098899885,60.8434325906876,7.1,2266100,3436900,3,3,2.96,6.04,686.451,358.693,
"1993-06-01",569243.130646428,65.8873744095166,60.8856263719572,7,2280900,3442400,3,3.04,3.07,5.96,695.382727272727,363.846363636364,
"1993-07-01",571836.037296035,66.0298468128172,60.9700139344963,6.9,2291000,3442000,3,3.06,3.04,5.81,703.395238095238,357.350952380952,
"1993-08-01",572825.18817177,66.2060522201887,61.0965952783049,6.8,2303900,3445700,3,3.03,3.02,5.68,725.148636363636,365.546363636364,
"1993-09-01",575863.274532205,66.2565572839177,61.180982840844,6.7,2315700,3452200,3,3.09,2.95,5.36,745.943333333333,372.58619047619,
"1993-10-01",580992.864548695,66.4103814208404,61.4341455284613,6.8,2325700,3456700,3,2.99,3.02,5.33,771.307142857143,385.555238095238,
"1993-11-01",584367.804936958,66.53279794247,61.6029206535395,6.6,2341500,3470100,3,3.02,3.1,5.72,764.038571428571,386.738095238095,
"1993-12-01",588073.83051434,66.6308328363491,61.7295019973481,6.5,2348900,3474500,3,2.96,3.06,5.77,762.944090909091,391.892272727273,
"1994-01-01",589678.941160415,66.656442703625,61.7295019973481,6.6,2355400,3474900,3,3.05,2.98,5.75,787.768571428571,407.587619047619,95.0343337292055
"1994-02-01",591549.23389515,66.8658132885094,61.8982771224263,6.6,2363100,3475700,3.25,3.25,3.25,5.97,787.80947368421,406.101052631579,94.4985668235273
"1994-03-01",597684.824944442,67.005463524645,62.0670522475045,6.5,2367100,3480100,3.5,3.34,3.5,6.48,785.925217391304,406.638695652174,94.6164355427765
"1994-04-01",600928.28683261,67.0661321885518,62.109246028774,6.4,2363200,3481300,3.75,3.56,3.68,6.97,732.295263157895,373.321578947368,94.5199974997544
"1994-05-01",603676.082653992,67.1725262013492,62.2358273725827,6.1,2365900,3490800,4.25,4.01,4.14,7.18,727.764285714286,371.910952380952,93.7056318031235
"1994-06-01",607128.38051339,67.2586625275778,62.4046024976609,6.1,2357500,3479500,4.25,4.25,4.14,7.1,723.209545454545,370.077727272727,93.373456321603
"1994-07-01",607754.323601313,67.3857316461853,62.6155714040086,6.1,2358300,3488200,4.25,4.26,4.33,7.3,713.49,362.8515,92.1090464242024
"1994-08-01",611716.3416594,67.5624113229385,62.8687340916259,6,2350300,3485700,4.75,4.47,4.48,7.24,738.867826086956,381.632608695652,91.8625936475904
"1994-09-01",613298.084739297,67.7040834402899,62.9953154354345,5.9,2343500,3486100,4.75,4.73,4.62,7.46,763.938095238095,395.263333333333,90.8232058505746
"1994-10-01",617082.35241038,67.7783824180433,63.0375092167041,5.8,2329800,3484300,4.75,4.76,4.95,7.74,762.457619047619,397.999047619048,90.0945628588522
"1994-11-01",620971.969857835,67.9495079155674,63.2062843417823,5.6,2318100,3487200,5.5,5.29,5.29,7.96,760.419047619048,406.610476190476,90.2981542830099
"1994-12-01",625767.677731792,68.0233201168535,63.3328656855909,5.5,2302000,3486400,5.5,5.45,5.6,7.81,734.991428571429,396.304285714286,92.2804918340194
"1995-01-01",626673.701011927,68.1700478383501,63.5016408106691,5.6,2288300,3492400,5.5,5.53,5.71,7.78,758.012380952381,408.006666666667,94.3271214137103
"1995-02-01",626399.30751986,68.3152434936835,63.6704159357473,5.4,2266800,3489900,6,5.92,5.77,7.47,784.243684210526,425.106842105263,93.4913250408522
"1995-03-01",627499.241468213,68.3717000609429,63.796997279556,5.4,2246900,3491100,6,5.98,5.73,7.2,807.162173913043,444.035217391304,92.1840537909973
"1995-04-01",628460.830506502,68.5452073186659,64.0501599671732,5.8,2235000,3499200,6,6.05,5.65,7.06,825.338421052632,453.098947368421,88.5301234942718
"1995-05-01",631928.56492793,68.5938571840779,64.1767413109819,5.6,2236900,3524200,6,6.01,5.67,6.63,859.759090909091,484.352272727273,88.0586486172749
"1995-06-01",634859.854565565,68.7018530818515,64.3033226547905,5.6,2243100,3548900,6,6,5.47,6.17,906.035454545455,517.552727272727,88.1122253078427
"1995-07-01",633907.480321175,68.8766018947364,64.3877102173296,5.7,2243900,3567400,5.75,5.85,5.42,6.28,979.3635,568.208,88.0693639553885
"1995-08-01",641980.723363785,68.942554606163,64.5142915611383,5.7,2251100,3589000,5.75,5.74,5.4,6.49,1009.58608695652,575.515217391304,90.2767236067828
"1995-09-01",644893.04631505,69.0344653670713,64.5986791236773,5.6,2255000,3602100,5.75,5.8,5.28,6.2,1051,594.547,91.3268267419121
"1995-10-01",645534.5691848,69.2414728525602,64.7674542487555,5.5,2259800,3613400,5.75,5.76,5.28,6.04,1022.13727272727,579.722272727273,91.3268267419121
"1995-11-01",647575.325953673,69.298543743143,64.8518418112946,5.6,2259100,3619900,5.75,5.8,5.36,5.93,1046.63666666667,595.761428571429,92.3447838627008
"1995-12-01",650036.60486153,69.3116404908556,64.9362293738337,5.6,2263400,3629500,5.5,5.6,5.14,5.71,1047.035,580.9395,92.5483752868585
"1996-01-01",650087.96564684,69.5945044417781,65.2737796239901,5.6,2275500,3647900,5.25,5.56,5,5.65,1024.94545454545,563.394090909091,93.0091348257418
"1996-02-01",658345.527732312,69.5427088397466,65.4003609677987,5.5,2282200,3661800,5.25,5.22,4.83,5.81,1094.0165,622.697,92.9984194876283
"1996-03-01",658683.506620842,69.7141722673764,65.6113298741465,5.5,2299000,3686900,5.25,5.31,4.96,6.27,1092.64714285714,610.037619047619,93.0412808400825
"1996-04-01",665154.927541162,69.8546557537424,65.8644925617638,5.6,2307600,3697700,5.25,5.22,4.95,6.51,1135.6280952381,631.395238095238,92.880550768379
"1996-05-01",669384.60139089,69.9026232350679,65.9910739055724,5.6,2313600,3709600,5.25,5.24,5.02,6.74,1220.54045454545,680.129090909091,92.9984194876283
"1996-06-01",673670.471067937,69.9585816774129,66.1176552493811,5.3,2321000,3722500,5.25,5.27,5.09,6.91,1205.0755,680.6065,93.3305949691487
"1996-07-01",673991.51679874,70.0782184893366,66.2442365931897,5.5,2327500,3737100,5.25,5.4,5.15,6.87,1105.61272727273,638.230909090909,93.3841716597166
"1996-08-01",676934.322190008,70.1030279223677,66.3286241557288,5.1,2328800,3744000,5.25,5.22,5.05,6.64,1134.24590909091,672.313636363636,92.7198206966756
"1996-09-01",681926.161011262,70.2204555046147,66.5395930620765,5.2,2332000,3753400,5.25,5.3,5.09,6.83,1186.442,707.4735,93.0519961781961
"1996-10-01",683561.01176919,70.3704023110771,66.7505619684243,5.2,2336300,3772800,5.25,5.24,4.99,6.53,1234.04217391304,751.599565217391,93.6306244363286
"1996-11-01",689284.404374875,70.4994762352016,66.961530874772,5.4,2346600,3795100,5.25,5.31,5.03,6.2,1259.831,800.444,93.202010911786
"1996-12-01",692097.333855935,70.6563574159223,67.1303059998502,5.4,2356100,3818600,5.25,5.29,4.91,6.3,1292.15095238095,834.996666666667,93.7484931555778
"1997-01-01",690923.655498315,70.8546466517356,67.2568873436589,5.3,2364400,3834600,5.25,5.25,5.03,6.58,1345.42,880.925909090909,94.5414281759816
"1997-02-01",697508.207527895,70.9505427936749,67.3834686874675,5.2,2370000,3846300,5.25,5.19,5.01,6.42,1349.17,886.351052631579,96.1487288930163
"1997-03-01",702231.886973795,70.9826388376844,67.425662468737,5.2,2376600,3861200,5.5,5.39,5.14,6.69,1282.8555,833.534,97.0595326326693
"1997-04-01",705776.120403953,71.0303989723087,67.4678562500066,5.1,2380500,3877000,5.5,5.51,5.16,6.89,1225.00363636364,818.906818181818,97.2845547330541
"1997-05-01",710213.207815223,71.0221077186518,67.4678562500066,4.9,2387900,3889200,5.5,5.5,5.05,6.71,1352.55904761905,932.727142857143,95.8808454401772
"1997-06-01",713716.921780823,71.1590610998812,67.5944375938152,5,2396900,3906000,5.5,5.56,4.93,6.49,1422.45285714286,960.362380952381,95.5486699586566
"1997-07-01",717538.31670694,71.2474290142707,67.6788251563543,4.9,2402700,3923900,5.5,5.52,5.05,6.22,1531.14136363636,1050.21181818182,96.5666270794453
"1997-08-01",722360.545650488,71.3838655146903,67.8476002814325,4.8,2421500,3957400,5.5,5.54,5.14,6.3,1596.7419047619,1108.71857142857,98.2167891489343
"1997-09-01",725806.887642573,71.5100865053982,68.0163754065107,4.9,2428900,3973100,5.5,5.54,4.95,6.21,1660.14904761905,1110.28571428571,98.3668038825242
"1997-10-01",727832.27284842,71.5821500532248,68.1429567503194,4.7,2442700,3992300,5.5,5.5,4.97,6.03,1682.2747826087,1091.66043478261,98.8704247738617
"1997-11-01",730771.938195845,71.6221179132424,68.2273443128584,4.6,2458000,4014800,5.5,5.52,5.14,5.88,1600.97473684211,1034.12631578947,100.499156167124
"1997-12-01",732872.53895574,71.6515650464268,68.269538094128,4.7,2473500,4032900,5.5,5.5,5.16,5.81,1566.99681818182,1006.87363636364,103.681611586852
"1998-01-01",737345.981057235,71.7194907029834,68.3539256566671,4.6,2488300,4056200,5.5,5.56,5.04,5.54,1570.2345,1014.5955,106.253292734108
"1998-02-01",739206.282248112,71.7200179245414,68.3539256566671,4.6,2509500,4088900,5.5,5.51,5.09,5.57,1714.87210526316,1148.10263157895,104.645992017073
"1998-03-01",740067.736694647,71.7219244254762,68.3539256566671,4.7,2524200,4114300,5.5,5.49,5.03,5.65,1781.26954545455,1177.99454545455,104.206663154417
"1998-04-01",743543.994113922,71.7700701128501,68.4383132192062,4.3,2540900,4140200,5.5,5.45,4.95,5.64,1852.3,1229.8380952381,104.013787068373
"1998-05-01",750266.052177335,71.8816236497107,68.6070883442844,4.4,2555900,4164400,5.5,5.49,5,5.65,1836.3925,1236.824,104.774576074436
"1998-06-01",748614.70370874,72.0177460018853,68.6914759068235,4.5,2567100,4184100,5.5,5.56,4.98,5.5,1795.74454545455,1236.49681818182,107.067658430739
"1998-07-01",749505.950848873,72.2254304149492,68.8602510319017,4.5,2584100,4203800,5.5,5.54,4.96,5.46,1941.57681818182,1400.38913043478,107.539133307736
"1998-08-01",764955.074699522,72.1572853470013,68.9446385944408,4.5,2599000,4228700,5.5,5.55,4.9,5.34,1784.75047619048,1345.37428571429,109.414317477609
"1998-09-01",765813.22445161,72.2013390897281,68.9868323757103,4.6,2619100,4267700,5.25,5.51,4.61,4.81,1663.42714285714,1304.75,107.549848645849
"1998-10-01",772633.620590155,72.2944097593256,69.1556075007885,4.5,2645400,4307900,5,5.07,3.96,4.53,1615.69454545455,1282.74409090909,104.345962549893
"1998-11-01",773331.191547425,72.3895466776969,69.2399950633276,4.4,2675600,4346600,4.75,4.83,4.41,4.83,1888.721,1501.8935,104.013787068373
"1998-12-01",777532.937862423,72.5094198434844,69.3665764071362,4.4,2698600,4375600,4.75,4.68,4.39,4.65,2071.03272727273,1711.21772727273,103.038691300038
"1999-01-01",781612.130029252,72.6509267633409,69.4931577509449,4.3,2720800,4403000,4.75,4.63,4.34,4.72,2357.8,1986.98,103.092267990606
"1999-02-01",785121.74721169,72.6230055028834,69.4931577509449,4.4,2736000,4425800,4.75,4.76,4.44,5,2356.98842105263,1992.59842105263,104.195947816303
"1999-03-01",786186.622759063,72.6232775290504,69.5353515322144,4.2,2745100,4432600,4.75,4.81,4.44,5.23,2391.14,2028.99652173913,105.481788389931
"1999-04-01",791162.302530475,72.9778219718333,69.9994831261794,4.3,2767400,4461400,4.75,4.74,4.29,5.18,2537.88666666667,2158.37,105.149612908411
"1999-05-01",795284.39110907,72.9058435390424,70.041676907449,4.2,2788200,4486100,4.75,4.74,4.5,5.54,2512.595,2122.4075,104.881729455572
"1999-06-01",795105.806360442,72.839673641749,70.041676907449,4.3,2801800,4508000,5,4.76,4.57,5.9,2520.95863636364,2151.60409090909,105.481788389931
"1999-07-01",803162.551975335,72.9981028056728,70.3370333763358,4.3,2820700,4535400,5,4.99,4.55,5.79,2741.26380952381,2346.87952380952,105.824679209565
"1999-08-01",808806.502128483,73.091907403739,70.505808501414,4.2,2829100,4552700,5.25,5.07,4.72,5.94,2642.44909090909,2302.91818181818,104.624561340846
"1999-09-01",809687.445896185,73.4055747667863,70.8011649703009,4.2,2834000,4568800,5.25,5.22,4.68,5.92,2807.94666666667,2464.77666666667,103.938779701578
"1999-10-01",820478.871148955,73.4846532319623,70.9277463141095,4.1,2847100,4592700,5.25,5.2,4.86,6.11,2815.27666666667,2482.74904761905,103.510166177035
"1999-11-01",824704.989965727,73.5767492084694,71.0543276579181,4.1,2852600,4611800,5.5,5.42,5.07,6.03,3230.54857142857,2882.16380952381,103.73518827742
"1999-12-01",829858.38888532,73.6512570469765,71.2231027829963,4,2862400,4639300,5.5,5.3,5.2,6.28,3739.87863636364,3358.22409090909,103.628034896284
"2000-01-01",827773.319021915,73.7870683096454,71.4340716893441,4,2863700,4667600,5.5,5.45,5.32,6.66,4013.494,3633.1085,103.43515881024
"2000-02-01",832108.738035415,74.0091365996331,71.7294281582309,4.1,2860000,4680900,5.75,5.73,5.55,6.52,4410.871,4012.3705,104.924590808026
"2000-03-01",840662.692942673,74.3830664543049,72.1513659709264,4,2869100,4711700,6,5.85,5.69,6.26,4802.98826086957,4436.54,105.56751109484
"2000-04-01",848659.876525325,74.3443105500599,72.1091721896568,3.8,2895100,4767800,6,6.02,5.66,5.99,3863.63736842105,3742.25,106.060416648064
"2000-05-01",854081.019380475,74.4396124973397,72.2357535334655,4,2881800,4755700,6.5,6.27,5.79,6.44,3528.41681818182,3412.79863636364,108.567805766638
"2000-06-01",859189.104094203,74.778903004406,72.6576913461609,4,2889000,4773600,6.5,6.53,5.69,6.1,3865.47681818182,3748.81909090909,107.73200939378
"2000-07-01",858295.261963185,74.8917048367142,72.8686602525087,4,2903600,4791300,6.5,6.54,5.96,6.05,4017.685,3825.9305,107.946316156051
"2000-08-01",856205.52028371,74.8437262334285,72.8686602525087,4.1,2913600,4819500,6.5,6.5,6.09,5.83,3909.59695652174,3772.63260869565,108.524944414184
"2000-09-01",865040.46775311,75.1352462526502,73.2484042839346,3.9,2933800,4855300,6.5,6.52,6,5.8,3875.822,3742.1955,109.639339577994
"2000-10-01",866980.944710688,75.2730233808967,73.3749856277433,3.9,2940000,4871400,6.5,6.51,6.11,5.74,3333.82454545455,3268.18272727273,111.321647661824
"2000-11-01",870764.851952415,75.3516763857239,73.5015669715519,3.9,2942900,4882800,6.5,6.51,6.17,5.72,3055.41523809524,2943.90476190476,111.868129905616
"2000-12-01",871190.203336888,75.4594767561796,73.6703420966301,3.9,2968000,4927700,6.5,6.4,5.77,5.24,2657.8075,2578.751,110.668012036896
"2001-01-01",872084.473922733,75.7790696928526,74.0922799093256,4.2,2995900,4978400,5.5,5.98,5.15,5.16,2656.86428571429,2519.10045454545,111.16091759012
"2001-02-01",871204.559387808,75.8985037161498,74.2610550344037,4.2,3031100,5017100,5.5,5.49,4.88,5.1,2449.56947368421,2244.43210526316,112.06100599166
"2001-03-01",874268.716689458,75.9000050057339,74.3032488156733,4.3,3077400,5074900,5,5.31,4.42,4.89,1986.66318181818,1752.66818181818,113.893328809079
"2001-04-01",879680.57406263,76.0127270805788,74.429830159482,4.4,3124000,5139200,4.5,4.8,3.87,5.14,1933.928,1677.5535,114.729125181937
"2001-05-01",884648.326120527,76.3788632721464,74.8095741909079,4.3,3147300,5137300,4,4.21,3.62,5.39,2181.12863636364,1902.62909090909,114.568395110234
"2001-06-01",885421.099816832,76.5551188364903,74.9783493159861,4.5,3192000,5180300,3.75,3.97,3.49,5.28,2112.05285714286,1795.32904761905,115.414906821206
"2001-07-01",880558.313673085,76.4673634263693,74.8517679721774,4.6,3228500,5210200,3.75,3.77,3.51,5.24,2033.97857142857,1693.38047619048,115.747082302726
"2001-08-01",882645.943477922,76.5022141901683,74.8517679721774,4.9,3276000,5243900,3.5,3.65,3.36,4.97,1929.71260869565,1589.9652173913,113.754029413603
"2001-09-01",886300.742848997,76.8766374321235,75.1471244410642,5,3382500,5355300,3,3.07,2.64,4.73,1573.31,1250.87333333333,114.214788952486
"2001-10-01",887992.571563703,76.8001030522486,74.9361555347165,5.3,3372500,5344000,2.5,2.49,2.16,4.57,1656.42826086957,1334.29695652174,114.514818419666
"2001-11-01",887637.458571012,76.8750446702561,74.893961753447,5.5,3428700,5387700,2,2.09,1.87,4.65,1870.06238095238,1549.63047619048,115.061300663458
"2001-12-01",889486.21986529,76.8919079223695,74.8517679721774,5.7,3494500,5440700,1.75,1.82,1.69,5.09,1977.7105,1626.695,114.600541124575
"2002-01-01",896695.084310882,76.9962718717151,74.9783493159861,5.7,3540200,5461100,1.75,1.73,1.65,5.04,1976.76857142857,1598.3595,115.800658993294
"2002-02-01",897044.49235024,77.1019266792652,75.1049306597947,5.7,3587600,5490400,1.75,1.74,1.72,4.91,1799.71894736842,1429.97631578947,116.518586646903
"2002-03-01",902135.42333888,77.1950997666629,75.3158995661424,5.7,3623100,5502200,1.75,1.73,1.79,5.28,1863.0455,1486.063,116.23998785595
"2002-04-01",904817.465370213,77.3809106253439,75.6534498162988,5.9,3640500,5502300,1.75,1.75,1.71,5.21,1758.80227272727,1356.38681818182,115.982819741225
"2002-05-01",905941.662189043,77.3745124528848,75.7378373788379,5.8,3680200,5528500,1.75,1.75,1.73,5.16,1660.31090909091,1248.52409090909,114.354088347963
"2002-06-01",911105.87244075,77.3460769359895,75.7800311601075,5.8,3712900,5553500,1.75,1.75,1.7,4.93,1505.4875,1105.0505,113.046817098108
"2002-07-01",912773.53582711,77.5284443276539,75.9488062851857,5.8,3750000,5596200,1.75,1.73,1.68,4.65,1346.08545454545,977.605,111.525239085982
"2002-08-01",914949.231861108,77.7643623342251,76.1597751915334,5.7,3801500,5638400,1.75,1.74,1.62,4.26,1327.36045454545,960.472727272727,112.84322567395
"2002-09-01",918287.232311788,77.9192642903158,76.286356535342,5.7,3845900,5662500,1.75,1.75,1.63,3.87,1251.069,893.1795,113.378992579628
"2002-10-01",919930.689375278,78.1455296007554,76.4551316604202,5.7,3898400,5707200,1.75,1.75,1.58,3.94,1241.91173913043,913.21347826087,114.193358276259
"2002-11-01",925277.951832645,78.1949680317573,76.5817130042289,5.9,3954500,5758200,1.25,1.34,1.23,4.05,1409.1515,1057.7075,112.746787630928
"2002-12-01",920149.608792075,78.2249983941147,76.7082943480375,6,3990800,5779500,1.25,1.24,1.19,4.03,1387.1519047619,1032.75047619048,111.750261186367
"2003-01-01",925891.240019112,78.2809063932053,77.0458445981939,5.8,4038100,5812300,1.25,1.24,1.17,4.05,1389.55952380952,1035.54761904762,110.282259864808
"2003-02-01",931773.75240077,78.6057845903772,77.4677824108894,5.9,4084100,5848400,1.25,1.26,1.17,3.9,1313.26157894737,984.152631578947,110.635866022556
"2003-03-01",935867.257580125,78.826200181938,77.594363754698,5.9,4115600,5868600,1.25,1.25,1.13,3.81,1348.50380952381,1028.74857142857,110.485851288966
"2003-04-01",937125.641450298,78.8205439748793,77.2990072858112,6,4162000,5905700,1.25,1.26,1.13,3.96,1409.83095238095,1068.60904761905,109.403602139496
"2003-05-01",942347.265629325,78.8229039036544,77.1724259420025,6.1,4234800,5965500,1.25,1.26,1.07,3.57,1524.18285714286,1144.99904761905,105.503219066158
"2003-06-01",948718.59292037,78.8996460456587,77.2568135045416,6.3,4283300,6002400,1,1.22,0.92,3.33,1631.75095238095,1214.44428571429,105.492503728045
"2003-07-01",957489.345797383,79.0005768131629,77.5099761921589,6.2,4349300,6049400,1,1.01,0.9,3.98,1716.85136363636,1268.75318181818,106.639044906196
"2003-08-01",961869.377056752,79.3120944205693,77.8475264423153,6.1,4421600,6107300,1,1.03,0.95,4.45,1724.82285714286,1272.49857142857,108.085615551527
"2003-09-01",972308.527145867,79.5808705816756,78.1006891299326,6.1,4410300,6079900,1,1.01,0.94,4.27,1856.22476190476,1358.21904761905,106.906928359035
"2003-10-01",975185.31792614,79.6515572959825,78.0163015673935,6,4429000,6070200,1,1.01,0.92,4.29,1907.89130434783,1395.59217391304,104.453115931029
"2003-11-01",982465.24237604,79.7388311965495,78.058495348663,5.8,4451300,6075700,1,1,0.93,4.3,1939.25315789474,1412.80157894737,103.703042263079
"2003-12-01",985407.939697825,79.9543593590461,78.2694642550108,5.7,4464400,6074000,1,0.98,0.9,4.27,1956.98454545455,1427.07909090909,101.913580798114
"2004-01-01",989398.148508493,80.2136939531647,78.6070145051672,5.7,4490800,6082200,1,1,0.88,4.15,2098.004,1521.304,100.456294814669
"2004-02-01",996018.56254686,80.3201437558316,78.7757896302453,5.6,4541500,6121900,1,1.01,0.93,4.08,2048.36,1485.36631578947,101.174222468278
"2004-03-01",995445.03894464,80.5199971115507,78.9445647553235,5.8,4590100,6158000,1,1,0.94,3.83,1979.47869565217,1428.93608695652,102.513639732474
"2004-04-01",1001594.14299358,80.6647570488027,79.0711460991322,5.6,4639900,6199100,1,1,0.94,4.35,2021.32285714286,1469.31285714286,103.263713400423
"2004-05-01",1013527.48737948,80.9823589185976,79.4086963492886,5.6,4716700,6275900,1,1,1.02,4.72,1930.089,1418.1005,105.288912303887
"2004-06-01",1013082.11962694,81.3513318384258,79.7040528181754,5.6,4725500,6278100,1.25,1.03,1.27,4.73,2000.97952380952,1478.16095238095,104.570984650278
"2004-07-01",1022952.76218639,81.4283389308706,79.7884403807145,5.5,4748000,6291300,1.25,1.26,1.33,4.5,1912.42428571429,1416.95285714286,103.595888881944
"2004-08-01",1025160.10055207,81.4629773314529,79.830634161984,5.4,4777700,6317900,1.5,1.43,1.48,4.28,1821.53818181818,1355.50590909091,103.670896248739
"2004-09-01",1028213.88726154,81.6497279501028,80.0837968496013,5.4,4815000,6352300,1.75,1.61,1.65,4.13,1884.73095238095,1404.81238095238,103.070837314379
"2004-10-01",1037861.07046533,81.9040259959501,80.5057346622968,5.5,4845400,6379900,1.75,1.76,1.76,4.1,1938.25238095238,1452.05571428571,101.838573431319
"2004-11-01",1043364.53131743,82.2452111119795,80.8854786937227,5.4,4870100,6406500,2,1.93,2.07,4.19,2062.87,1545.59095238095,99.0097241693381
"2004-12-01",1050577.89821724,82.2866211943896,80.8854786937227,5.4,4881900,6424700,2.25,2.16,2.19,4.23,2149.53181818182,1612.14272727273,97.4024234523034
"2005-01-01",1055359.82947665,82.3998433275927,80.8432849124532,5.3,4879600,6431000,2.25,2.28,2.33,4.22,2071.8715,1539.802,98.1417817821393
"2005-02-01",1066900.05915243,82.807755577109,81.1808351626096,5.4,4877900,6439100,2.5,2.5,2.54,4.17,2065.73578947368,1521.40947368421,98.3346578681835
"2005-03-01",1069561.61137092,83.1949382871095,81.4761916314964,5.2,4879000,6448400,2.75,2.63,2.74,4.5,2030.43363636364,1499.49227272727,98.2382198251614
"2005-04-01",1073763.54549551,83.4855088509221,81.7293543191137,5.2,4871500,6462000,2.75,2.79,2.78,4.34,1957.49285714286,1447.27142857143,99.5883524274706
"2005-05-01",1075021.08397554,83.4113320420683,81.6871605378441,5.1,4869900,6479200,3,3,2.84,4.14,2005.21714285714,1489.88523809524,99.8562358803097
"2005-06-01",1081879.37052895,83.2985745222259,81.7293543191137,5,4889100,6511800,3.25,3.04,2.97,4,2074.01727272727,1528.19772727273,101.045638410915
"2005-07-01",1089378.17756169,83.5724251347159,82.2356796943482,5,4906300,6543700,3.25,3.26,3.22,4.18,2145.139,1566.916,101.709989373956
"2005-08-01",1100210.2473016,83.8924096293827,82.7420050695828,4.9,4926000,6576500,3.5,3.5,3.44,4.26,2157.84826086957,1587.07086956522,100.659886238827
"2005-09-01",1096072.07513672,85.0209351984415,83.8812371638606,5,4942500,6610300,3.75,3.62,3.42,4.2,2144.6119047619,1586.5480952381,101.259945173187
"2005-10-01",1105234.48554501,85.1008617338519,84.0078185076692,5,4961700,6644100,3.75,3.78,3.71,4.46,2087.09285714286,1560.80952380952,102.438632365679
"2005-11-01",1109536.05226834,84.699548246729,83.5858806949738,5,4962400,6660800,4,4,3.88,4.54,2202.83571428571,1653.78857142857,102.395771013225
"2005-12-01",1116280.46218666,84.7507584681153,83.5858806949738,4.9,4976000,6688000,4.25,4.16,3.89,4.47,2246.08714285714,1684.78904761905,101.131361115824
"2006-01-01",1129130.2465246,85.3157782855329,84.0922060702083,4.7,5000100,6730300,4.5,4.29,4.24,4.42,2289.9915,1713.948,100.18841136183
"2006-02-01",1133074.93046158,85.4346945307007,84.1343998514779,4.8,5005000,6754900,4.5,4.49,4.43,4.57,2273.66631578947,1671.26157894737,100.349141433534
"2006-03-01",1137584.82301382,85.6013083846303,84.2609811952865,4.7,4999000,6769500,4.75,4.59,4.51,4.72,2300.25565217391,1678.67695652174,100.959915706007
"2006-04-01",1144237.8869633,86.0195749679224,84.682919007982,4.7,5008800,6807000,4.75,4.79,4.6,4.99,2338.67736842105,1714.69736842105,100.670601576941
"2006-05-01",1145576.99140464,86.2367365941312,84.9360816955993,4.6,4989000,6813900,5,4.94,4.72,5.11,2245.28181818182,1637.64772727273,98.8811401119753
"2006-06-01",1148541.12163205,86.3349552128149,85.147050601947,4.6,4991600,6852100,5.25,4.99,4.79,5.11,2137.41363636364,1560.09136363636,100.434864138442
"2006-07-01",1150177.18976559,86.6332309933454,85.611182195912,4.7,4998100,6893900,5.25,5.24,4.95,5.09,2086.2075,1501.471,100.402718124101
"2006-08-01",1159678.04600639,86.982418684764,85.990926227338,4.7,4996200,6925300,5.25,5.25,4.96,4.88,2117.77086956522,1534.33869565217,99.6633597942655
"2006-09-01",1157691.76422801,86.7798057264377,85.5689884146425,4.5,4996300,6952600,5.25,5.25,4.81,4.72,2221.939,1621.182,99.25617694595
"2006-10-01",1161186.72338395,86.7691730797492,85.1892443832166,4.4,5018200,7002000,5.25,5.25,4.92,4.73,2330.17454545455,1704.20272727273,99.0418701836788
"2006-11-01",1166352.3132102,87.0369858554796,85.2314381644861,4.5,5032200,7037500,5.25,5.25,4.94,4.6,2408.7,1770.27571428571,97.8417523149595
"2006-12-01",1182350.96340584,87.5199434890003,85.6955697584511,4.4,5059300,7080400,5.25,5.24,4.85,4.56,2431.908,1780.677,96.6952111368081
"2007-01-01",1177044.58620333,87.686939172306,85.8377628013295,4.6,5079300,7118500,5.25,5.25,4.98,4.76,2453.187,1796.3835,97.9810517104358
"2007-02-01",1186628.541613,87.899118822318,86.1706717355463,4.5,5079500,7134600,5.25,5.26,5.03,4.72,2479.86421052632,1806.03315789474,97.7453142719374
"2007-03-01",1190239.62218368,88.2266885654103,86.6187696926288,4.4,5095400,7168500,5.25,5.26,4.94,4.56,2401.49090909091,1759.32090909091,97.8417523149595
"2007-04-01",1196257.16319479,88.3025736925578,86.8786833852493,4.5,5145800,7241000,5.25,5.25,4.87,4.69,2499.568,1832.8125,96.8345105322844
"2007-05-01",1200083.01819909,88.5760335096575,87.2377524638531,4.4,5147300,7254900,5.25,5.25,4.73,4.75,2562.14090909091,1895.67772727273,96.427327683969
"2007-06-01",1204180.31860612,88.7697214955185,87.4398606761342,4.6,5164900,7288100,5.25,5.25,4.61,5.1,2595.39619047619,1922.04476190476,96.3201743028333
"2007-07-01",1208405.20214416,88.9966484387763,87.5955557290189,4.7,5180100,7319000,5.25,5.26,4.82,5,2655.07619047619,1999.07142857143,94.8414576431614
"2007-08-01",1212654.67080786,88.9649591346762,87.6225597490314,4.6,5228000,7395100,5.25,5.02,4.2,4.67,2539.49869565217,1931.26695652174,94.7985962907071
"2007-09-01",1219969.37704799,89.1366535038662,87.9938650242034,4.7,5227700,7413300,4.75,4.94,3.89,4.52,2634.47,2024.28210526316,93.4377483502844
"2007-10-01",1218908.33829828,89.1339806768244,88.2651710377666,4.7,5228400,7428400,4.5,4.76,3.9,4.53,2780.41565217391,2164.6347826087,91.4232647849342
"2007-11-01",1230273.60669959,89.5082353486899,88.958836801838,4.7,5232800,7453800,4.5,4.49,3.27,4.15,2662.80238095238,2080.2605,90.0409861682844
"2007-12-01",1229582.55500213,89.5387851923522,89.2166408053949,5,5239300,7484200,4.25,4.24,3,4.1,2661.5485,2089.8295,90.4588843547134
"2008-01-01",1226180.84030994,89.6574456690893,89.5242334708499,5,5246600,7517800,3,3.94,2.75,3.74,2418.09380952381,1886.38285714286,89.901686772808
"2008-02-01",1223492.52274249,89.6958627021268,89.7406875687627,4.9,5289900,7604200,3,2.98,2.12,3.74,2325.8255,1784.9295,88.6694228897481
"2008-03-01",1226961.13694757,89.8223912426875,90.0617822442239,5.1,5352500,7670300,2.25,2.61,1.26,3.51,2254.818,1748.168,87.3192902874389
"2008-04-01",1229683.18911678,89.8570331167604,90.2702195236955,5,5371000,7712800,2,2.28,1.29,3.68,2368.09954545455,1868.32045454545,87.072837510827
"2008-05-01",1236172.27705581,90.0729206687365,90.804392794568,5.4,5396800,7725500,2,1.98,1.73,3.88,2483.24095238095,1990.94761904762,87.737188473868
"2008-06-01",1250569.7838274,90.5450607246667,91.7558625621963,5.6,5425300,7744200,2,2,1.86,4.1,2427.45428571429,1950.3,88.2943860557733
"2008-07-01",1258186.45334463,90.6358420647828,92.4111319853123,5.8,5457200,7791500,2,2.01,1.63,4.01,2278.13727272727,1830.95272727273,87.7693344882087
"2008-08-01",1248470.95734657,90.5579288093041,92.2735802583736,6.1,5448000,7806100,2,2,1.72,3.89,2389.26714285714,1905.02666666667,89.5373652769468
"2008-09-01",1218092.33930881,91.339603559001,92.3524826293477,6.1,5504400,7872700,2,1.81,1.13,3.69,2205.20333333333,1710.00333333333,91.4339801230478
"2008-10-01",1234264.39211421,91.6271917470872,91.5583956658548,6.5,5519400,7975300,1,0.97,0.67,3.81,1730.31956521739,1328.56086956522,96.5880577556724
"2008-11-01",1218210.16729334,90.878209934257,89.9373105894788,6.8,5540700,8027300,1,0.39,0.19,3.53,1542.69578947368,1199.07368421053,97.5952995383475
"2008-12-01",1199577.69059244,90.6633954711542,89.1968097281982,7.3,5689700,8205000,0.125,0.16,0.03,2.42,1525.89045454545,1188.24090909091,95.9558528069721
"2009-01-01",1196728.92907979,90.9403624729876,89.4225464579903,7.8,5785500,8289400,0.125,0.15,0.13,2.52,1537.2005,1206.451,96.9416639134201
"2009-02-01",1208336.89800814,91.1205856821851,89.7482824493912,8.3,5842700,8319600,0.125,0.22,0.3,2.87,1485.97684210526,1199.41263157895,99.5669217512434
"2009-03-01",1202659.67291208,90.8972660253861,89.6596755087251,8.7,5925200,8386700,0.125,0.18,0.21,2.82,1432.23318181818,1167.30909090909,100.145550009376
"2009-04-01",1202249.11455884,90.7212346317166,89.749970200642,9,5963500,8391400,0.125,0.15,0.16,2.93,1641.14761904762,1332.1580952381,97.7988909625052
"2009-05-01",1195692.54766739,90.6418717018203,89.8820367360157,9.4,6060900,8449500,0.125,0.18,0.18,3.29,1726.0775,1393.473,95.0450490673191
"2009-06-01",1197367.33777377,91.1448700171997,90.6280227888612,9.5,6122900,8459500,0.125,0.21,0.18,3.72,1826.98818181818,1472.15772727273,94.6700122333443
"2009-07-01",1197277.81919749,90.8966689183342,90.6010187688487,9.5,6179400,8463800,0.125,0.16,0.18,3.56,1873.83772727273,1515.80090909091,94.2628293850289
"2009-08-01",1204143.04238896,90.9739774694924,90.9043920561768,9.6,6233700,8463300,0.125,0.16,0.17,3.59,1997.15523809524,1617.94523809524,92.955558135174
"2009-09-01",1210799.63841355,90.9588607861765,91.0799181862581,9.8,6291400,8461800,0.125,0.15,0.12,3.4,2084.74714285714,1688.01333333333,92.1304771004295
"2009-10-01",1216694.03837254,91.0791139558574,91.3533338888848,10,6382700,8488100,0.125,0.12,0.07,3.39,2122.84954545455,1722.00090909091,90.812490512461
"2009-11-01",1222805.74659206,91.2880767445878,91.659238803089,9.9,6457700,8517300,0.125,0.12,0.05,3.4,2143.5325,1761.787,90.1910009018743
"2009-12-01",1223312.4650354,91.3250158529382,91.7069177759236,9.9,6503100,8512500,0.125,0.12,0.05,3.59,2220.6,1816.54090909091,90.1267088731929
"2010-01-01",1228696.28575235,91.4053429781456,91.7664110075137,9.8,6513800,8478000,0.125,0.11,0.06,3.73,2267.7747368421,1850.21947368421,90.4160230022591
"2010-02-01",1228076.61775198,91.4421541528467,91.6790698802857,9.8,6591600,8527600,0.125,0.13,0.11,3.69,2194.44,1784.73473684211,91.2518193751172
"2010-03-01",1234379.59649567,91.6325587354526,91.7094494027998,9.9,6630000,8523700,0.125,0.16,0.15,3.73,2362.24391304348,1920.61608695652,90.7374831456661
"2010-04-01",1239725.31582322,91.8902633471962,91.7305462934345,9.9,6691900,8555100,0.125,0.2,0.16,3.85,2475.72,2010.96,90.2445775924421
"2010-05-01",1252224.63852701,91.9459475948158,91.6828673206,9.6,6768500,8609300,0.125,0.2,0.16,3.42,2319.239,1893.219,92.9448427970604
"2010-06-01",1253098.29564975,91.9827006666438,91.6444709796447,9.4,6804100,8628400,0.125,0.18,0.12,3.2,2235.22954545455,1847.17545454545,93.6091937601014
"2010-07-01",1256915.32801088,92.1217659338544,91.815777731599,9.4,6836800,8639800,0.125,0.18,0.16,3.01,2210.27380952381,1827.20476190476,91.9911777049532
"2010-08-01",1261536.10881493,92.2166332364194,91.9499539560362,9.5,6913500,8688200,0.125,0.19,0.16,2.7,2205.28136363636,1839.07454545455,91.0375126128459
"2010-09-01",1266950.31317419,92.3191450270763,92.098476066105,9.5,6975800,8718900,0.125,0.19,0.15,2.65,2298.34619047619,1939.88333333333,89.9552634633759
"2010-10-01",1270801.20371985,92.6002957314557,92.4191488037535,9.4,7057200,8768700,0.125,0.19,0.13,2.54,2441.29571428571,2066.01714285714,87.072837510827
"2010-11-01",1273394.25034181,92.7409432626064,92.6533242897995,9.8,7106600,8789300,0.125,0.19,0.14,2.76,2530.98952380952,2148.4080952381,87.0192608202591
"2010-12-01",1283173.04593834,92.9218127467815,93.025473440597,9.3,7167700,8822900,0.125,0.18,0.14,3.29,2631.56045454545,2211.41181818182,87.5443123878238
"2011-01-01",1277118.86831493,93.0538014910578,93.3271589766742,9.1,7213100,8845200,0.125,0.17,0.15,3.39,2717.2085,2291.243,86.6978006768522
"2011-02-01",1272669.02860818,93.1941290453772,93.6271567615007,9,7290900,8909000,0.125,0.16,0.13,3.58,2783.53578947368,2353.39263157895,85.9798730232433
"2011-03-01",1288074.1030769,93.4414055908923,94.1115413704751,9,7362600,8967000,0.125,0.14,0.1,3.41,2722.28913043478,2298.65173913043,85.594120851155
"2011-04-01",1293329.4932073,93.7161745920658,94.5533102603673,9.1,7441700,9030400,0.125,0.1,0.06,3.46,2797.072,2344.074,84.4690103492307
"2011-05-01",1298201.65134323,93.9170251308793,94.8541519208191,9,7527300,9102700,0.125,0.09,0.04,3.17,2815.07571428571,2364.60571428571,84.6404557590478
"2011-06-01",1297853.60544946,93.9069945357516,94.8541519208191,9.1,7613000,9176700,0.125,0.09,0.04,3,2687.76272727273,2255.07318181818,84.6083097447071
"2011-07-01",1299433.80478305,94.1979878207051,95.1026732924968,9,7790700,9338700,0.125,0.07,0.04,3,2810.5755,2379.4485,84.0403968246881
"2011-08-01",1305875.34367101,94.454743667379,95.4026710773233,9,7986100,9525100,0.125,0.1,0.02,2.3,2504.62304347826,2173.81260869565,84.5011563635714
"2011-09-01",1306610.85154594,94.581776567121,95.6098425433567,9,8024700,9545300,0.125,0.08,0.01,1.98,2524.13619047619,2224.47285714286,86.7728080436471
"2011-10-01",1315878.71630026,94.4682422886391,95.6743990286992,8.8,8071200,9578100,0.125,0.07,0.02,2.15,2594.7819047619,2298.6619047619,87.2978596112118
"2011-11-01",1319153.13157054,94.5572871375453,95.8511909722186,8.6,8133900,9629800,0.125,0.08,0.01,2.01,2606.28904761905,2291.78047619048,87.6407504308459
"2011-12-01",1325532.9021292,94.5464950491697,95.8739756141041,8.5,8195800,9677400,0.125,0.07,0.01,1.98,2601.67,2279.22380952381,87.9729259123664
"2012-01-01",1335511.88798008,94.8204582737706,96.1351551201626,8.3,8285800,9750500,0.125,0.08,0.03,1.97,2743.795,2404.275,87.6728964451866
"2012-02-01",1341945.5991017,95.0644444124376,96.3406388349453,8.3,8355800,9802200,0.125,0.1,0.09,1.97,2928.9805,2567.013,86.258471814196
"2012-03-01",1339743.76291823,95.3511642068549,96.5423251094137,8.2,8419500,9846200,0.125,0.13,0.08,2.17,3035.91590909091,2698.97181818182,87.0299761583727
"2012-04-01",1349769.80614592,95.5563739834864,96.702661478238,8.2,8488000,9899800,0.125,0.14,0.08,2.05,3035.1015,2716.098,87.3942976542339
"2012-05-01",1350538.59849725,95.4346335662064,96.5026629550204,8.2,8547000,9943000,0.125,0.16,0.09,1.8,2900.40909090909,2589.02,88.9587370188143
"2012-06-01",1351470.34535683,95.4213350991087,96.4229167084209,8.2,8627100,10013000,0.125,0.16,0.09,1.62,2850.35476190476,2549.89857142857,90.2124315781014
"2012-07-01",1356324.14106019,95.4878035073042,96.4507646040588,8.2,8695500,10065700,0.125,0.16,0.1,1.53,2920.11428571429,2605.67904761905,89.6230879818553
"2012-08-01",1359853.79713875,96.0429112480235,97.0110980193184,8.1,8774700,10136400,0.125,0.13,0.1,1.68,3032.66652173913,2739.13304347826,89.0015983712686
"2012-09-01",1363707.31180106,96.4557394301097,97.4739637998453,7.8,8865300,10216600,0.125,0.14,0.11,1.72,3136.80263157895,2820.91684210526,87.6514657689594
"2012-10-01",1366729.46573546,96.6298712856626,97.7368310571546,7.8,8946400,10282800,0.125,0.16,0.1,1.75,3060.2619047619,2735.88476190476,87.1371295395083
"2012-11-01",1367248.60848614,96.4216160744804,97.5726972480161,7.7,9021300,10351800,0.125,0.16,0.09,1.65,2941.01523809524,2616.61761904762,87.3085749493254
"2012-12-01",1371126.67577839,96.3788343276799,97.5608829892606,7.9,9145100,10474400,0.125,0.16,0.07,1.72,3003.792,2658.7545,86.258471814196
"2013-01-01",1376956.93334135,96.5593829595261,97.7541305074751,8,9172300,10497600,0.125,0.14,0.07,1.91,3125.91333333333,2736.90095238095,86.4727785764673
"2013-02-01",1391519.60044416,97.089784223764,98.284928275846,7.7,9208900,10516600,0.125,0.15,0.1,1.98,3169.21315789474,2748.19157894737,87.2014215681897
"2013-03-01",1393570.71621449,96.9267195430378,98.0085590085305,7.5,9267600,10572900,0.125,0.14,0.09,1.96,3236.167,2795.3255,88.155086660297
"2013-04-01",1390083.31650981,96.9103632223358,97.8039191693732,7.6,9303900,10600400,0.125,0.15,0.06,1.76,3251.35181818182,2818.56318181818,87.6407504308459
"2013-05-01",1392653.8497056,97.035353763838,97.844425199392,7.5,9354400,10634700,0.125,0.11,0.04,1.93,3440.37545454545,2981.18772727273,88.2729553795462
"2013-06-01",1399434.58378459,97.2569620743618,98.0773348719999,7.5,9409100,10692300,0.125,0.09,0.05,2.3,3416.7415,2937.3065,89.0015983712686
"2013-07-01",1400848.43895255,97.3862984415621,98.2693165767763,7.3,9454400,10731500,0.125,0.09,0.04,2.58,3559.71090909091,3033.03454545455,89.4945039244926
"2013-08-01",1413628.28237237,97.5808791887758,98.503914000635,7.2,9517700,10789600,0.125,0.08,0.04,2.74,3639.92863636364,3105.46545454545,89.2159051335399
"2013-09-01",1423982.77867508,97.6620534074117,98.5410445281522,7.2,9581300,10850000,0.125,0.08,0.02,2.81,3731.262,3187.5295,88.7872916089973
"2013-10-01",1428371.65040632,97.8553245926919,98.5937867547392,7.2,9711500,10974200,0.125,0.09,0.05,2.62,3848.20217391304,3291.95173913043,87.5443123878238
"2013-11-01",1433978.48486588,98.063133001512,98.7756419520109,6.9,9731000,10982900,0.125,0.08,0.07,2.72,3957.5325,3399.446,87.98364125048
"2013-12-01",1435654.6147278,98.2590963085207,99.0368214580694,6.7,9797700,11047800,0.125,0.09,0.07,2.9,4075.88476190476,3513.76095238095,87.9300645599121
"2014-01-01",1425862.23161467,98.3754083668302,99.2769040734931,6.6,9884900,11117600,0.125,0.07,0.04,2.86,4154.36095238095,3557.89,88.894444990133
"2014-02-01",1430572.49144928,98.3830379470822,99.3861859669812,6.7,9956300,11183200,0.125,0.07,0.05,2.71,4199.45105263158,3614.94736842105,88.9801676950415
"2014-03-01",1442999.77693605,98.5352976403371,99.5891380548878,6.7,9997200,11219100,0.125,0.08,0.05,2.72,4276.35904761905,3661.11142857143,89.2909125003349
"2014-04-01",1448998.80562854,98.7807359699189,99.7747906924738,6.2,10045300,11264000,0.125,0.09,0.03,2.71,4119.30619047619,3554.44952380952,89.1194670905178
"2014-05-01",1459973.00398874,99.0073844071358,99.9646627081868,6.3,10112400,11328500,0.125,0.09,0.03,2.56,4135.37428571429,3621.10761904762,89.0444597237229
"2014-06-01",1470655.19038272,99.175869405756,100.09672924356,6.1,10173200,11383700,0.125,0.1,0.04,2.6,4332.73857142857,3792.10714285714,89.3444891909027
"2014-07-01",1481055.84317217,99.3241791913474,100.20938663955,6.2,10233700,11438400,0.125,0.09,0.03,2.54,4434.12590909091,3926.73636363636,89.0873210761771
"2014-08-01",1482743.73518246,99.3889780817189,100.193353002668,6.1,10256200,11462500,0.125,0.09,0.03,2.42,4464.83142857143,3979.40238095238,89.5909419675147
"2014-09-01",1487257.42164536,99.4720483775922,100.200525945484,5.9,10306200,11503700,0.125,0.09,0.02,2.53,4551.58619047619,4070.29476190476,90.6839064550983
"2014-10-01",1485472.8811448,99.5631079735472,100.180694868287,5.7,10376600,11577500,0.125,0.09,0.02,2.3,4403.23043478261,3964.63695652174,91.5089874898428
"2014-11-01",1493677.66748465,99.5081508030018,99.992088666012,5.8,10430000,11618200,0.125,0.09,0.02,2.33,4687.70210526316,4221.09105263158,92.5162292725178
"2014-12-01",1498869.20137055,99.4117012199483,99.6836521249316,5.6,10522800,11701900,0.125,0.12,0.03,2.21,4732.70136363636,4260.77,94.0485226227576
"2015-01-01",1495718.86960687,99.0925634814681,99.0486357168249,5.7,10614600,11788800,0.125,0.11,0.03,1.88,4673.7015,4182.642,95.8486994258365
"2015-02-01",1504784.72390155,99.477249630348,99.2996887153787,5.5,10744600,11905600,0.125,0.11,0.02,1.98,4854.25578947368,4343.4047368421,97.0273866183286
"2015-03-01",1515378.65649156,99.747684354155,99.5671972886276,5.4,10754300,11903700,0.125,0.11,0.03,2.04,4938.01090909091,4389.15772727273,99.0525855217923
"2015-04-01",1519270.40162876,99.7646879131406,99.6709939905507,5.4,10800800,11937600,0.125,0.12,0.02,1.94,4985.95142857143,4418.90619047619,98.5061032780005
"2015-05-01",1524136.74571989,100.018790883672,99.9996835466405,5.6,10844900,11965000,0.125,0.12,0.02,2.2,5029.4315,4476.386,98.0667744153444
"2015-06-01",1526538.85265134,100.249148229902,100.276474751769,5.3,10890400,12005600,0.125,0.13,0.02,2.36,5073.04181818182,4481.68272727273,99.0097241693381
"2015-07-01",1534277.34169796,100.353158355761,100.435545307155,5.2,10941600,12049200,0.125,0.13,0.03,2.32,5082.81,4528.31136363636,100.584878872032
"2015-08-01",1533925.01406115,100.345782911069,100.435123369342,5.1,10990400,12093700,0.125,0.14,0.07,2.17,4934.62285714286,4422.3280952381,101.999303503023
"2015-09-01",1532204.1442409,100.129598890168,100.20938663955,5,11055500,12154800,0.125,0.14,0.02,2.17,4748.00476190476,4261.6080952381,102.385055675111
"2015-10-01",1536048.1275046,100.221953026378,100.308542025534,5,11108000,12206100,0.125,0.12,0.02,2.07,4879.03681818182,4445.48909090909,101.388529230549
"2015-11-01",1536748.1114959,100.347954759414,100.428372364339,5.1,11201700,12297500,0.125,0.12,0.12,2.26,5082.5075,4653.2205,102.813669199654
"2015-12-01",1535988.01099949,100.251427564526,100.320356284289,5,11263300,12368700,0.375,0.24,0.23,2.24,5040.54,4628.01318181818,103.317290090991
"2016-01-01",1546213.48042514,100.164141372724,100.274365062705,4.8,11328300,12506000,0.375,0.34,0.26,2.09,4610.71421052632,4259.32421052632,105.803248533338
"2016-02-01",1542947.48599577,100.044806374212,100.141032713893,4.9,11399400,12578200,0.375,0.38,0.31,1.78,4463.206,4129.5655,104.324531873666
"2016-03-01",1542322.2835791,100.352715343066,100.454954446539,5,11468200,12629000,0.375,0.36,0.29,1.89,4754.47954545455,4377.11136363636,102.577931761155
"2016-04-01",1553524.17351553,100.669457145737,100.839761731717,5.1,11562500,12708000,0.375,0.37,0.23,1.81,4892.1680952381,4491.74428571429,101.259945173187
"2016-05-01",1556544.87405526,100.868756433901,101.07815659589,4.8,11635500,12775000,0.375,0.37,0.27,1.81,4788.23523809524,4379.42666666667,102.674369804177
"2016-06-01",1567856.45242922,101.063963537039,101.358745241333,4.9,11710500,12835400,0.375,0.38,0.27,1.64,4856.23227272727,4426.97818181818,103.338720767218
"2016-07-01",1570204.37152699,100.96018606931,101.307690765996,4.8,11776300,12889700,0.375,0.39,0.3,1.5,5023.989,4592.5525,103.778049629874
"2016-08-01",1573858.6209203,101.098362779725,101.495031154833,4.9,11881800,12973900,0.375,0.4,0.3,1.56,5217.03826086957,4785.70608695652,102.856530552108
"2016-09-01",1579096.75755272,101.318247175917,101.761273914644,5,11969600,13034200,0.375,0.4,0.29,1.63,5254.15428571429,4813.3119047619,103.520881515149
"2016-10-01",1585957.38831034,101.513446301576,101.999668778817,4.9,12043300,13107500,0.375,0.4,0.33,1.76,5255.98904761905,4845.31238095238,104.356677888007
"2016-11-01",1586067.17667821,101.597227100742,102.119921055435,4.7,12102200,13181000,0.375,0.41,0.45,2.14,5260.56523809524,4791.78047619048,106.789059639786
"2016-12-01",1600320.18501145,101.735148596229,102.377725058992,4.7,12155200,13226100,0.625,0.54,0.51,2.49,5413.11666666667,4886.32857142857,108.396360356821
"2017-01-01",1606501.8895329,102.040087116263,102.791646053246,4.7,12239400,13300700,0.625,0.65,0.51,2.43,5561.4235,5056.7985,108.599951780978
"2017-02-01",1604775.73527979,102.190770614272,102.955357924572,4.6,12310100,13367300,0.625,0.66,0.52,2.42,5764.70210526316,5261.22631578947,106.98193572583
"2017-03-01",1608743.37518732,102.169558489662,102.907257013925,4.4,12362100,13428700,0.875,0.79,0.74,2.48,5864.96391304348,5386.22130434783,106.392592129584
"2017-04-01",1617108.03177768,102.365482566492,103.034260295546,4.4,12408500,13484700,0.875,0.9,0.8,2.3,5912.16947368421,5447.85684210526,105.59965710918
"2017-05-01",1617061.5987279,102.3700509575,102.954514048947,4.4,12455900,13536700,0.875,0.91,0.89,2.3,6124.87818181818,5687.35954545455,105.160328246524
"2017-06-01",1625491.11949442,102.464367819718,103.021602161165,4.3,12472900,13558500,1.125,1.04,0.98,2.19,6224.28590909091,5766.96318181818,103.778049629874
"2017-07-01",1633135.21093264,102.508178037862,103.055357186181,4.3,12520800,13615400,1.125,1.15,1.07,2.32,6294.674,5816.113,102.299332970202
"2017-08-01",1639636.82110008,102.895537568662,103.451978730115,4.4,12561900,13674600,1.125,1.16,1.01,2.21,6311.39739130435,5874.41695652174,101.013492396575
"2017-09-01",1650376.71796728,103.374084311546,103.98024487161,4.3,12594600,13723000,1.125,1.15,1.03,2.2,6428.079,5954.9345,100.274134066739
"2017-10-01",1663119.6882392,103.37787113818,104.060834993834,4.2,12642800,13782300,1.125,1.15,1.07,2.36,6603.01136363636,6088.49,101.838573431319
"2017-11-01",1669487.8909395,103.585564464558,104.338470074588,4.2,12668500,13814900,1.125,1.16,1.23,2.35,6796.04523809524,6328.19285714286,101.817142755092
"2017-12-01",1676664.4208213,103.714627387427,104.558299675002,4.1,12719700,13873800,1.375,1.3,1.32,2.4,6889.7405,6397.9725,101.131361115824
"2018-01-01",1686414.82414365,104.03888208637,105.003022129583,4,12727900,13883200,1.375,1.41,1.41,2.58,7279.4980952381,6790.46666666667,99.331184312745
"2018-02-01",1695057.95415546,104.277485327325,105.285720464089,4.1,12752000,13919300,1.375,1.42,1.57,2.86,7161.77263157895,6704.4252631579,98.248935163275
"2018-03-01",1700665.4717009,104.337720894553,105.305973479099,4,12791500,13976000,1.625,1.51,1.7,2.84,7311.50571428571,6844.88666666667,98.7739867308396
"2018-04-01",1716695.91325561,104.678913940692,105.580233057351,4,12795400,13993900,1.625,1.69,1.76,2.87,7084.1410952381,6606.89542857143,99.0418701836788
"2018-05-01",1708378.66160437,105.041520187253,105.818627921524,3.8,12827700,14049600,1.625,1.7,1.86,2.98,7339.32736363636,6875.9325,102.117172222272
"2018-06-01",1720153.42514003,105.145587979577,105.913985867193,4,12867600,14109900,1.875,1.82,1.9,2.91,7645.13914285714,7159.60228571429,103.842341658556
"2018-07-01",1724470.40269598,105.228831057794,105.996685678481,3.8,12882800,14144200,1.875,1.91,1.96,2.89,7756.86314285714,7296.62514285714,104.110225111395
"2018-08-01",1736007.45726692,105.387937691103,106.186135756382,3.8,12911200,14193900,1.875,1.91,2.03,2.89,7892.233,7453.0897826087,104.613846002732
"2018-09-01",1739204.6400371,105.607281095012,106.40512148117,3.7,12924000,14229300,2.125,1.95,2.13,3,7983.30736842105,7527.97947368421,104.603130664619
"2018-10-01",1739161.39031981,105.867261019486,106.654064790661,3.8,12917700,14241400,2.125,2.19,2.25,3.15,7527.08391304348,7171.58,105.181758922751
"2018-11-01",1741237.99344904,105.814815526228,106.578959860001,3.8,12911500,14260800,2.125,2.2,2.33,3.12,7236.08142857143,6855.03,106.124708676745
"2018-12-01",1749067.36623114,105.904226058042,106.651955101597,3.9,13009700,14382600,2.375,2.27,2.37,2.83,6814.29157894737,6497.97947368421,105.59965710918
"2019-01-01",1750069.34017347,105.879013879574,106.565035912182,4,13018200,14446100,2.375,2.4,2.37,2.71,6979.65571428571,6619.82,104.36739322612
"2019-02-01",1757312.51604269,106.177406215489,106.884864774205,3.8,13028000,14481200,2.375,2.4,2.39,2.68,7430.07736842105,7021.05157894737,104.056648420827
"2019-03-01",1770518.14378385,106.480896133518,107.289081198768,3.8,13034400,14526200,2.375,2.41,2.4,2.57,7629.36666666667,7254.17571428571,104.678138031414
"2019-04-01",1775160.45850463,106.761722814384,107.692453747704,3.7,13042500,14554500,2.375,2.42,2.38,2.53,7995.06377272727,7661.90522727273,105.031744189161
"2019-05-01",1783245.22553504,106.725555461287,107.719035829904,3.6,13130300,14652400,2.375,2.39,2.35,2.4,7804.82090909091,7480.98454545455,106.210431381654
"2019-06-01",1791078.81596033,106.698484236026,107.68401499145,3.6,13232500,14771400,2.375,2.38,2.17,2.07,7825.459,7505.1485,105.824679209565
"2019-07-01",1796414.81914966,107.030253482136,107.932536363128,3.7,13293800,14853500,2.375,2.4,2.1,2.06,8205.59863636364,7897.82954545455,105.41749636125
"2019-08-01",1814078.21139336,107.063627027716,108.031269811299,3.6,13355900,14934700,2.125,2.13,1.95,1.63,7910.93318181818,7619.755,107.13195045942
"2019-09-01",1818799.71945698,107.109843254444,108.197513309501,3.5,13439300,15031400,1.875,2.04,1.89,1.7,8087.7,7813.958,107.271249854896
"2019-10-01",1818200.63234741,107.211078958845,108.503418223705,3.6,13559900,15167300,1.625,1.83,1.65,1.71,8079.27826086957,7859.69913043478,106.53189152506
"2019-11-01",1831777.87345391,107.353055301315,108.808901200097,3.6,13660600,15276900,1.625,1.55,1.54,1.81,8517.5775,8284.3575,105.963978605042
"2019-12-01",1833325.74419868,107.637670403135,109.125776497431,3.6,13750200,15348000,1.625,1.55,1.54,1.86,8778.59142857143,8527.36095238095,105.138897570297
"2020-01-01",1825333.50390023,107.939255166408,109.335479590341,3.6,13844100,15416800,1.625,1.55,1.52,1.76,9233.35952380952,9031.15095238095,104.63527667896
"2020-02-01",1829895.35267975,108.01546147814,109.387377941302,3.5,13931300,15467000,1.625,1.58,1.52,1.5,9418.84894736842,9297.46210526316,105.824679209565
"2020-03-01",1776685.39342003,107.730984448373,108.892022949198,4.4,14445900,15993800,0.125,0.65,0.29,0.87,7772.20590909091,7835.44409090909,109.74649295913
"2020-04-01",1616563.71650748,107.512644503555,108.029582060048,14.8,15407100,17005800,0.125,0.05,0.14,0.66,8292.40714285714,8436.99857142857,111.878845243729
"2020-05-01",1640301.23031001,107.358034630766,107.932536363128,13.2,16231500,17853400,0.125,0.05,0.13,0.67,9105.6555,9208.0125,111.343078338051
"2020-06-01",1726996.05318251,107.619923683878,108.45573925087,11,16554500,18141100,0.125,0.08,0.16,0.73,9839.97,9898.71,109.049995981748
"2020-07-01",1789047.2105563,108.081924926421,109.008477785502,10.2,16761700,18298000,0.125,0.09,0.13,0.62,10499.8627272727,10658.3086363636,108.482083061729
"2020-08-01",1813715.74673175,108.475464044,109.41522583694,8.4,16879500,18364300,0.125,0.1,0.1,0.65,11212.2904761905,11406.4952380952,107.089089106966
"2020-09-01",1818374.79271195,108.757705500504,109.702565487386,7.8,17159200,18596600,0.125,0.09,0.11,0.68,11088.6795238095,11330.8414285714,106.34973077713
"2020-10-01",1822206.9618891,108.824397109745,109.838429463074,6.9,17360500,18751300,0.125,0.09,0.1,0.79,11435.2340909091,11604.9790909091,105.610372447294
"2020-11-01",1832206.51739858,109.088954500809,110.088216648189,6.7,17618500,18979100,0.125,0.09,0.09,0.87,11794.5155,11893.2825,103.960210377805
"2020-12-01",1862778.27071231,109.610433133215,110.566694127786,6.7,17827900,19133200,0.125,0.09,0.09,0.93,12619.0509090909,12622.0827272727,101.860004107546
"2021-01-01",1888963.15813027,110.026493052325,110.817325188527,6.4,18088500,19359700,0.125,0.09,0.08,1.08,13186.6057894737,13048.0742105263,101.388529230549
"2021-02-01",1864483.64054073,110.647807497833,111.211415105585,6.2,18349100,19596700,0.125,0.08,0.04,1.26,13737.4036842105,13473.78,101.784996740751
"2021-03-01",1910751.451329,111.005458720681,111.748963878959,6.1,18607900,19823400,0.125,0.07,0.03,1.61,13168.8113043478,12900.192173913,103.681611586852
"2021-04-01",1924194.76567366,111.572354242291,112.499169309931,6.1,18968300,20160700,0.125,0.07,0.02,1.64,13900.4380952381,13832.3414285714,103.745903615534
"2021-05-01",1947505.04612014,112.172554270713,113.249796678717,5.8,19254000,20426900,0.125,0.06,0.02,1.62,13517.6825,13466.8035,103.10298332872
"2021-06-01",1970515.4382062,113.062704468181,114.222785274792,5.9,19320200,20474700,0.125,0.08,0.04,1.52,14097.1690909091,14064.4881818182,104.142371125736
"2021-07-01",1986734.79648162,113.605167541601,114.752317229725,5.4,19489100,20628700,0.125,0.1,0.05,1.32,14639.0728571429,14849.6628571429,105.610372447294
"2021-08-01",1996206.15853592,113.912893834831,115.084382288316,5.1,19687000,20811000,0.125,0.09,0.05,1.28,14856.5177272727,15173.0027272727,105.846109885792
"2021-09-01",1997556.79498247,114.354402346511,115.586488285424,4.7,19867300,20978600,0.125,0.08,0.04,1.37,15023.5385714286,15315.1314285714,105.738956504657
"2021-10-01",2041455.57048202,115.170866213466,116.677619469055,4.5,20047200,21142900,0.125,0.08,0.05,1.58,14879.0123809524,15143.7252380952,106.617614229969
"2021-11-01",2071809.27684956,115.948455000482,117.646388687003,4.2,20235200,21316700,0.125,0.08,0.05,1.56,15814.9328571429,16237.2052380952,107.485556617168
"2021-12-01",2080994.65266843,116.695790501968,118.482669431766,3.9,20398900,21470900,0.125,0.08,0.06,1.47,15474.4318181818,16135.4222727273,108.246345623231
"2022-01-01",2083287.42274085,117.394047871759,119.215153474605,4,20519700,21585900,0.125,0.08,0.15,1.76,14531.3775,15207.219,108.107046227755
"2022-02-01",2097449.37234484,118.170175253698,120.05185615718,3.8,20640300,21684200,0.125,0.08,0.33,1.93,13898.7278947368,14428.7121052632,108.03203886096
"2022-03-01",2123135.9549143,119.321492840861,121.29319720213,3.7,20684100,21720800,0.375,0.2,0.44,2.13,13623.2630434783,14151.3095652174,109.767923635357
"2022-04-01",2130276.20623453,119.784651636579,121.763657863286,3.7,20727100,21749600,0.375,0.33,0.76,2.75,13394.163,13964.7175,110.539427979534
"2022-05-01",2148314.12802623,120.851010076136,122.910062900379,3.6,20669100,21689900,0.875,0.77,0.98,2.9,11829.7295238095,12375.0085714286,113.77546008983
"2022-06-01",2172857.41573924,122.307404134531,124.502034267679,3.6,20592600,21642500,1.625,1.21,1.49,3.14,11418.919047619,11918.65,115.104162015912
"2022-07-01",2177167.77860613,122.178178455865,124.446338476404,3.5,20531700,21641800,2.375,1.68,2.23,2.9,11622.6315,12140.1915,117.011492200127
"2022-08-01",2184948.47328966,122.204958203111,124.540008670822,3.6,20434900,21606600,2.375,2.33,2.63,2.9,12570.2604347826,13090.3482608696,116.465009956335
"2022-09-01",2205886.49810421,122.642468698108,125.071228377006,3.5,20281000,21520500,3.125,2.56,3.13,3.52,11402.85,11841.0014285714,119.218851851521
"2022-10-01",2225305.93140777,123.227777851282,125.728607489185,3.6,20092300,21424600,3.125,3.08,3.72,3.98,10801.4942857143,11212.3928571429,121.072605345168
"2022-11-01",2234135.14545437,123.531776682141,126.03620015464,3.6,19922500,21358000,3.875,3.78,4.15,3.89,10973.6380952381,11458.0619047619,118.07231067337
"2022-12-01",2224128.17313786,123.660621013678,126.07839393591,3.5,19671300,21219300,4.375,4.1,4.25,3.62,10838.9957142857,11365.1671428571,115.125592692139
"2023-01-01",2254459.80071938,124.345862922158,126.773747451232,3.5,19527600,21205100,4.375,4.33,4.54,3.53,11013.991,11496.2645,113.250408522266
"2023-02-01",2266499.04795927,124.735788642461,127.204124020181,3.6,19385500,21184600,4.625,4.57,4.65,3.75,11785.0742105263,12372.2036842105,113.796890766057
"2023-03-01",2270130.90132135,124.709344601864,127.274587634901,3.5,18925500,20876300,4.875,4.65,4.69,3.66,11637.092173913,12429.8947826087,114.471957067212
"2023-04-01",2285077.06596378,124.998389506403,127.787242077326,3.4,18615300,20729900,4.875,4.83,4.92,3.46,12073.4642105263,13025.9573684211,113.539722651332
"2023-05-01",2287892.79647056,125.092436700816,127.980489595541,3.6,18549000,20801400,5.125,5.06,5.14,3.57,12446.5304545455,13555.78,114.396949700417
"2023-06-01",2290483.88756566,125.405034161303,128.310866902882,3.6,18434700,20782600,5.125,5.08,5.16,3.75,13463.7776190476,14808.0585714286,114.922001267982
"2023-07-01",2311926.9415874,125.641697996608,128.528586814232,3.5,18342100,20772300,5.375,5.12,5.25,3.9,14033.091,15445.129,113.839752118512
"2023-08-01",2330616.95588227,126.220775446099,129.171198102968,3.7,18226200,20746900,5.375,5.33,5.3,4.17,13743.2130434783,15144.8513043478,115.414906821206
"2023-09-01",2349380.35253032,126.602298162633,129.692713239459,3.8,18124600,20720000,5.375,5.33,5.32,4.38,13585.8395,15089.024,116.936484833332
"2023-10-01",2347085.39188594,126.563945347543,129.810433889201,3.9,18022900,20687300,5.375,5.33,5.34,4.8,13199.4277272727,14763.2063636364,118.361624802436
"2023-11-01",2360386.85983,126.593580660335,129.993554899911,3.7,17957800,20696800,5.375,5.33,5.27,4.5,13913.1604761905,15609.5580952381,116.186411165382
"2023-12-01",2366769.49828405,126.770071598386,130.266970602538,3.8,17915200,20701400,5.375,5.33,5.24,4.02,14690.493,16452.505,114.289796319281
"2024-01-01",2362906.1252934,127.180712501665,130.713802746182,3.7,17943300,20773300,5.375,5.33,5.22,4.06,15081.3876190476,16977.2023809524,115.114877354026
"2024-02-01",2393200.28456953,127.588216761888,131.231942380172,3.9,17984100,20861600,5.375,5.33,5.24,4.21,15808.935,17764.316,115.779228317067
"2024-03-01",2399910.84013706,127.997897708455,131.689744906947,3.9,17980800,20901500,5.375,5.33,5.24,4.21,16216.2955,18138.1935,116.143549812928
"2024-04-01",2404379.54075657,128.346802461233,132.073286378687,3.9,17974100,20932900,5.375,5.33,5.24,4.54,15950.8636363636,17776.5027272727,117.536543767691
"2024-05-01",2418683.37276559,128.394202326385,132.125606667461,4,18002800,20997100,5.375,5.33,5.25,4.48,16536.3172727273,18351.1004545455,117.375813695988
"2024-06-01",2431115.58647784,128.433310760791,132.121809227147,4.1,18039000,21065500,5.375,5.33,5.24,4.31,17495.8915789474,19419.0942105263,118.972399074909
"2024-07-01",2436366.689028,128.71248387233,132.30535217567,4.2,18036900,21098200,5.375,5.33,5.2,4.25,17963.2909090909,19818.54,118.361624802436
"2024-08-01",2454206.04311516,128.974727487773,132.543747039843,4.2,18091200,21185700,,5.33,5.05,3.87,17268.2686363636,19070.0495454545,
"2024-09-01",2453155.76785684,129.302568217509,132.847542264983,4.1,18156800,21272200,,5.13,4.72,3.72,17599.23,19434.1205,
"2024-10-01",,,133.148383925435,4.1,18219200,21335500,,4.83,4.51,4.1,18316.1156521739,20172.1543478261,
"2024-11-01",,,133.521798889671,4.2,18338600,21454500,,4.64,4.42,4.36,18961.3995,20726.958,
"2024-12-01",,,134.008715125521,4.1,18376000,21490100,,4.48,4.27,4.39,19734.5638095238,21493.3504761905,
"2025-01-01",,,134.634448901749,4,18464000,21577100,,4.33,4.21,4.63,19565.044,21322.882,
"2025-02-01",,,134.925164054696,4.1,18531300,21671000,,4.33,4.22,4.45,19547.2805263158,21585.9426315789,
"2025-03-01",,,134.857654004665,4.2,,,,4.33,4.2,4.28,17828.0261904762,19819.1519047619,
"2025-04-01",,,,,,,,,,,16455.0685714286,18371.93,
